[2026-04-02 16:45:31.637] 在线连接:   0  |  收到数据:        0 B  |  解析完整帧:      0 帧  |  发送帧:      0 帧  (       0 B)  [帧头:EAEAEAEA  帧尾:AEAEAEAE]
[2026-04-02 16:45:32.638] 在线连接:   0  |  收到数据:        0 B  |  解析完整帧:      0 帧  |  发送帧:      0 帧  (       0 B)  [帧头:EAEAEAEA  帧尾:AEAEAEAE]
[2026-04-02 16:45:33.639] 在线连接:   0  |  收到数据:        0 B  |  解析完整帧:      0 帧  |  发送帧:      0 帧  (       0 B)  [帧头:EAEAEAEA  帧尾:AEAEAEAE]
[2026-04-02 16:45:34.639] 在线连接:   0  |  收到数据:        0 B  |  解析完整帧:      0 帧  |  发送帧:      0 帧  (       0 B)  [帧头:EAEAEAEA  帧尾:AEAEAEAE]
[2026-04-02 16:45:35.640] 在线连接:   0  |  收到数据:        0 B  |  解析完整帧:      0 帧  |  发送帧:      0 帧  (       0 B)  [帧头:EAEAEAEA  帧尾:AEAEAEAE]
[2026-04-02 16:45:36.641] 在线连接:   0  |  收到数据:        0 B  |  解析完整帧:      0 帧  |  发送帧:      0 帧  (       0 B)  [帧头:EAEAEAEA  帧尾:AEAEAEAE]
[2026-04-02 16:45:37.641] 在线连接:   0  |  收到数据:        0 B  |  解析完整帧:      0 帧  |  发送帧:      0 帧  (       0 B)  [帧头:EAEAEAEA  帧尾:AEAEAEAE]
[2026-04-02 16:45:38.642] 在线连接:   0  |  收到数据:        0 B  |  解析完整帧:      0 帧  |  发送帧:      0 帧  (       0 B)  [帧头:EAEAEAEA  帧尾:AEAEAEAE]
[2026-04-02 16:45:39.643] 在线连接:   0  |  收到数据:        0 B  |  解析完整帧:      0 帧  |  发送帧:      0 帧  (       0 B)  [帧头:EAEAEAEA  帧尾:AEAEAEAE]
[2026-04-02 16:45:40.643] 在线连接:   0  |  收到数据:        0 B  |  解析完整帧:      0 帧  |  发送帧:      0 帧  (       0 B)  [帧头:EAEAEAEA  帧尾:AEAEAEAE]
[2026-04-02 16:45:41.645] 在线连接:   0  |  收到数据:        0 B  |  解析完整帧:      0 帧  |  发送帧:      0 帧  (       0 B)  [帧头:EAEAEAEA  帧尾:AEAEAEAE]
[2026-04-02 16:45:42.645] 在线连接:   0  |  收到数据:        0 B  |  解析完整帧:      0 帧  |  发送帧:      0 帧  (       0 B)  [帧头:EAEAEAEA  帧尾:AEAEAEAE]
[2026-04-02 16:45:43.646] 在线连接:   0  |  收到数据:        0 B  |  解析完整帧:      0 帧  |  发送帧:      0 帧  (       0 B)  [帧头:EAEAEAEA  帧尾:AEAEAEAE]
[2026-04-02 16:45:44.646] 在线连接:   0  |  收到数据:        0 B  |  解析完整帧:      0 帧  |  发送帧:      0 帧  (       0 B)  [帧头:EAEAEAEA  帧尾:AEAEAEAE]
[2026-04-02 16:45:45.647] 在线连接:   0  |  收到数据:        0 B  |  解析完整帧:      0 帧  |  发送帧:      0 帧  (       0 B)  [帧头:EAEAEAEA  帧尾:AEAEAEAE]
[2026-04-02 16:45:46.648] 在线连接:   0  |  收到数据:        0 B  |  解析完整帧:      0 帧  |  发送帧:      0 帧  (       0 B)  [帧头:EAEAEAEA  帧尾:AEAEAEAE]
[2026-04-02 16:45:47.649] 在线连接:   0  |  收到数据:        0 B  |  解析完整帧:      0 帧  |  发送帧:      0 帧  (       0 B)  [帧头:EAEAEAEA  帧尾:AEAEAEAE]
[2026-04-02 16:45:48.649] 在线连接:   0  |  收到数据:        0 B  |  解析完整帧:      0 帧  |  发送帧:      0 帧  (       0 B)  [帧头:EAEAEAEA  帧尾:AEAEAEAE]
[2026-04-02 16:45:49.650] 在线连接:   1  |  收到数据:        0 B  |  解析完整帧:      0 帧  |  发送帧:      0 帧  (       0 B)  [帧头:EAEAEAEA  帧尾:AEAEAEAE]
[2026-04-02 16:45:50.651] 在线连接:   1  |  收到数据:        0 B  |  解析完整帧:      0 帧  |  发送帧:      0 帧  (       0 B)  [帧头:EAEAEAEA  帧尾:AEAEAEAE]
[2026-04-02 16:45:51.652] 在线连接:   1  |  收到数据:     1036 B  |  解析完整帧:     37 帧  |  发送帧:     37 帧  (    1924 B)  [帧头:EAEAEAEA  帧尾:AEAEAEAE]
[2026-04-02 16:45:52.652] 在线连接:   1  |  收到数据:    27916 B  |  解析完整帧:    997 帧  |  发送帧:    997 帧  (   51844 B)  [帧头:EAEAEAEA  帧尾:AEAEAEAE]
[2026-04-02 16:45:53.653] 在线连接:   1  |  收到数据:    28112 B  |  解析完整帧:   1004 帧  |  发送帧:   1004 帧  (   52208 B)  [帧头:EAEAEAEA  帧尾:AEAEAEAE]
[2026-04-02 16:45:54.654] 在线连接:   1  |  收到数据:    28056 B  |  解析完整帧:   1002 帧  |  发送帧:   1002 帧  (   52104 B)  [帧头:EAEAEAEA  帧尾:AEAEAEAE]
[2026-04-02 16:45:55.654] 在线连接:   1  |  收到数据:    27720 B  |  解析完整帧:    990 帧  |  发送帧:    990 帧  (   51480 B)  [帧头:EAEAEAEA  帧尾:AEAEAEAE]
[2026-04-02 16:45:56.655] 在线连接:   1  |  收到数据:    28224 B  |  解析完整帧:   1008 帧  |  发送帧:   1008 帧  (   52416 B)  [帧头:EAEAEAEA  帧尾:AEAEAEAE]
[2026-04-02 16:45:57.656] 在线连接:   1  |  收到数据:    27272 B  |  解析完整帧:    974 帧  |  发送帧:    974 帧  (   50648 B)  [帧头:EAEAEAEA  帧尾:AEAEAEAE]
[2026-04-02 16:45:58.656] 在线连接:   1  |  收到数据:    28672 B  |  解析完整帧:   1024 帧  |  发送帧:   1021 帧  (   53092 B)  [帧头:EAEAEAEA  帧尾:AEAEAEAE]
[2026-04-02 16:45:59.657] 在线连接:   1  |  收到数据:    27776 B  |  解析完整帧:    992 帧  |  发送帧:    995 帧  (   51740 B)  [帧头:EAEAEAEA  帧尾:AEAEAEAE]
[2026-04-02 16:46:00.658] 在线连接:   1  |  收到数据:    27524 B  |  解析完整帧:    983 帧  |  发送帧:    983 帧  (   51116 B)  [帧头:EAEAEAEA  帧尾:AEAEAEAE]
[2026-04-02 16:46:01.659] 在线连接:   1  |  收到数据:    28756 B  |  解析完整帧:   1027 帧  |  发送帧:   1027 帧  (   53404 B)  [帧头:EAEAEAEA  帧尾:AEAEAEAE]
[2026-04-02 16:46:02.659] 在线连接:   1  |  收到数据:    28028 B  |  解析完整帧:   1001 帧  |  发送帧:   1001 帧  (   52052 B)  [帧头:EAEAEAEA  帧尾:AEAEAEAE]
[2026-04-02 16:46:03.660] 在线连接:   1  |  收到数据:    28000 B  |  解析完整帧:   1000 帧  |  发送帧:   1000 帧  (   52000 B)  [帧头:EAEAEAEA  帧尾:AEAEAEAE]
[2026-04-02 16:46:04.661] 在线连接:   1  |  收到数据:    27104 B  |  解析完整帧:    968 帧  |  发送帧:    968 帧  (   50336 B)  [帧头:EAEAEAEA  帧尾:AEAEAEAE]
[2026-04-02 16:46:05.662] 在线连接:   1  |  收到数据:    28560 B  |  解析完整帧:   1020 帧  |  发送帧:   1020 帧  (   53040 B)  [帧头:EAEAEAEA  帧尾:AEAEAEAE]
[2026-04-02 16:46:06.662] 在线连接:   1  |  收到数据:    27636 B  |  解析完整帧:    987 帧  |  发送帧:    987 帧  (   51324 B)  [帧头:EAEAEAEA  帧尾:AEAEAEAE]
[2026-04-02 16:46:07.663] 在线连接:   1  |  收到数据:    28308 B  |  解析完整帧:   1011 帧  |  发送帧:   1011 帧  (   52572 B)  [帧头:EAEAEAEA  帧尾:AEAEAEAE]
[2026-04-02 16:46:08.664] 在线连接:   1  |  收到数据:    27972 B  |  解析完整帧:    999 帧  |  发送帧:    999 帧  (   51948 B)  [帧头:EAEAEAEA  帧尾:AEAEAEAE]
[2026-04-02 16:46:09.665] 在线连接:   1  |  收到数据:    27608 B  |  解析完整帧:    986 帧  |  发送帧:    986 帧  (   51272 B)  [帧头:EAEAEAEA  帧尾:AEAEAEAE]
[2026-04-02 16:46:10.665] 在线连接:   1  |  收到数据:    27300 B  |  解析完整帧:    975 帧  |  发送帧:    975 帧  (   50700 B)  [帧头:EAEAEAEA  帧尾:AEAEAEAE]
[2026-04-02 16:46:11.666] 在线连接:   1  |  收到数据:    27580 B  |  解析完整帧:    985 帧  |  发送帧:    985 帧  (   51220 B)  [帧头:EAEAEAEA  帧尾:AEAEAEAE]
[2026-04-02 16:46:12.667] 在线连接:   1  |  收到数据:    28784 B  |  解析完整帧:   1028 帧  |  发送帧:   1028 帧  (   53456 B)  [帧头:EAEAEAEA  帧尾:AEAEAEAE]
[2026-04-02 16:46:13.668] 在线连接:   1  |  收到数据:    28028 B  |  解析完整帧:   1001 帧  |  发送帧:   1001 帧  (   52052 B)  [帧头:EAEAEAEA  帧尾:AEAEAEAE]
[2026-04-02 16:46:14.669] 在线连接:   1  |  收到数据:    27972 B  |  解析完整帧:    999 帧  |  发送帧:    999 帧  (   51948 B)  [帧头:EAEAEAEA  帧尾:AEAEAEAE]
[2026-04-02 16:46:15.669] 在线连接:   1  |  收到数据:    28000 B  |  解析完整帧:   1000 帧  |  发送帧:   1000 帧  (   52000 B)  [帧头:EAEAEAEA  帧尾:AEAEAEAE]
[2026-04-02 16:46:16.670] 在线连接:   1  |  收到数据:    28112 B  |  解析完整帧:   1004 帧  |  发送帧:   1003 帧  (   52156 B)  [帧头:EAEAEAEA  帧尾:AEAEAEAE]
[2026-04-02 16:46:17.670] 在线连接:   1  |  收到数据:    27916 B  |  解析完整帧:    997 帧  |  发送帧:    998 帧  (   51896 B)  [帧头:EAEAEAEA  帧尾:AEAEAEAE]
[2026-04-02 16:46:18.671] 在线连接:   1  |  收到数据:    28028 B  |  解析完整帧:   1001 帧  |  发送帧:   1001 帧  (   52052 B)  [帧头:EAEAEAEA  帧尾:AEAEAEAE]
[2026-04-02 16:46:19.671] 在线连接:   1  |  收到数据:    28028 B  |  解析完整帧:   1001 帧  |  发送帧:   1001 帧  (   52052 B)  [帧头:EAEAEAEA  帧尾:AEAEAEAE]
[2026-04-02 16:46:20.672] 在线连接:   1  |  收到数据:    27860 B  |  解析完整帧:    995 帧  |  发送帧:    995 帧  (   51740 B)  [帧头:EAEAEAEA  帧尾:AEAEAEAE]
[2026-04-02 16:46:21.673] 在线连接:   1  |  收到数据:    27860 B  |  解析完整帧:    995 帧  |  发送帧:    995 帧  (   51740 B)  [帧头:EAEAEAEA  帧尾:AEAEAEAE]
[2026-04-02 16:46:22.674] 在线连接:   1  |  收到数据:    28308 B  |  解析完整帧:   1011 帧  |  发送帧:   1011 帧  (   52572 B)  [帧头:EAEAEAEA  帧尾:AEAEAEAE]
[2026-04-02 16:46:23.675] 在线连接:   1  |  收到数据:    28028 B  |  解析完整帧:   1001 帧  |  发送帧:   1001 帧  (   52052 B)  [帧头:EAEAEAEA  帧尾:AEAEAEAE]
[2026-04-02 16:46:24.675] 在线连接:   1  |  收到数据:    28000 B  |  解析完整帧:   1000 帧  |  发送帧:   1000 帧  (   52000 B)  [帧头:EAEAEAEA  帧尾:AEAEAEAE]
[2026-04-02 16:46:25.676] 在线连接:   1  |  收到数据:    28084 B  |  解析完整帧:   1003 帧  |  发送帧:   1003 帧  (   52156 B)  [帧头:EAEAEAEA  帧尾:AEAEAEAE]
[2026-04-02 16:46:26.677] 在线连接:   1  |  收到数据:    28000 B  |  解析完整帧:   1000 帧  |  发送帧:   1000 帧  (   52000 B)  [帧头:EAEAEAEA  帧尾:AEAEAEAE]
[2026-04-02 16:46:27.678] 在线连接:   1  |  收到数据:    27972 B  |  解析完整帧:    999 帧  |  发送帧:    999 帧  (   51948 B)  [帧头:EAEAEAEA  帧尾:AEAEAEAE]
[2026-04-02 16:46:28.678] 在线连接:   1  |  收到数据:    27944 B  |  解析完整帧:    998 帧  |  发送帧:    998 帧  (   51896 B)  [帧头:EAEAEAEA  帧尾:AEAEAEAE]
[2026-04-02 16:46:29.679] 在线连接:   1  |  收到数据:    28028 B  |  解析完整帧:   1001 帧  |  发送帧:   1001 帧  (   52052 B)  [帧头:EAEAEAEA  帧尾:AEAEAEAE]
[2026-04-02 16:46:30.680] 在线连接:   1  |  收到数据:    28000 B  |  解析完整帧:   1000 帧  |  发送帧:   1000 帧  (   52000 B)  [帧头:EAEAEAEA  帧尾:AEAEAEAE]
[2026-04-02 16:46:31.681] 在线连接:   1  |  收到数据:    28140 B  |  解析完整帧:   1005 帧  |  发送帧:   1005 帧  (   52260 B)  [帧头:EAEAEAEA  帧尾:AEAEAEAE]
[2026-04-02 16:46:32.682] 在线连接:   1  |  收到数据:    27888 B  |  解析完整帧:    996 帧  |  发送帧:    996 帧  (   51792 B)  [帧头:EAEAEAEA  帧尾:AEAEAEAE]
[2026-04-02 16:46:33.683] 在线连接:   1  |  收到数据:    28000 B  |  解析完整帧:   1000 帧  |  发送帧:   1000 帧  (   52000 B)  [帧头:EAEAEAEA  帧尾:AEAEAEAE]
[2026-04-02 16:46:34.683] 在线连接:   1  |  收到数据:    28084 B  |  解析完整帧:   1003 帧  |  发送帧:   1003 帧  (   52156 B)  [帧头:EAEAEAEA  帧尾:AEAEAEAE]
[2026-04-02 16:46:35.684] 在线连接:   1  |  收到数据:    28168 B  |  解析完整帧:   1006 帧  |  发送帧:   1006 帧  (   52312 B)  [帧头:EAEAEAEA  帧尾:AEAEAEAE]
[2026-04-02 16:46:36.685] 在线连接:   1  |  收到数据:    28000 B  |  解析完整帧:   1000 帧  |  发送帧:   1000 帧  (   52000 B)  [帧头:EAEAEAEA  帧尾:AEAEAEAE]
[2026-04-02 16:46:37.686] 在线连接:   1  |  收到数据:    28028 B  |  解析完整帧:   1001 帧  |  发送帧:   1001 帧  (   52052 B)  [帧头:EAEAEAEA  帧尾:AEAEAEAE]
[2026-04-02 16:46:38.687] 在线连接:   1  |  收到数据:    28028 B  |  解析完整帧:   1001 帧  |  发送帧:   1001 帧  (   52052 B)  [帧头:EAEAEAEA  帧尾:AEAEAEAE]
[2026-04-02 16:46:39.687] 在线连接:   1  |  收到数据:    28028 B  |  解析完整帧:   1001 帧  |  发送帧:   1001 帧  (   52052 B)  [帧头:EAEAEAEA  帧尾:AEAEAEAE]
[2026-04-02 16:46:40.688] 在线连接:   1  |  收到数据:    27888 B  |  解析完整帧:    996 帧  |  发送帧:    996 帧  (   51792 B)  [帧头:EAEAEAEA  帧尾:AEAEAEAE]
[2026-04-02 16:46:41.689] 在线连接:   1  |  收到数据:    28056 B  |  解析完整帧:   1002 帧  |  发送帧:   1002 帧  (   52104 B)  [帧头:EAEAEAEA  帧尾:AEAEAEAE]
[2026-04-02 16:46:42.690] 在线连接:   1  |  收到数据:    28112 B  |  解析完整帧:   1004 帧  |  发送帧:   1004 帧  (   52208 B)  [帧头:EAEAEAEA  帧尾:AEAEAEAE]
[2026-04-02 16:46:43.690] 在线连接:   1  |  收到数据:    27972 B  |  解析完整帧:    999 帧  |  发送帧:    999 帧  (   51948 B)  [帧头:EAEAEAEA  帧尾:AEAEAEAE]
[2026-04-02 16:46:44.691] 在线连接:   1  |  收到数据:    28084 B  |  解析完整帧:   1003 帧  |  发送帧:   1003 帧  (   52156 B)  [帧头:EAEAEAEA  帧尾:AEAEAEAE]
[2026-04-02 16:46:45.692] 在线连接:   1  |  收到数据:    27832 B  |  解析完整帧:    994 帧  |  发送帧:    994 帧  (   51688 B)  [帧头:EAEAEAEA  帧尾:AEAEAEAE]
[2026-04-02 16:46:46.693] 在线连接:   1  |  收到数据:    27888 B  |  解析完整帧:    996 帧  |  发送帧:    996 帧  (   51792 B)  [帧头:EAEAEAEA  帧尾:AEAEAEAE]
[2026-04-02 16:46:47.693] 在线连接:   1  |  收到数据:    27832 B  |  解析完整帧:    994 帧  |  发送帧:    994 帧  (   51688 B)  [帧头:EAEAEAEA  帧尾:AEAEAEAE]
[2026-04-02 16:46:48.695] 在线连接:   1  |  收到数据:    28168 B  |  解析完整帧:   1006 帧  |  发送帧:   1006 帧  (   52312 B)  [帧头:EAEAEAEA  帧尾:AEAEAEAE]
[2026-04-02 16:46:49.696] 在线连接:   1  |  收到数据:    28112 B  |  解析完整帧:   1004 帧  |  发送帧:   1004 帧  (   52208 B)  [帧头:EAEAEAEA  帧尾:AEAEAEAE]
[2026-04-02 16:46:50.697] 在线连接:   1  |  收到数据:    28056 B  |  解析完整帧:   1002 帧  |  发送帧:   1002 帧  (   52104 B)  [帧头:EAEAEAEA  帧尾:AEAEAEAE]
[2026-04-02 16:46:51.697] 在线连接:   1  |  收到数据:    27468 B  |  解析完整帧:    981 帧  |  发送帧:    981 帧  (   51012 B)  [帧头:EAEAEAEA  帧尾:AEAEAEAE]
[2026-04-02 16:46:52.698] 在线连接:   1  |  收到数据:    28476 B  |  解析完整帧:   1017 帧  |  发送帧:   1017 帧  (   52884 B)  [帧头:EAEAEAEA  帧尾:AEAEAEAE]
[2026-04-02 16:46:53.699] 在线连接:   1  |  收到数据:    28084 B  |  解析完整帧:   1003 帧  |  发送帧:   1003 帧  (   52156 B)  [帧头:EAEAEAEA  帧尾:AEAEAEAE]
[2026-04-02 16:46:54.700] 在线连接:   1  |  收到数据:    27916 B  |  解析完整帧:    997 帧  |  发送帧:    997 帧  (   51844 B)  [帧头:EAEAEAEA  帧尾:AEAEAEAE]
[2026-04-02 16:46:55.700] 在线连接:   1  |  收到数据:    28168 B  |  解析完整帧:   1006 帧  |  发送帧:   1006 帧  (   52312 B)  [帧头:EAEAEAEA  帧尾:AEAEAEAE]
[2026-04-02 16:46:56.701] 在线连接:   1  |  收到数据:    27636 B  |  解析完整帧:    987 帧  |  发送帧:    987 帧  (   51324 B)  [帧头:EAEAEAEA  帧尾:AEAEAEAE]
[2026-04-02 16:46:57.702] 在线连接:   1  |  收到数据:    28392 B  |  解析完整帧:   1014 帧  |  发送帧:   1014 帧  (   52728 B)  [帧头:EAEAEAEA  帧尾:AEAEAEAE]
[2026-04-02 16:46:58.702] 在线连接:   1  |  收到数据:    28000 B  |  解析完整帧:   1000 帧  |  发送帧:   1000 帧  (   52000 B)  [帧头:EAEAEAEA  帧尾:AEAEAEAE]
[2026-04-02 16:46:59.703] 在线连接:   1  |  收到数据:    27860 B  |  解析完整帧:    995 帧  |  发送帧:    995 帧  (   51740 B)  [帧头:EAEAEAEA  帧尾:AEAEAEAE]
[2026-04-02 16:47:00.703] 在线连接:   1  |  收到数据:    28112 B  |  解析完整帧:   1004 帧  |  发送帧:   1004 帧  (   52208 B)  [帧头:EAEAEAEA  帧尾:AEAEAEAE]
[2026-04-02 16:47:01.704] 在线连接:   1  |  收到数据:    27776 B  |  解析完整帧:    992 帧  |  发送帧:    992 帧  (   51584 B)  [帧头:EAEAEAEA  帧尾:AEAEAEAE]
[2026-04-02 16:47:02.705] 在线连接:   1  |  收到数据:    28056 B  |  解析完整帧:   1002 帧  |  发送帧:   1002 帧  (   52104 B)  [帧头:EAEAEAEA  帧尾:AEAEAEAE]
[2026-04-02 16:47:03.705] 在线连接:   1  |  收到数据:    28056 B  |  解析完整帧:   1002 帧  |  发送帧:   1002 帧  (   52104 B)  [帧头:EAEAEAEA  帧尾:AEAEAEAE]
[2026-04-02 16:47:04.706] 在线连接:   1  |  收到数据:    27944 B  |  解析完整帧:    998 帧  |  发送帧:    998 帧  (   51896 B)  [帧头:EAEAEAEA  帧尾:AEAEAEAE]
[2026-04-02 16:47:05.707] 在线连接:   1  |  收到数据:    28140 B  |  解析完整帧:   1005 帧  |  发送帧:   1005 帧  (   52260 B)  [帧头:EAEAEAEA  帧尾:AEAEAEAE]
[2026-04-02 16:47:06.708] 在线连接:   1  |  收到数据:    28000 B  |  解析完整帧:   1000 帧  |  发送帧:   1000 帧  (   52000 B)  [帧头:EAEAEAEA  帧尾:AEAEAEAE]
[2026-04-02 16:47:07.708] 在线连接:   1  |  收到数据:    27944 B  |  解析完整帧:    998 帧  |  发送帧:    998 帧  (   51896 B)  [帧头:EAEAEAEA  帧尾:AEAEAEAE]
[2026-04-02 16:47:08.710] 在线连接:   1  |  收到数据:    28000 B  |  解析完整帧:   1000 帧  |  发送帧:   1000 帧  (   52000 B)  [帧头:EAEAEAEA  帧尾:AEAEAEAE]
[2026-04-02 16:47:09.710] 在线连接:   1  |  收到数据:    27916 B  |  解析完整帧:    997 帧  |  发送帧:    997 帧  (   51844 B)  [帧头:EAEAEAEA  帧尾:AEAEAEAE]
[2026-04-02 16:47:10.711] 在线连接:   1  |  收到数据:    28196 B  |  解析完整帧:   1007 帧  |  发送帧:   1007 帧  (   52364 B)  [帧头:EAEAEAEA  帧尾:AEAEAEAE]
[2026-04-02 16:47:11.712] 在线连接:   1  |  收到数据:    27944 B  |  解析完整帧:    998 帧  |  发送帧:    998 帧  (   51896 B)  [帧头:EAEAEAEA  帧尾:AEAEAEAE]
[2026-04-02 16:47:12.713] 在线连接:   1  |  收到数据:    27580 B  |  解析完整帧:    985 帧  |  发送帧:    985 帧  (   51220 B)  [帧头:EAEAEAEA  帧尾:AEAEAEAE]
[2026-04-02 16:47:13.713] 在线连接:   1  |  收到数据:    28392 B  |  解析完整帧:   1014 帧  |  发送帧:   1014 帧  (   52728 B)  [帧头:EAEAEAEA  帧尾:AEAEAEAE]
[2026-04-02 16:47:14.714] 在线连接:   1  |  收到数据:    28112 B  |  解析完整帧:   1004 帧  |  发送帧:   1004 帧  (   52208 B)  [帧头:EAEAEAEA  帧尾:AEAEAEAE]
[2026-04-02 16:47:15.714] 在线连接:   1  |  收到数据:    28028 B  |  解析完整帧:   1001 帧  |  发送帧:   1001 帧  (   52052 B)  [帧头:EAEAEAEA  帧尾:AEAEAEAE]
[2026-04-02 16:47:16.715] 在线连接:   1  |  收到数据:    27972 B  |  解析完整帧:    999 帧  |  发送帧:    999 帧  (   51948 B)  [帧头:EAEAEAEA  帧尾:AEAEAEAE]
[2026-04-02 16:47:17.716] 在线连接:   1  |  收到数据:    27972 B  |  解析完整帧:    999 帧  |  发送帧:    999 帧  (   51948 B)  [帧头:EAEAEAEA  帧尾:AEAEAEAE]
[2026-04-02 16:47:18.717] 在线连接:   1  |  收到数据:    28056 B  |  解析完整帧:   1002 帧  |  发送帧:   1002 帧  (   52104 B)  [帧头:EAEAEAEA  帧尾:AEAEAEAE]
[2026-04-02 16:47:19.718] 在线连接:   1  |  收到数据:    28056 B  |  解析完整帧:   1002 帧  |  发送帧:   1002 帧  (   52104 B)  [帧头:EAEAEAEA  帧尾:AEAEAEAE]
[2026-04-02 16:47:20.719] 在线连接:   1  |  收到数据:    28056 B  |  解析完整帧:   1002 帧  |  发送帧:   1002 帧  (   52104 B)  [帧头:EAEAEAEA  帧尾:AEAEAEAE]
[2026-04-02 16:47:21.720] 在线连接:   1  |  收到数据:    28056 B  |  解析完整帧:   1002 帧  |  发送帧:   1002 帧  (   52104 B)  [帧头:EAEAEAEA  帧尾:AEAEAEAE]
[2026-04-02 16:47:22.720] 在线连接:   1  |  收到数据:    27748 B  |  解析完整帧:    991 帧  |  发送帧:    991 帧  (   51532 B)  [帧头:EAEAEAEA  帧尾:AEAEAEAE]
[2026-04-02 16:47:23.721] 在线连接:   1  |  收到数据:    28224 B  |  解析完整帧:   1008 帧  |  发送帧:   1008 帧  (   52416 B)  [帧头:EAEAEAEA  帧尾:AEAEAEAE]
[2026-04-02 16:47:24.722] 在线连接:   1  |  收到数据:    27776 B  |  解析完整帧:    992 帧  |  发送帧:    992 帧  (   51584 B)  [帧头:EAEAEAEA  帧尾:AEAEAEAE]
[2026-04-02 16:47:25.723] 在线连接:   1  |  收到数据:    28196 B  |  解析完整帧:   1007 帧  |  发送帧:   1007 帧  (   52364 B)  [帧头:EAEAEAEA  帧尾:AEAEAEAE]
[2026-04-02 16:47:26.724] 在线连接:   1  |  收到数据:    27832 B  |  解析完整帧:    994 帧  |  发送帧:    994 帧  (   51688 B)  [帧头:EAEAEAEA  帧尾:AEAEAEAE]
[2026-04-02 16:47:27.724] 在线连接:   1  |  收到数据:    28028 B  |  解析完整帧:   1001 帧  |  发送帧:   1001 帧  (   52052 B)  [帧头:EAEAEAEA  帧尾:AEAEAEAE]
[2026-04-02 16:47:28.725] 在线连接:   1  |  收到数据:    28168 B  |  解析完整帧:   1006 帧  |  发送帧:   1006 帧  (   52312 B)  [帧头:EAEAEAEA  帧尾:AEAEAEAE]
[2026-04-02 16:47:29.726] 在线连接:   1  |  收到数据:    28056 B  |  解析完整帧:   1002 帧  |  发送帧:   1002 帧  (   52104 B)  [帧头:EAEAEAEA  帧尾:AEAEAEAE]
[2026-04-02 16:47:30.726] 在线连接:   1  |  收到数据:    27888 B  |  解析完整帧:    996 帧  |  发送帧:    996 帧  (   51792 B)  [帧头:EAEAEAEA  帧尾:AEAEAEAE]
[2026-04-02 16:47:31.727] 在线连接:   1  |  收到数据:    28196 B  |  解析完整帧:   1007 帧  |  发送帧:   1007 帧  (   52364 B)  [帧头:EAEAEAEA  帧尾:AEAEAEAE]
[2026-04-02 16:47:32.728] 在线连接:   1  |  收到数据:    27804 B  |  解析完整帧:    993 帧  |  发送帧:    993 帧  (   51636 B)  [帧头:EAEAEAEA  帧尾:AEAEAEAE]
[2026-04-02 16:47:33.729] 在线连接:   1  |  收到数据:    28252 B  |  解析完整帧:   1009 帧  |  发送帧:   1009 帧  (   52468 B)  [帧头:EAEAEAEA  帧尾:AEAEAEAE]
[2026-04-02 16:47:34.730] 在线连接:   1  |  收到数据:    28000 B  |  解析完整帧:   1000 帧  |  发送帧:   1000 帧  (   52000 B)  [帧头:EAEAEAEA  帧尾:AEAEAEAE]
[2026-04-02 16:47:35.730] 在线连接:   1  |  收到数据:    28084 B  |  解析完整帧:   1003 帧  |  发送帧:   1003 帧  (   52156 B)  [帧头:EAEAEAEA  帧尾:AEAEAEAE]
[2026-04-02 16:47:36.731] 在线连接:   1  |  收到数据:    27636 B  |  解析完整帧:    987 帧  |  发送帧:    987 帧  (   51324 B)  [帧头:EAEAEAEA  帧尾:AEAEAEAE]
[2026-04-02 16:47:37.732] 在线连接:   1  |  收到数据:    28280 B  |  解析完整帧:   1010 帧  |  发送帧:   1010 帧  (   52520 B)  [帧头:EAEAEAEA  帧尾:AEAEAEAE]
[2026-04-02 16:47:38.733] 在线连接:   1  |  收到数据:    27916 B  |  解析完整帧:    997 帧  |  发送帧:    997 帧  (   51844 B)  [帧头:EAEAEAEA  帧尾:AEAEAEAE]
[2026-04-02 16:47:39.734] 在线连接:   1  |  收到数据:    27916 B  |  解析完整帧:    997 帧  |  发送帧:    997 帧  (   51844 B)  [帧头:EAEAEAEA  帧尾:AEAEAEAE]
[2026-04-02 16:47:40.734] 在线连接:   1  |  收到数据:    27776 B  |  解析完整帧:    992 帧  |  发送帧:    992 帧  (   51584 B)  [帧头:EAEAEAEA  帧尾:AEAEAEAE]
[2026-04-02 16:47:41.735] 在线连接:   1  |  收到数据:    27496 B  |  解析完整帧:    982 帧  |  发送帧:    982 帧  (   51064 B)  [帧头:EAEAEAEA  帧尾:AEAEAEAE]
[2026-04-02 16:47:42.736] 在线连接:   1  |  收到数据:    28700 B  |  解析完整帧:   1025 帧  |  发送帧:   1025 帧  (   53300 B)  [帧头:EAEAEAEA  帧尾:AEAEAEAE]
[2026-04-02 16:47:43.737] 在线连接:   1  |  收到数据:    28308 B  |  解析完整帧:   1011 帧  |  发送帧:   1011 帧  (   52572 B)  [帧头:EAEAEAEA  帧尾:AEAEAEAE]
[2026-04-02 16:47:44.738] 在线连接:   1  |  收到数据:    28140 B  |  解析完整帧:   1005 帧  |  发送帧:   1005 帧  (   52260 B)  [帧头:EAEAEAEA  帧尾:AEAEAEAE]
[2026-04-02 16:47:45.739] 在线连接:   1  |  收到数据:    27804 B  |  解析完整帧:    993 帧  |  发送帧:    993 帧  (   51636 B)  [帧头:EAEAEAEA  帧尾:AEAEAEAE]
[2026-04-02 16:47:46.739] 在线连接:   1  |  收到数据:    28252 B  |  解析完整帧:   1009 帧  |  发送帧:   1009 帧  (   52468 B)  [帧头:EAEAEAEA  帧尾:AEAEAEAE]
[2026-04-02 16:47:47.740] 在线连接:   1  |  收到数据:    27972 B  |  解析完整帧:    999 帧  |  发送帧:    999 帧  (   51948 B)  [帧头:EAEAEAEA  帧尾:AEAEAEAE]
[2026-04-02 16:47:48.741] 在线连接:   1  |  收到数据:    28084 B  |  解析完整帧:   1003 帧  |  发送帧:   1003 帧  (   52156 B)  [帧头:EAEAEAEA  帧尾:AEAEAEAE]
[2026-04-02 16:47:49.741] 在线连接:   1  |  收到数据:    27972 B  |  解析完整帧:    999 帧  |  发送帧:    999 帧  (   51948 B)  [帧头:EAEAEAEA  帧尾:AEAEAEAE]
[2026-04-02 16:47:50.742] 在线连接:   1  |  收到数据:    28028 B  |  解析完整帧:   1001 帧  |  发送帧:   1001 帧  (   52052 B)  [帧头:EAEAEAEA  帧尾:AEAEAEAE]
[2026-04-02 16:47:51.743] 在线连接:   1  |  收到数据:    28056 B  |  解析完整帧:   1002 帧  |  发送帧:   1002 帧  (   52104 B)  [帧头:EAEAEAEA  帧尾:AEAEAEAE]
[2026-04-02 16:47:52.744] 在线连接:   1  |  收到数据:    28000 B  |  解析完整帧:   1000 帧  |  发送帧:   1000 帧  (   52000 B)  [帧头:EAEAEAEA  帧尾:AEAEAEAE]
[2026-04-02 16:47:53.744] 在线连接:   1  |  收到数据:    28028 B  |  解析完整帧:   1001 帧  |  发送帧:   1001 帧  (   52052 B)  [帧头:EAEAEAEA  帧尾:AEAEAEAE]
[2026-04-02 16:47:54.745] 在线连接:   1  |  收到数据:    28000 B  |  解析完整帧:   1000 帧  |  发送帧:   1000 帧  (   52000 B)  [帧头:EAEAEAEA  帧尾:AEAEAEAE]
[2026-04-02 16:47:55.745] 在线连接:   1  |  收到数据:    28028 B  |  解析完整帧:   1001 帧  |  发送帧:   1001 帧  (   52052 B)  [帧头:EAEAEAEA  帧尾:AEAEAEAE]
[2026-04-02 16:47:56.746] 在线连接:   1  |  收到数据:    27944 B  |  解析完整帧:    998 帧  |  发送帧:    998 帧  (   51896 B)  [帧头:EAEAEAEA  帧尾:AEAEAEAE]
[2026-04-02 16:47:57.747] 在线连接:   1  |  收到数据:    28084 B  |  解析完整帧:   1003 帧  |  发送帧:   1003 帧  (   52156 B)  [帧头:EAEAEAEA  帧尾:AEAEAEAE]
[2026-04-02 16:47:58.748] 在线连接:   1  |  收到数据:    27972 B  |  解析完整帧:    999 帧  |  发送帧:    999 帧  (   51948 B)  [帧头:EAEAEAEA  帧尾:AEAEAEAE]
[2026-04-02 16:47:59.748] 在线连接:   1  |  收到数据:    28112 B  |  解析完整帧:   1004 帧  |  发送帧:   1004 帧  (   52208 B)  [帧头:EAEAEAEA  帧尾:AEAEAEAE]
[2026-04-02 16:48:00.749] 在线连接:   1  |  收到数据:    28000 B  |  解析完整帧:   1000 帧  |  发送帧:   1000 帧  (   52000 B)  [帧头:EAEAEAEA  帧尾:AEAEAEAE]
[2026-04-02 16:48:01.750] 在线连接:   1  |  收到数据:    27972 B  |  解析完整帧:    999 帧  |  发送帧:    999 帧  (   51948 B)  [帧头:EAEAEAEA  帧尾:AEAEAEAE]
[2026-04-02 16:48:02.750] 在线连接:   1  |  收到数据:    28028 B  |  解析完整帧:   1001 帧  |  发送帧:   1001 帧  (   52052 B)  [帧头:EAEAEAEA  帧尾:AEAEAEAE]
[2026-04-02 16:48:03.751] 在线连接:   1  |  收到数据:    28056 B  |  解析完整帧:   1002 帧  |  发送帧:   1002 帧  (   52104 B)  [帧头:EAEAEAEA  帧尾:AEAEAEAE]
[2026-04-02 16:48:04.751] 在线连接:   1  |  收到数据:    28028 B  |  解析完整帧:   1001 帧  |  发送帧:   1001 帧  (   52052 B)  [帧头:EAEAEAEA  帧尾:AEAEAEAE]
[2026-04-02 16:48:05.752] 在线连接:   1  |  收到数据:    28028 B  |  解析完整帧:   1001 帧  |  发送帧:   1001 帧  (   52052 B)  [帧头:EAEAEAEA  帧尾:AEAEAEAE]
[2026-04-02 16:48:06.753] 在线连接:   1  |  收到数据:    28000 B  |  解析完整帧:   1000 帧  |  发送帧:   1000 帧  (   52000 B)  [帧头:EAEAEAEA  帧尾:AEAEAEAE]
[2026-04-02 16:48:07.754] 在线连接:   1  |  收到数据:    27916 B  |  解析完整帧:    997 帧  |  发送帧:    997 帧  (   51844 B)  [帧头:EAEAEAEA  帧尾:AEAEAEAE]
[2026-04-02 16:48:08.754] 在线连接:   1  |  收到数据:    28028 B  |  解析完整帧:   1001 帧  |  发送帧:   1001 帧  (   52052 B)  [帧头:EAEAEAEA  帧尾:AEAEAEAE]
[2026-04-02 16:48:09.755] 在线连接:   1  |  收到数据:    28140 B  |  解析完整帧:   1005 帧  |  发送帧:   1005 帧  (   52260 B)  [帧头:EAEAEAEA  帧尾:AEAEAEAE]
[2026-04-02 16:48:10.756] 在线连接:   1  |  收到数据:    27944 B  |  解析完整帧:    998 帧  |  发送帧:    998 帧  (   51896 B)  [帧头:EAEAEAEA  帧尾:AEAEAEAE]
[2026-04-02 16:48:11.756] 在线连接:   1  |  收到数据:    28056 B  |  解析完整帧:   1002 帧  |  发送帧:   1002 帧  (   52104 B)  [帧头:EAEAEAEA  帧尾:AEAEAEAE]
[2026-04-02 16:48:12.757] 在线连接:   1  |  收到数据:    27636 B  |  解析完整帧:    987 帧  |  发送帧:    987 帧  (   51324 B)  [帧头:EAEAEAEA  帧尾:AEAEAEAE]
[2026-04-02 16:48:13.757] 在线连接:   1  |  收到数据:    28364 B  |  解析完整帧:   1013 帧  |  发送帧:   1013 帧  (   52676 B)  [帧头:EAEAEAEA  帧尾:AEAEAEAE]
[2026-04-02 16:48:14.758] 在线连接:   1  |  收到数据:    28000 B  |  解析完整帧:   1000 帧  |  发送帧:   1000 帧  (   52000 B)  [帧头:EAEAEAEA  帧尾:AEAEAEAE]
[2026-04-02 16:48:15.759] 在线连接:   1  |  收到数据:    27720 B  |  解析完整帧:    990 帧  |  发送帧:    990 帧  (   51480 B)  [帧头:EAEAEAEA  帧尾:AEAEAEAE]
[2026-04-02 16:48:16.759] 在线连接:   1  |  收到数据:    28056 B  |  解析完整帧:   1002 帧  |  发送帧:   1002 帧  (   52104 B)  [帧头:EAEAEAEA  帧尾:AEAEAEAE]
[2026-04-02 16:48:17.760] 在线连接:   1  |  收到数据:    28252 B  |  解析完整帧:   1009 帧  |  发送帧:   1009 帧  (   52468 B)  [帧头:EAEAEAEA  帧尾:AEAEAEAE]
[2026-04-02 16:48:18.760] 在线连接:   1  |  收到数据:    28112 B  |  解析完整帧:   1004 帧  |  发送帧:   1004 帧  (   52208 B)  [帧头:EAEAEAEA  帧尾:AEAEAEAE]
[2026-04-02 16:48:19.761] 在线连接:   1  |  收到数据:    28000 B  |  解析完整帧:   1000 帧  |  发送帧:   1000 帧  (   52000 B)  [帧头:EAEAEAEA  帧尾:AEAEAEAE]
[2026-04-02 16:48:20.761] 在线连接:   1  |  收到数据:    27944 B  |  解析完整帧:    998 帧  |  发送帧:    998 帧  (   51896 B)  [帧头:EAEAEAEA  帧尾:AEAEAEAE]
[2026-04-02 16:48:21.762] 在线连接:   1  |  收到数据:    28056 B  |  解析完整帧:   1002 帧  |  发送帧:   1002 帧  (   52104 B)  [帧头:EAEAEAEA  帧尾:AEAEAEAE]
[2026-04-02 16:48:22.763] 在线连接:   1  |  收到数据:    28112 B  |  解析完整帧:   1004 帧  |  发送帧:   1000 帧  (   52000 B)  [帧头:EAEAEAEA  帧尾:AEAEAEAE]
[2026-04-02 16:48:23.764] 在线连接:   1  |  收到数据:    27972 B  |  解析完整帧:    999 帧  |  发送帧:   1003 帧  (   52156 B)  [帧头:EAEAEAEA  帧尾:AEAEAEAE]
[2026-04-02 16:48:24.764] 在线连接:   1  |  收到数据:    27916 B  |  解析完整帧:    997 帧  |  发送帧:    997 帧  (   51844 B)  [帧头:EAEAEAEA  帧尾:AEAEAEAE]
[2026-04-02 16:48:25.765] 在线连接:   1  |  收到数据:    28084 B  |  解析完整帧:   1003 帧  |  发送帧:   1003 帧  (   52156 B)  [帧头:EAEAEAEA  帧尾:AEAEAEAE]
[2026-04-02 16:48:26.766] 在线连接:   1  |  收到数据:    27860 B  |  解析完整帧:    995 帧  |  发送帧:    982 帧  (   51064 B)  [帧头:EAEAEAEA  帧尾:AEAEAEAE]
[2026-04-02 16:48:27.767] 在线连接:   1  |  收到数据:    28028 B  |  解析完整帧:   1001 帧  |  发送帧:   1014 帧  (   52728 B)  [帧头:EAEAEAEA  帧尾:AEAEAEAE]
[2026-04-02 16:48:28.767] 在线连接:   1  |  收到数据:    28000 B  |  解析完整帧:   1000 帧  |  发送帧:   1000 帧  (   52000 B)  [帧头:EAEAEAEA  帧尾:AEAEAEAE]
[2026-04-02 16:48:29.768] 在线连接:   1  |  收到数据:    27860 B  |  解析完整帧:    995 帧  |  发送帧:    995 帧  (   51740 B)  [帧头:EAEAEAEA  帧尾:AEAEAEAE]
[2026-04-02 16:48:30.769] 在线连接:   1  |  收到数据:    28224 B  |  解析完整帧:   1008 帧  |  发送帧:   1008 帧  (   52416 B)  [帧头:EAEAEAEA  帧尾:AEAEAEAE]
[2026-04-02 16:48:31.770] 在线连接:   1  |  收到数据:    28028 B  |  解析完整帧:   1001 帧  |  发送帧:    999 帧  (   51948 B)  [帧头:EAEAEAEA  帧尾:AEAEAEAE]
[2026-04-02 16:48:32.771] 在线连接:   1  |  收到数据:    28000 B  |  解析完整帧:   1000 帧  |  发送帧:   1002 帧  (   52104 B)  [帧头:EAEAEAEA  帧尾:AEAEAEAE]
[2026-04-02 16:48:33.771] 在线连接:   1  |  收到数据:    28056 B  |  解析完整帧:   1002 帧  |  发送帧:   1002 帧  (   52104 B)  [帧头:EAEAEAEA  帧尾:AEAEAEAE]
[2026-04-02 16:48:34.772] 在线连接:   1  |  收到数据:    28028 B  |  解析完整帧:   1001 帧  |  发送帧:   1001 帧  (   52052 B)  [帧头:EAEAEAEA  帧尾:AEAEAEAE]
[2026-04-02 16:48:35.773] 在线连接:   1  |  收到数据:    28028 B  |  解析完整帧:   1001 帧  |  发送帧:   1001 帧  (   52052 B)  [帧头:EAEAEAEA  帧尾:AEAEAEAE]
[2026-04-02 16:48:36.774] 在线连接:   1  |  收到数据:    28000 B  |  解析完整帧:   1000 帧  |  发送帧:   1000 帧  (   52000 B)  [帧头:EAEAEAEA  帧尾:AEAEAEAE]
[2026-04-02 16:48:37.774] 在线连接:   1  |  收到数据:    28056 B  |  解析完整帧:   1002 帧  |  发送帧:   1002 帧  (   52104 B)  [帧头:EAEAEAEA  帧尾:AEAEAEAE]
[2026-04-02 16:48:38.775] 在线连接:   1  |  收到数据:    27720 B  |  解析完整帧:    990 帧  |  发送帧:    990 帧  (   51480 B)  [帧头:EAEAEAEA  帧尾:AEAEAEAE]
[2026-04-02 16:48:39.776] 在线连接:   1  |  收到数据:    28252 B  |  解析完整帧:   1009 帧  |  发送帧:   1009 帧  (   52468 B)  [帧头:EAEAEAEA  帧尾:AEAEAEAE]
[2026-04-02 16:48:40.777] 在线连接:   1  |  收到数据:    28028 B  |  解析完整帧:   1001 帧  |  发送帧:   1001 帧  (   52052 B)  [帧头:EAEAEAEA  帧尾:AEAEAEAE]
[2026-04-02 16:48:41.777] 在线连接:   1  |  收到数据:    28112 B  |  解析完整帧:   1004 帧  |  发送帧:   1004 帧  (   52208 B)  [帧头:EAEAEAEA  帧尾:AEAEAEAE]
[2026-04-02 16:48:42.778] 在线连接:   1  |  收到数据:    27748 B  |  解析完整帧:    991 帧  |  发送帧:    991 帧  (   51532 B)  [帧头:EAEAEAEA  帧尾:AEAEAEAE]
[2026-04-02 16:48:43.779] 在线连接:   1  |  收到数据:    27944 B  |  解析完整帧:    998 帧  |  发送帧:    998 帧  (   51896 B)  [帧头:EAEAEAEA  帧尾:AEAEAEAE]
[2026-04-02 16:48:44.779] 在线连接:   1  |  收到数据:    28028 B  |  解析完整帧:   1001 帧  |  发送帧:   1001 帧  (   52052 B)  [帧头:EAEAEAEA  帧尾:AEAEAEAE]
[2026-04-02 16:48:45.780] 在线连接:   1  |  收到数据:    28084 B  |  解析完整帧:   1003 帧  |  发送帧:   1003 帧  (   52156 B)  [帧头:EAEAEAEA  帧尾:AEAEAEAE]
[2026-04-02 16:48:46.780] 在线连接:   1  |  收到数据:    28028 B  |  解析完整帧:   1001 帧  |  发送帧:   1001 帧  (   52052 B)  [帧头:EAEAEAEA  帧尾:AEAEAEAE]
[2026-04-02 16:48:47.781] 在线连接:   1  |  收到数据:    27916 B  |  解析完整帧:    997 帧  |  发送帧:    997 帧  (   51844 B)  [帧头:EAEAEAEA  帧尾:AEAEAEAE]
[2026-04-02 16:48:48.782] 在线连接:   1  |  收到数据:    28000 B  |  解析完整帧:   1000 帧  |  发送帧:   1000 帧  (   52000 B)  [帧头:EAEAEAEA  帧尾:AEAEAEAE]
[2026-04-02 16:48:49.782] 在线连接:   1  |  收到数据:    28084 B  |  解析完整帧:   1003 帧  |  发送帧:   1003 帧  (   52156 B)  [帧头:EAEAEAEA  帧尾:AEAEAEAE]
[2026-04-02 16:48:50.783] 在线连接:   1  |  收到数据:    28028 B  |  解析完整帧:   1001 帧  |  发送帧:   1001 帧  (   52052 B)  [帧头:EAEAEAEA  帧尾:AEAEAEAE]
[2026-04-02 16:48:51.784] 在线连接:   1  |  收到数据:    28056 B  |  解析完整帧:   1002 帧  |  发送帧:   1002 帧  (   52104 B)  [帧头:EAEAEAEA  帧尾:AEAEAEAE]
[2026-04-02 16:48:52.784] 在线连接:   1  |  收到数据:    28000 B  |  解析完整帧:   1000 帧  |  发送帧:   1000 帧  (   52000 B)  [帧头:EAEAEAEA  帧尾:AEAEAEAE]
[2026-04-02 16:48:53.785] 在线连接:   1  |  收到数据:    27944 B  |  解析完整帧:    998 帧  |  发送帧:    998 帧  (   51896 B)  [帧头:EAEAEAEA  帧尾:AEAEAEAE]
[2026-04-02 16:48:54.786] 在线连接:   1  |  收到数据:    27748 B  |  解析完整帧:    991 帧  |  发送帧:    991 帧  (   51532 B)  [帧头:EAEAEAEA  帧尾:AEAEAEAE]
[2026-04-02 16:48:55.787] 在线连接:   1  |  收到数据:    28308 B  |  解析完整帧:   1011 帧  |  发送帧:   1011 帧  (   52572 B)  [帧头:EAEAEAEA  帧尾:AEAEAEAE]
[2026-04-02 16:48:56.787] 在线连接:   1  |  收到数据:    27944 B  |  解析完整帧:    998 帧  |  发送帧:    998 帧  (   51896 B)  [帧头:EAEAEAEA  帧尾:AEAEAEAE]
[2026-04-02 16:48:57.788] 在线连接:   1  |  收到数据:    28056 B  |  解析完整帧:   1002 帧  |  发送帧:   1002 帧  (   52104 B)  [帧头:EAEAEAEA  帧尾:AEAEAEAE]
[2026-04-02 16:48:58.788] 在线连接:   1  |  收到数据:    28000 B  |  解析完整帧:   1000 帧  |  发送帧:   1000 帧  (   52000 B)  [帧头:EAEAEAEA  帧尾:AEAEAEAE]
[2026-04-02 16:48:59.789] 在线连接:   1  |  收到数据:    28084 B  |  解析完整帧:   1003 帧  |  发送帧:   1001 帧  (   52052 B)  [帧头:EAEAEAEA  帧尾:AEAEAEAE]
[2026-04-02 16:49:00.789] 在线连接:   1  |  收到数据:    27776 B  |  解析完整帧:    992 帧  |  发送帧:    994 帧  (   51688 B)  [帧头:EAEAEAEA  帧尾:AEAEAEAE]
[2026-04-02 16:49:01.790] 在线连接:   1  |  收到数据:    28084 B  |  解析完整帧:   1003 帧  |  发送帧:   1003 帧  (   52156 B)  [帧头:EAEAEAEA  帧尾:AEAEAEAE]
[2026-04-02 16:49:02.790] 在线连接:   1  |  收到数据:    28168 B  |  解析完整帧:   1006 帧  |  发送帧:   1006 帧  (   52312 B)  [帧头:EAEAEAEA  帧尾:AEAEAEAE]
[2026-04-02 16:49:03.791] 在线连接:   1  |  收到数据:    27944 B  |  解析完整帧:    998 帧  |  发送帧:    998 帧  (   51896 B)  [帧头:EAEAEAEA  帧尾:AEAEAEAE]
[2026-04-02 16:49:04.792] 在线连接:   1  |  收到数据:    27692 B  |  解析完整帧:    989 帧  |  发送帧:    989 帧  (   51428 B)  [帧头:EAEAEAEA  帧尾:AEAEAEAE]
[2026-04-02 16:49:05.792] 在线连接:   1  |  收到数据:    28336 B  |  解析完整帧:   1012 帧  |  发送帧:   1012 帧  (   52624 B)  [帧头:EAEAEAEA  帧尾:AEAEAEAE]
[2026-04-02 16:49:06.793] 在线连接:   1  |  收到数据:    28056 B  |  解析完整帧:   1002 帧  |  发送帧:   1002 帧  (   52104 B)  [帧头:EAEAEAEA  帧尾:AEAEAEAE]
[2026-04-02 16:49:07.794] 在线连接:   1  |  收到数据:    28028 B  |  解析完整帧:   1001 帧  |  发送帧:   1001 帧  (   52052 B)  [帧头:EAEAEAEA  帧尾:AEAEAEAE]
[2026-04-02 16:49:08.794] 在线连接:   1  |  收到数据:    28000 B  |  解析完整帧:   1000 帧  |  发送帧:   1000 帧  (   52000 B)  [帧头:EAEAEAEA  帧尾:AEAEAEAE]
[2026-04-02 16:49:09.795] 在线连接:   1  |  收到数据:    27916 B  |  解析完整帧:    997 帧  |  发送帧:    997 帧  (   51844 B)  [帧头:EAEAEAEA  帧尾:AEAEAEAE]
[2026-04-02 16:49:10.796] 在线连接:   1  |  收到数据:    28056 B  |  解析完整帧:   1002 帧  |  发送帧:   1002 帧  (   52104 B)  [帧头:EAEAEAEA  帧尾:AEAEAEAE]
[2026-04-02 16:49:11.796] 在线连接:   1  |  收到数据:    27972 B  |  解析完整帧:    999 帧  |  发送帧:    999 帧  (   51948 B)  [帧头:EAEAEAEA  帧尾:AEAEAEAE]
[2026-04-02 16:49:12.797] 在线连接:   1  |  收到数据:    28056 B  |  解析完整帧:   1002 帧  |  发送帧:   1002 帧  (   52104 B)  [帧头:EAEAEAEA  帧尾:AEAEAEAE]
[2026-04-02 16:49:13.798] 在线连接:   1  |  收到数据:    27972 B  |  解析完整帧:    999 帧  |  发送帧:    999 帧  (   51948 B)  [帧头:EAEAEAEA  帧尾:AEAEAEAE]
[2026-04-02 16:49:14.798] 在线连接:   1  |  收到数据:    28028 B  |  解析完整帧:   1001 帧  |  发送帧:   1001 帧  (   52052 B)  [帧头:EAEAEAEA  帧尾:AEAEAEAE]
[2026-04-02 16:49:15.799] 在线连接:   1  |  收到数据:    27972 B  |  解析完整帧:    999 帧  |  发送帧:    999 帧  (   51948 B)  [帧头:EAEAEAEA  帧尾:AEAEAEAE]
[2026-04-02 16:49:16.800] 在线连接:   1  |  收到数据:    28084 B  |  解析完整帧:   1003 帧  |  发送帧:   1003 帧  (   52156 B)  [帧头:EAEAEAEA  帧尾:AEAEAEAE]
[2026-04-02 16:49:17.801] 在线连接:   1  |  收到数据:    27972 B  |  解析完整帧:    999 帧  |  发送帧:    999 帧  (   51948 B)  [帧头:EAEAEAEA  帧尾:AEAEAEAE]
[2026-04-02 16:49:18.802] 在线连接:   1  |  收到数据:    28000 B  |  解析完整帧:   1000 帧  |  发送帧:   1000 帧  (   52000 B)  [帧头:EAEAEAEA  帧尾:AEAEAEAE]
[2026-04-02 16:49:19.802] 在线连接:   1  |  收到数据:    28028 B  |  解析完整帧:   1001 帧  |  发送帧:   1001 帧  (   52052 B)  [帧头:EAEAEAEA  帧尾:AEAEAEAE]
[2026-04-02 16:49:20.803] 在线连接:   1  |  收到数据:    28028 B  |  解析完整帧:   1001 帧  |  发送帧:   1001 帧  (   52052 B)  [帧头:EAEAEAEA  帧尾:AEAEAEAE]
[2026-04-02 16:49:21.804] 在线连接:   1  |  收到数据:    27972 B  |  解析完整帧:    999 帧  |  发送帧:    999 帧  (   51948 B)  [帧头:EAEAEAEA  帧尾:AEAEAEAE]
[2026-04-02 16:49:22.804] 在线连接:   1  |  收到数据:    28000 B  |  解析完整帧:   1000 帧  |  发送帧:   1000 帧  (   52000 B)  [帧头:EAEAEAEA  帧尾:AEAEAEAE]
[2026-04-02 16:49:23.805] 在线连接:   1  |  收到数据:    28140 B  |  解析完整帧:   1005 帧  |  发送帧:   1005 帧  (   52260 B)  [帧头:EAEAEAEA  帧尾:AEAEAEAE]
[2026-04-02 16:49:24.806] 在线连接:   1  |  收到数据:    27832 B  |  解析完整帧:    994 帧  |  发送帧:    994 帧  (   51688 B)  [帧头:EAEAEAEA  帧尾:AEAEAEAE]
[2026-04-02 16:49:25.807] 在线连接:   1  |  收到数据:    28196 B  |  解析完整帧:   1007 帧  |  发送帧:   1007 帧  (   52364 B)  [帧头:EAEAEAEA  帧尾:AEAEAEAE]
[2026-04-02 16:49:26.808] 在线连接:   1  |  收到数据:    28028 B  |  解析完整帧:   1001 帧  |  发送帧:   1001 帧  (   52052 B)  [帧头:EAEAEAEA  帧尾:AEAEAEAE]
[2026-04-02 16:49:27.809] 在线连接:   1  |  收到数据:    28028 B  |  解析完整帧:   1001 帧  |  发送帧:   1001 帧  (   52052 B)  [帧头:EAEAEAEA  帧尾:AEAEAEAE]
[2026-04-02 16:49:28.809] 在线连接:   1  |  收到数据:    27916 B  |  解析完整帧:    997 帧  |  发送帧:    997 帧  (   51844 B)  [帧头:EAEAEAEA  帧尾:AEAEAEAE]
[2026-04-02 16:49:29.810] 在线连接:   1  |  收到数据:    28140 B  |  解析完整帧:   1005 帧  |  发送帧:   1005 帧  (   52260 B)  [帧头:EAEAEAEA  帧尾:AEAEAEAE]
[2026-04-02 16:49:30.811] 在线连接:   1  |  收到数据:    28028 B  |  解析完整帧:   1001 帧  |  发送帧:   1001 帧  (   52052 B)  [帧头:EAEAEAEA  帧尾:AEAEAEAE]
[2026-04-02 16:49:31.811] 在线连接:   1  |  收到数据:    28028 B  |  解析完整帧:   1001 帧  |  发送帧:   1001 帧  (   52052 B)  [帧头:EAEAEAEA  帧尾:AEAEAEAE]
[2026-04-02 16:49:32.812] 在线连接:   1  |  收到数据:    27972 B  |  解析完整帧:    999 帧  |  发送帧:    999 帧  (   51948 B)  [帧头:EAEAEAEA  帧尾:AEAEAEAE]
[2026-04-02 16:49:33.813] 在线连接:   1  |  收到数据:    27860 B  |  解析完整帧:    995 帧  |  发送帧:    995 帧  (   51740 B)  [帧头:EAEAEAEA  帧尾:AEAEAEAE]
[2026-04-02 16:49:34.814] 在线连接:   1  |  收到数据:    28140 B  |  解析完整帧:   1005 帧  |  发送帧:   1005 帧  (   52260 B)  [帧头:EAEAEAEA  帧尾:AEAEAEAE]
[2026-04-02 16:49:35.815] 在线连接:   1  |  收到数据:    28084 B  |  解析完整帧:   1003 帧  |  发送帧:   1003 帧  (   52156 B)  [帧头:EAEAEAEA  帧尾:AEAEAEAE]
[2026-04-02 16:49:36.815] 在线连接:   1  |  收到数据:    27860 B  |  解析完整帧:    995 帧  |  发送帧:    995 帧  (   51740 B)  [帧头:EAEAEAEA  帧尾:AEAEAEAE]
[2026-04-02 16:49:37.816] 在线连接:   1  |  收到数据:    28224 B  |  解析完整帧:   1008 帧  |  发送帧:   1008 帧  (   52416 B)  [帧头:EAEAEAEA  帧尾:AEAEAEAE]
[2026-04-02 16:49:38.817] 在线连接:   1  |  收到数据:    27916 B  |  解析完整帧:    997 帧  |  发送帧:    997 帧  (   51844 B)  [帧头:EAEAEAEA  帧尾:AEAEAEAE]
[2026-04-02 16:49:39.818] 在线连接:   1  |  收到数据:    28140 B  |  解析完整帧:   1005 帧  |  发送帧:   1005 帧  (   52260 B)  [帧头:EAEAEAEA  帧尾:AEAEAEAE]
[2026-04-02 16:49:40.819] 在线连接:   1  |  收到数据:    27748 B  |  解析完整帧:    991 帧  |  发送帧:    991 帧  (   51532 B)  [帧头:EAEAEAEA  帧尾:AEAEAEAE]
[2026-04-02 16:49:41.820] 在线连接:   1  |  收到数据:    28140 B  |  解析完整帧:   1005 帧  |  发送帧:   1005 帧  (   52260 B)  [帧头:EAEAEAEA  帧尾:AEAEAEAE]
[2026-04-02 16:49:42.820] 在线连接:   1  |  收到数据:    28056 B  |  解析完整帧:   1002 帧  |  发送帧:   1002 帧  (   52104 B)  [帧头:EAEAEAEA  帧尾:AEAEAEAE]
[2026-04-02 16:49:43.821] 在线连接:   1  |  收到数据:    27972 B  |  解析完整帧:    999 帧  |  发送帧:    999 帧  (   51948 B)  [帧头:EAEAEAEA  帧尾:AEAEAEAE]
[2026-04-02 16:49:44.822] 在线连接:   1  |  收到数据:    28056 B  |  解析完整帧:   1002 帧  |  发送帧:   1002 帧  (   52104 B)  [帧头:EAEAEAEA  帧尾:AEAEAEAE]
[2026-04-02 16:49:45.822] 在线连接:   1  |  收到数据:    27972 B  |  解析完整帧:    999 帧  |  发送帧:    999 帧  (   51948 B)  [帧头:EAEAEAEA  帧尾:AEAEAEAE]
[2026-04-02 16:49:46.823] 在线连接:   1  |  收到数据:    27888 B  |  解析完整帧:    996 帧  |  发送帧:    996 帧  (   51792 B)  [帧头:EAEAEAEA  帧尾:AEAEAEAE]
[2026-04-02 16:49:47.824] 在线连接:   1  |  收到数据:    28280 B  |  解析完整帧:   1010 帧  |  发送帧:   1010 帧  (   52520 B)  [帧头:EAEAEAEA  帧尾:AEAEAEAE]
[2026-04-02 16:49:48.824] 在线连接:   1  |  收到数据:    28056 B  |  解析完整帧:   1002 帧  |  发送帧:   1002 帧  (   52104 B)  [帧头:EAEAEAEA  帧尾:AEAEAEAE]
[2026-04-02 16:49:49.825] 在线连接:   1  |  收到数据:    28056 B  |  解析完整帧:   1002 帧  |  发送帧:   1002 帧  (   52104 B)  [帧头:EAEAEAEA  帧尾:AEAEAEAE]
[2026-04-02 16:49:50.826] 在线连接:   1  |  收到数据:    27944 B  |  解析完整帧:    998 帧  |  发送帧:    998 帧  (   51896 B)  [帧头:EAEAEAEA  帧尾:AEAEAEAE]
[2026-04-02 16:49:51.827] 在线连接:   1  |  收到数据:    28084 B  |  解析完整帧:   1003 帧  |  发送帧:   1001 帧  (   52052 B)  [帧头:EAEAEAEA  帧尾:AEAEAEAE]
[2026-04-02 16:49:52.827] 在线连接:   1  |  收到数据:    27804 B  |  解析完整帧:    993 帧  |  发送帧:    995 帧  (   51740 B)  [帧头:EAEAEAEA  帧尾:AEAEAEAE]
[2026-04-02 16:49:53.828] 在线连接:   1  |  收到数据:    28196 B  |  解析完整帧:   1007 帧  |  发送帧:   1007 帧  (   52364 B)  [帧头:EAEAEAEA  帧尾:AEAEAEAE]
[2026-04-02 16:49:54.828] 在线连接:   1  |  收到数据:    28000 B  |  解析完整帧:   1000 帧  |  发送帧:   1000 帧  (   52000 B)  [帧头:EAEAEAEA  帧尾:AEAEAEAE]
[2026-04-02 16:49:55.829] 在线连接:   1  |  收到数据:    27860 B  |  解析完整帧:    995 帧  |  发送帧:    995 帧  (   51740 B)  [帧头:EAEAEAEA  帧尾:AEAEAEAE]
[2026-04-02 16:49:56.829] 在线连接:   1  |  收到数据:    27972 B  |  解析完整帧:    999 帧  |  发送帧:    999 帧  (   51948 B)  [帧头:EAEAEAEA  帧尾:AEAEAEAE]
[2026-04-02 16:49:57.830] 在线连接:   1  |  收到数据:    28168 B  |  解析完整帧:   1006 帧  |  发送帧:   1006 帧  (   52312 B)  [帧头:EAEAEAEA  帧尾:AEAEAEAE]
[2026-04-02 16:49:58.831] 在线连接:   1  |  收到数据:    27860 B  |  解析完整帧:    995 帧  |  发送帧:    995 帧  (   51740 B)  [帧头:EAEAEAEA  帧尾:AEAEAEAE]
[2026-04-02 16:49:59.832] 在线连接:   1  |  收到数据:    28140 B  |  解析完整帧:   1005 帧  |  发送帧:   1005 帧  (   52260 B)  [帧头:EAEAEAEA  帧尾:AEAEAEAE]
[2026-04-02 16:50:00.832] 在线连接:   1  |  收到数据:    28056 B  |  解析完整帧:   1002 帧  |  发送帧:   1002 帧  (   52104 B)  [帧头:EAEAEAEA  帧尾:AEAEAEAE]
[2026-04-02 16:50:01.833] 在线连接:   1  |  收到数据:    27440 B  |  解析完整帧:    980 帧  |  发送帧:    980 帧  (   50960 B)  [帧头:EAEAEAEA  帧尾:AEAEAEAE]
[2026-04-02 16:50:02.834] 在线连接:   1  |  收到数据:    28588 B  |  解析完整帧:   1021 帧  |  发送帧:   1021 帧  (   53092 B)  [帧头:EAEAEAEA  帧尾:AEAEAEAE]
[2026-04-02 16:50:03.835] 在线连接:   1  |  收到数据:    27916 B  |  解析完整帧:    997 帧  |  发送帧:    997 帧  (   51844 B)  [帧头:EAEAEAEA  帧尾:AEAEAEAE]
[2026-04-02 16:50:04.835] 在线连接:   1  |  收到数据:    27944 B  |  解析完整帧:    998 帧  |  发送帧:    998 帧  (   51896 B)  [帧头:EAEAEAEA  帧尾:AEAEAEAE]
[2026-04-02 16:50:05.836] 在线连接:   1  |  收到数据:    28224 B  |  解析完整帧:   1008 帧  |  发送帧:   1008 帧  (   52416 B)  [帧头:EAEAEAEA  帧尾:AEAEAEAE]
[2026-04-02 16:50:06.837] 在线连接:   1  |  收到数据:    28000 B  |  解析完整帧:   1000 帧  |  发送帧:   1000 帧  (   52000 B)  [帧头:EAEAEAEA  帧尾:AEAEAEAE]
[2026-04-02 16:50:07.837] 在线连接:   1  |  收到数据:    27944 B  |  解析完整帧:    998 帧  |  发送帧:    998 帧  (   51896 B)  [帧头:EAEAEAEA  帧尾:AEAEAEAE]
[2026-04-02 16:50:08.838] 在线连接:   1  |  收到数据:    28028 B  |  解析完整帧:   1001 帧  |  发送帧:   1001 帧  (   52052 B)  [帧头:EAEAEAEA  帧尾:AEAEAEAE]
[2026-04-02 16:50:09.839] 在线连接:   1  |  收到数据:    27972 B  |  解析完整帧:    999 帧  |  发送帧:    999 帧  (   51948 B)  [帧头:EAEAEAEA  帧尾:AEAEAEAE]
[2026-04-02 16:50:10.840] 在线连接:   1  |  收到数据:    27692 B  |  解析完整帧:    989 帧  |  发送帧:    989 帧  (   51428 B)  [帧头:EAEAEAEA  帧尾:AEAEAEAE]
[2026-04-02 16:50:11.840] 在线连接:   1  |  收到数据:    28504 B  |  解析完整帧:   1018 帧  |  发送帧:   1018 帧  (   52936 B)  [帧头:EAEAEAEA  帧尾:AEAEAEAE]
[2026-04-02 16:50:12.841] 在线连接:   1  |  收到数据:    28000 B  |  解析完整帧:   1000 帧  |  发送帧:   1000 帧  (   52000 B)  [帧头:EAEAEAEA  帧尾:AEAEAEAE]
[2026-04-02 16:50:13.841] 在线连接:   1  |  收到数据:    28028 B  |  解析完整帧:   1001 帧  |  发送帧:    998 帧  (   51896 B)  [帧头:EAEAEAEA  帧尾:AEAEAEAE]
[2026-04-02 16:50:14.842] 在线连接:   1  |  收到数据:    27916 B  |  解析完整帧:    997 帧  |  发送帧:   1000 帧  (   52000 B)  [帧头:EAEAEAEA  帧尾:AEAEAEAE]
[2026-04-02 16:50:15.842] 在线连接:   1  |  收到数据:    28112 B  |  解析完整帧:   1004 帧  |  发送帧:   1004 帧  (   52208 B)  [帧头:EAEAEAEA  帧尾:AEAEAEAE]
[2026-04-02 16:50:16.843] 在线连接:   1  |  收到数据:    27636 B  |  解析完整帧:    987 帧  |  发送帧:    987 帧  (   51324 B)  [帧头:EAEAEAEA  帧尾:AEAEAEAE]
[2026-04-02 16:50:17.844] 在线连接:   1  |  收到数据:    28392 B  |  解析完整帧:   1014 帧  |  发送帧:   1014 帧  (   52728 B)  [帧头:EAEAEAEA  帧尾:AEAEAEAE]
[2026-04-02 16:50:18.845] 在线连接:   1  |  收到数据:    27972 B  |  解析完整帧:    999 帧  |  发送帧:    999 帧  (   51948 B)  [帧头:EAEAEAEA  帧尾:AEAEAEAE]
[2026-04-02 16:50:19.845] 在线连接:   1  |  收到数据:    28056 B  |  解析完整帧:   1002 帧  |  发送帧:   1002 帧  (   52104 B)  [帧头:EAEAEAEA  帧尾:AEAEAEAE]
[2026-04-02 16:50:20.846] 在线连接:   1  |  收到数据:    27944 B  |  解析完整帧:    998 帧  |  发送帧:    998 帧  (   51896 B)  [帧头:EAEAEAEA  帧尾:AEAEAEAE]
[2026-04-02 16:50:21.847] 在线连接:   1  |  收到数据:    27972 B  |  解析完整帧:    999 帧  |  发送帧:    999 帧  (   51948 B)  [帧头:EAEAEAEA  帧尾:AEAEAEAE]
[2026-04-02 16:50:22.848] 在线连接:   1  |  收到数据:    28056 B  |  解析完整帧:   1002 帧  |  发送帧:   1002 帧  (   52104 B)  [帧头:EAEAEAEA  帧尾:AEAEAEAE]
[2026-04-02 16:50:23.848] 在线连接:   1  |  收到数据:    27664 B  |  解析完整帧:    988 帧  |  发送帧:    988 帧  (   51376 B)  [帧头:EAEAEAEA  帧尾:AEAEAEAE]
[2026-04-02 16:50:24.849] 在线连接:   1  |  收到数据:    28448 B  |  解析完整帧:   1016 帧  |  发送帧:   1016 帧  (   52832 B)  [帧头:EAEAEAEA  帧尾:AEAEAEAE]
[2026-04-02 16:50:25.850] 在线连接:   1  |  收到数据:    28056 B  |  解析完整帧:   1002 帧  |  发送帧:   1002 帧  (   52104 B)  [帧头:EAEAEAEA  帧尾:AEAEAEAE]
[2026-04-02 16:50:26.850] 在线连接:   1  |  收到数据:    27916 B  |  解析完整帧:    997 帧  |  发送帧:    997 帧  (   51844 B)  [帧头:EAEAEAEA  帧尾:AEAEAEAE]
[2026-04-02 16:50:27.851] 在线连接:   1  |  收到数据:    28000 B  |  解析完整帧:   1000 帧  |  发送帧:   1000 帧  (   52000 B)  [帧头:EAEAEAEA  帧尾:AEAEAEAE]
[2026-04-02 16:50:28.852] 在线连接:   1  |  收到数据:    28112 B  |  解析完整帧:   1004 帧  |  发送帧:   1004 帧  (   52208 B)  [帧头:EAEAEAEA  帧尾:AEAEAEAE]
[2026-04-02 16:50:29.853] 在线连接:   1  |  收到数据:    28084 B  |  解析完整帧:   1003 帧  |  发送帧:   1003 帧  (   52156 B)  [帧头:EAEAEAEA  帧尾:AEAEAEAE]
[2026-04-02 16:50:30.853] 在线连接:   1  |  收到数据:    27580 B  |  解析完整帧:    985 帧  |  发送帧:    985 帧  (   51220 B)  [帧头:EAEAEAEA  帧尾:AEAEAEAE]
[2026-04-02 16:50:31.854] 在线连接:   1  |  收到数据:    28448 B  |  解析完整帧:   1016 帧  |  发送帧:   1016 帧  (   52832 B)  [帧头:EAEAEAEA  帧尾:AEAEAEAE]
[2026-04-02 16:50:32.854] 在线连接:   1  |  收到数据:    27916 B  |  解析完整帧:    997 帧  |  发送帧:    997 帧  (   51844 B)  [帧头:EAEAEAEA  帧尾:AEAEAEAE]
[2026-04-02 16:50:33.855] 在线连接:   1  |  收到数据:    28028 B  |  解析完整帧:   1001 帧  |  发送帧:   1001 帧  (   52052 B)  [帧头:EAEAEAEA  帧尾:AEAEAEAE]
[2026-04-02 16:50:34.856] 在线连接:   1  |  收到数据:    28000 B  |  解析完整帧:   1000 帧  |  发送帧:   1000 帧  (   52000 B)  [帧头:EAEAEAEA  帧尾:AEAEAEAE]
[2026-04-02 16:50:35.856] 在线连接:   1  |  收到数据:    27972 B  |  解析完整帧:    999 帧  |  发送帧:    999 帧  (   51948 B)  [帧头:EAEAEAEA  帧尾:AEAEAEAE]
[2026-04-02 16:50:36.857] 在线连接:   1  |  收到数据:    28196 B  |  解析完整帧:   1007 帧  |  发送帧:   1007 帧  (   52364 B)  [帧头:EAEAEAEA  帧尾:AEAEAEAE]
[2026-04-02 16:50:37.858] 在线连接:   1  |  收到数据:    27972 B  |  解析完整帧:    999 帧  |  发送帧:    999 帧  (   51948 B)  [帧头:EAEAEAEA  帧尾:AEAEAEAE]
[2026-04-02 16:50:38.858] 在线连接:   1  |  收到数据:    27888 B  |  解析完整帧:    996 帧  |  发送帧:    996 帧  (   51792 B)  [帧头:EAEAEAEA  帧尾:AEAEAEAE]
[2026-04-02 16:50:39.859] 在线连接:   1  |  收到数据:    28084 B  |  解析完整帧:   1003 帧  |  发送帧:   1003 帧  (   52156 B)  [帧头:EAEAEAEA  帧尾:AEAEAEAE]
[2026-04-02 16:50:40.860] 在线连接:   1  |  收到数据:    27944 B  |  解析完整帧:    998 帧  |  发送帧:    998 帧  (   51896 B)  [帧头:EAEAEAEA  帧尾:AEAEAEAE]
[2026-04-02 16:50:41.861] 在线连接:   1  |  收到数据:    28084 B  |  解析完整帧:   1003 帧  |  发送帧:   1003 帧  (   52156 B)  [帧头:EAEAEAEA  帧尾:AEAEAEAE]
[2026-04-02 16:50:42.862] 在线连接:   1  |  收到数据:    28000 B  |  解析完整帧:   1000 帧  |  发送帧:   1000 帧  (   52000 B)  [帧头:EAEAEAEA  帧尾:AEAEAEAE]
[2026-04-02 16:50:43.863] 在线连接:   1  |  收到数据:    28140 B  |  解析完整帧:   1005 帧  |  发送帧:   1005 帧  (   52260 B)  [帧头:EAEAEAEA  帧尾:AEAEAEAE]
[2026-04-02 16:50:44.863] 在线连接:   1  |  收到数据:    27944 B  |  解析完整帧:    998 帧  |  发送帧:    998 帧  (   51896 B)  [帧头:EAEAEAEA  帧尾:AEAEAEAE]
[2026-04-02 16:50:45.864] 在线连接:   1  |  收到数据:    27580 B  |  解析完整帧:    985 帧  |  发送帧:    985 帧  (   51220 B)  [帧头:EAEAEAEA  帧尾:AEAEAEAE]
[2026-04-02 16:50:46.865] 在线连接:   1  |  收到数据:    28532 B  |  解析完整帧:   1019 帧  |  发送帧:   1019 帧  (   52988 B)  [帧头:EAEAEAEA  帧尾:AEAEAEAE]
[2026-04-02 16:50:47.865] 在线连接:   1  |  收到数据:    28028 B  |  解析完整帧:   1001 帧  |  发送帧:   1001 帧  (   52052 B)  [帧头:EAEAEAEA  帧尾:AEAEAEAE]
[2026-04-02 16:50:48.866] 在线连接:   1  |  收到数据:    27776 B  |  解析完整帧:    992 帧  |  发送帧:    992 帧  (   51584 B)  [帧头:EAEAEAEA  帧尾:AEAEAEAE]
[2026-04-02 16:50:49.867] 在线连接:   1  |  收到数据:    28056 B  |  解析完整帧:   1002 帧  |  发送帧:   1002 帧  (   52104 B)  [帧头:EAEAEAEA  帧尾:AEAEAEAE]
[2026-04-02 16:50:50.868] 在线连接:   1  |  收到数据:    28252 B  |  解析完整帧:   1009 帧  |  发送帧:   1009 帧  (   52468 B)  [帧头:EAEAEAEA  帧尾:AEAEAEAE]
[2026-04-02 16:50:51.869] 在线连接:   1  |  收到数据:    28000 B  |  解析完整帧:   1000 帧  |  发送帧:   1000 帧  (   52000 B)  [帧头:EAEAEAEA  帧尾:AEAEAEAE]
[2026-04-02 16:50:52.870] 在线连接:   1  |  收到数据:    27972 B  |  解析完整帧:    999 帧  |  发送帧:    999 帧  (   51948 B)  [帧头:EAEAEAEA  帧尾:AEAEAEAE]
[2026-04-02 16:50:53.871] 在线连接:   1  |  收到数据:    28112 B  |  解析完整帧:   1004 帧  |  发送帧:   1004 帧  (   52208 B)  [帧头:EAEAEAEA  帧尾:AEAEAEAE]
[2026-04-02 16:50:54.871] 在线连接:   1  |  收到数据:    27860 B  |  解析完整帧:    995 帧  |  发送帧:    995 帧  (   51740 B)  [帧头:EAEAEAEA  帧尾:AEAEAEAE]
[2026-04-02 16:50:55.872] 在线连接:   1  |  收到数据:    27636 B  |  解析完整帧:    987 帧  |  发送帧:    987 帧  (   51324 B)  [帧头:EAEAEAEA  帧尾:AEAEAEAE]
[2026-04-02 16:50:56.873] 在线连接:   1  |  收到数据:    28308 B  |  解析完整帧:   1011 帧  |  发送帧:   1011 帧  (   52572 B)  [帧头:EAEAEAEA  帧尾:AEAEAEAE]
[2026-04-02 16:50:57.873] 在线连接:   1  |  收到数据:    28224 B  |  解析完整帧:   1008 帧  |  发送帧:   1008 帧  (   52416 B)  [帧头:EAEAEAEA  帧尾:AEAEAEAE]
[2026-04-02 16:50:58.874] 在线连接:   1  |  收到数据:    28084 B  |  解析完整帧:   1003 帧  |  发送帧:    997 帧  (   51844 B)  [帧头:EAEAEAEA  帧尾:AEAEAEAE]
[2026-04-02 16:50:59.875] 在线连接:   1  |  收到数据:    27356 B  |  解析完整帧:    977 帧  |  发送帧:    983 帧  (   51116 B)  [帧头:EAEAEAEA  帧尾:AEAEAEAE]
[2026-04-02 16:51:00.876] 在线连接:   1  |  收到数据:    28672 B  |  解析完整帧:   1024 帧  |  发送帧:   1024 帧  (   53248 B)  [帧头:EAEAEAEA  帧尾:AEAEAEAE]
[2026-04-02 16:51:01.876] 在线连接:   1  |  收到数据:    27804 B  |  解析完整帧:    993 帧  |  发送帧:    993 帧  (   51636 B)  [帧头:EAEAEAEA  帧尾:AEAEAEAE]
[2026-04-02 16:51:02.877] 在线连接:   1  |  收到数据:    28196 B  |  解析完整帧:   1007 帧  |  发送帧:   1007 帧  (   52364 B)  [帧头:EAEAEAEA  帧尾:AEAEAEAE]
[2026-04-02 16:51:03.878] 在线连接:   1  |  收到数据:    27552 B  |  解析完整帧:    984 帧  |  发送帧:    984 帧  (   51168 B)  [帧头:EAEAEAEA  帧尾:AEAEAEAE]
[2026-04-02 16:51:04.878] 在线连接:   1  |  收到数据:    28420 B  |  解析完整帧:   1015 帧  |  发送帧:   1015 帧  (   52780 B)  [帧头:EAEAEAEA  帧尾:AEAEAEAE]
[2026-04-02 16:51:05.879] 在线连接:   1  |  收到数据:    28056 B  |  解析完整帧:   1002 帧  |  发送帧:   1002 帧  (   52104 B)  [帧头:EAEAEAEA  帧尾:AEAEAEAE]
[2026-04-02 16:51:06.880] 在线连接:   1  |  收到数据:    27776 B  |  解析完整帧:    992 帧  |  发送帧:    992 帧  (   51584 B)  [帧头:EAEAEAEA  帧尾:AEAEAEAE]
[2026-04-02 16:51:07.881] 在线连接:   1  |  收到数据:    28308 B  |  解析完整帧:   1011 帧  |  发送帧:   1011 帧  (   52572 B)  [帧头:EAEAEAEA  帧尾:AEAEAEAE]
[2026-04-02 16:51:08.881] 在线连接:   1  |  收到数据:    27580 B  |  解析完整帧:    985 帧  |  发送帧:    985 帧  (   51220 B)  [帧头:EAEAEAEA  帧尾:AEAEAEAE]
[2026-04-02 16:51:09.882] 在线连接:   1  |  收到数据:    28476 B  |  解析完整帧:   1017 帧  |  发送帧:   1017 帧  (   52884 B)  [帧头:EAEAEAEA  帧尾:AEAEAEAE]
[2026-04-02 16:51:10.883] 在线连接:   1  |  收到数据:    28056 B  |  解析完整帧:   1002 帧  |  发送帧:   1002 帧  (   52104 B)  [帧头:EAEAEAEA  帧尾:AEAEAEAE]
[2026-04-02 16:51:11.884] 在线连接:   1  |  收到数据:    27804 B  |  解析完整帧:    993 帧  |  发送帧:    993 帧  (   51636 B)  [帧头:EAEAEAEA  帧尾:AEAEAEAE]
[2026-04-02 16:51:12.885] 在线连接:   1  |  收到数据:    28196 B  |  解析完整帧:   1007 帧  |  发送帧:   1007 帧  (   52364 B)  [帧头:EAEAEAEA  帧尾:AEAEAEAE]
[2026-04-02 16:51:13.885] 在线连接:   1  |  收到数据:    28084 B  |  解析完整帧:   1003 帧  |  发送帧:   1003 帧  (   52156 B)  [帧头:EAEAEAEA  帧尾:AEAEAEAE]
[2026-04-02 16:51:14.886] 在线连接:   1  |  收到数据:    27972 B  |  解析完整帧:    999 帧  |  发送帧:    999 帧  (   51948 B)  [帧头:EAEAEAEA  帧尾:AEAEAEAE]
[2026-04-02 16:51:15.887] 在线连接:   1  |  收到数据:    28028 B  |  解析完整帧:   1001 帧  |  发送帧:   1001 帧  (   52052 B)  [帧头:EAEAEAEA  帧尾:AEAEAEAE]
[2026-04-02 16:51:16.888] 在线连接:   1  |  收到数据:    27692 B  |  解析完整帧:    989 帧  |  发送帧:    989 帧  (   51428 B)  [帧头:EAEAEAEA  帧尾:AEAEAEAE]
[2026-04-02 16:51:17.889] 在线连接:   1  |  收到数据:    28000 B  |  解析完整帧:   1000 帧  |  发送帧:   1000 帧  (   52000 B)  [帧头:EAEAEAEA  帧尾:AEAEAEAE]
[2026-04-02 16:51:18.889] 在线连接:   1  |  收到数据:    27972 B  |  解析完整帧:    999 帧  |  发送帧:    999 帧  (   51948 B)  [帧头:EAEAEAEA  帧尾:AEAEAEAE]
[2026-04-02 16:51:19.890] 在线连接:   1  |  收到数据:    27860 B  |  解析完整帧:    995 帧  |  发送帧:    995 帧  (   51740 B)  [帧头:EAEAEAEA  帧尾:AEAEAEAE]
[2026-04-02 16:51:20.891] 在线连接:   1  |  收到数据:    28196 B  |  解析完整帧:   1007 帧  |  发送帧:   1007 帧  (   52364 B)  [帧头:EAEAEAEA  帧尾:AEAEAEAE]
[2026-04-02 16:51:21.891] 在线连接:   1  |  收到数据:    28000 B  |  解析完整帧:   1000 帧  |  发送帧:   1000 帧  (   52000 B)  [帧头:EAEAEAEA  帧尾:AEAEAEAE]
[2026-04-02 16:51:22.892] 在线连接:   1  |  收到数据:    27916 B  |  解析完整帧:    997 帧  |  发送帧:    997 帧  (   51844 B)  [帧头:EAEAEAEA  帧尾:AEAEAEAE]
[2026-04-02 16:51:23.893] 在线连接:   1  |  收到数据:    28084 B  |  解析完整帧:   1003 帧  |  发送帧:   1003 帧  (   52156 B)  [帧头:EAEAEAEA  帧尾:AEAEAEAE]
[2026-04-02 16:51:24.893] 在线连接:   1  |  收到数据:    28056 B  |  解析完整帧:   1002 帧  |  发送帧:   1002 帧  (   52104 B)  [帧头:EAEAEAEA  帧尾:AEAEAEAE]
[2026-04-02 16:51:25.894] 在线连接:   1  |  收到数据:    28000 B  |  解析完整帧:   1000 帧  |  发送帧:   1000 帧  (   52000 B)  [帧头:EAEAEAEA  帧尾:AEAEAEAE]
[2026-04-02 16:51:26.894] 在线连接:   1  |  收到数据:    28056 B  |  解析完整帧:   1002 帧  |  发送帧:   1002 帧  (   52104 B)  [帧头:EAEAEAEA  帧尾:AEAEAEAE]
[2026-04-02 16:51:27.895] 在线连接:   1  |  收到数据:    27972 B  |  解析完整帧:    999 帧  |  发送帧:    999 帧  (   51948 B)  [帧头:EAEAEAEA  帧尾:AEAEAEAE]
[2026-04-02 16:51:28.896] 在线连接:   1  |  收到数据:    28056 B  |  解析完整帧:   1002 帧  |  发送帧:   1002 帧  (   52104 B)  [帧头:EAEAEAEA  帧尾:AEAEAEAE]
[2026-04-02 16:51:29.896] 在线连接:   1  |  收到数据:    28028 B  |  解析完整帧:   1001 帧  |  发送帧:    999 帧  (   51948 B)  [帧头:EAEAEAEA  帧尾:AEAEAEAE]
[2026-04-02 16:51:30.897] 在线连接:   1  |  收到数据:    27832 B  |  解析完整帧:    994 帧  |  发送帧:    996 帧  (   51792 B)  [帧头:EAEAEAEA  帧尾:AEAEAEAE]
[2026-04-02 16:51:31.898] 在线连接:   1  |  收到数据:    27972 B  |  解析完整帧:    999 帧  |  发送帧:    999 帧  (   51948 B)  [帧头:EAEAEAEA  帧尾:AEAEAEAE]
[2026-04-02 16:51:32.898] 在线连接:   1  |  收到数据:    28224 B  |  解析完整帧:   1008 帧  |  发送帧:   1008 帧  (   52416 B)  [帧头:EAEAEAEA  帧尾:AEAEAEAE]
[2026-04-02 16:51:33.899] 在线连接:   1  |  收到数据:    28056 B  |  解析完整帧:   1002 帧  |  发送帧:   1002 帧  (   52104 B)  [帧头:EAEAEAEA  帧尾:AEAEAEAE]
[2026-04-02 16:51:34.900] 在线连接:   1  |  收到数据:    27720 B  |  解析完整帧:    990 帧  |  发送帧:    990 帧  (   51480 B)  [帧头:EAEAEAEA  帧尾:AEAEAEAE]
[2026-04-02 16:51:35.901] 在线连接:   1  |  收到数据:    28028 B  |  解析完整帧:   1001 帧  |  发送帧:   1001 帧  (   52052 B)  [帧头:EAEAEAEA  帧尾:AEAEAEAE]
[2026-04-02 16:51:36.901] 在线连接:   1  |  收到数据:    28056 B  |  解析完整帧:   1002 帧  |  发送帧:   1002 帧  (   52104 B)  [帧头:EAEAEAEA  帧尾:AEAEAEAE]
[2026-04-02 16:51:37.902] 在线连接:   1  |  收到数据:    28252 B  |  解析完整帧:   1009 帧  |  发送帧:   1009 帧  (   52468 B)  [帧头:EAEAEAEA  帧尾:AEAEAEAE]
[2026-04-02 16:51:38.903] 在线连接:   1  |  收到数据:    27272 B  |  解析完整帧:    974 帧  |  发送帧:    974 帧  (   50648 B)  [帧头:EAEAEAEA  帧尾:AEAEAEAE]
[2026-04-02 16:51:39.904] 在线连接:   1  |  收到数据:    28364 B  |  解析完整帧:   1013 帧  |  发送帧:   1013 帧  (   52676 B)  [帧头:EAEAEAEA  帧尾:AEAEAEAE]
[2026-04-02 16:51:40.905] 在线连接:   1  |  收到数据:    28448 B  |  解析完整帧:   1016 帧  |  发送帧:   1016 帧  (   52832 B)  [帧头:EAEAEAEA  帧尾:AEAEAEAE]
[2026-04-02 16:51:41.905] 在线连接:   1  |  收到数据:    27664 B  |  解析完整帧:    988 帧  |  发送帧:    988 帧  (   51376 B)  [帧头:EAEAEAEA  帧尾:AEAEAEAE]
[2026-04-02 16:51:42.906] 在线连接:   1  |  收到数据:    28392 B  |  解析完整帧:   1014 帧  |  发送帧:   1014 帧  (   52728 B)  [帧头:EAEAEAEA  帧尾:AEAEAEAE]
[2026-04-02 16:51:43.907] 在线连接:   1  |  收到数据:    27356 B  |  解析完整帧:    977 帧  |  发送帧:    977 帧  (   50804 B)  [帧头:EAEAEAEA  帧尾:AEAEAEAE]
[2026-04-02 16:51:44.908] 在线连接:   1  |  收到数据:    28616 B  |  解析完整帧:   1022 帧  |  发送帧:   1022 帧  (   53144 B)  [帧头:EAEAEAEA  帧尾:AEAEAEAE]
[2026-04-02 16:51:45.909] 在线连接:   1  |  收到数据:    27748 B  |  解析完整帧:    991 帧  |  发送帧:    991 帧  (   51532 B)  [帧头:EAEAEAEA  帧尾:AEAEAEAE]
[2026-04-02 16:51:46.909] 在线连接:   1  |  收到数据:    28308 B  |  解析完整帧:   1011 帧  |  发送帧:   1011 帧  (   52572 B)  [帧头:EAEAEAEA  帧尾:AEAEAEAE]
[2026-04-02 16:51:47.910] 在线连接:   1  |  收到数据:    27972 B  |  解析完整帧:    999 帧  |  发送帧:    999 帧  (   51948 B)  [帧头:EAEAEAEA  帧尾:AEAEAEAE]
[2026-04-02 16:51:48.911] 在线连接:   1  |  收到数据:    28028 B  |  解析完整帧:   1001 帧  |  发送帧:   1001 帧  (   52052 B)  [帧头:EAEAEAEA  帧尾:AEAEAEAE]
[2026-04-02 16:51:49.911] 在线连接:   1  |  收到数据:    27860 B  |  解析完整帧:    995 帧  |  发送帧:    995 帧  (   51740 B)  [帧头:EAEAEAEA  帧尾:AEAEAEAE]
[2026-04-02 16:51:50.912] 在线连接:   1  |  收到数据:    28308 B  |  解析完整帧:   1011 帧  |  发送帧:   1011 帧  (   52572 B)  [帧头:EAEAEAEA  帧尾:AEAEAEAE]
[2026-04-02 16:51:51.913] 在线连接:   1  |  收到数据:    27972 B  |  解析完整帧:    999 帧  |  发送帧:    999 帧  (   51948 B)  [帧头:EAEAEAEA  帧尾:AEAEAEAE]
[2026-04-02 16:51:52.913] 在线连接:   1  |  收到数据:    27832 B  |  解析完整帧:    994 帧  |  发送帧:    994 帧  (   51688 B)  [帧头:EAEAEAEA  帧尾:AEAEAEAE]
[2026-04-02 16:51:53.914] 在线连接:   1  |  收到数据:    28196 B  |  解析完整帧:   1007 帧  |  发送帧:   1007 帧  (   52364 B)  [帧头:EAEAEAEA  帧尾:AEAEAEAE]
[2026-04-02 16:51:54.915] 在线连接:   1  |  收到数据:    28000 B  |  解析完整帧:   1000 帧  |  发送帧:   1000 帧  (   52000 B)  [帧头:EAEAEAEA  帧尾:AEAEAEAE]
[2026-04-02 16:51:55.916] 在线连接:   1  |  收到数据:    28056 B  |  解析完整帧:   1002 帧  |  发送帧:   1002 帧  (   52104 B)  [帧头:EAEAEAEA  帧尾:AEAEAEAE]
[2026-04-02 16:51:56.917] 在线连接:   1  |  收到数据:    28028 B  |  解析完整帧:   1001 帧  |  发送帧:   1001 帧  (   52052 B)  [帧头:EAEAEAEA  帧尾:AEAEAEAE]
[2026-04-02 16:51:57.917] 在线连接:   1  |  收到数据:    27776 B  |  解析完整帧:    992 帧  |  发送帧:    992 帧  (   51584 B)  [帧头:EAEAEAEA  帧尾:AEAEAEAE]
[2026-04-02 16:51:58.918] 在线连接:   1  |  收到数据:    28252 B  |  解析完整帧:   1009 帧  |  发送帧:   1009 帧  (   52468 B)  [帧头:EAEAEAEA  帧尾:AEAEAEAE]
[2026-04-02 16:51:59.918] 在线连接:   1  |  收到数据:    27832 B  |  解析完整帧:    994 帧  |  发送帧:    994 帧  (   51688 B)  [帧头:EAEAEAEA  帧尾:AEAEAEAE]
[2026-04-02 16:52:00.919] 在线连接:   1  |  收到数据:    28112 B  |  解析完整帧:   1004 帧  |  发送帧:   1004 帧  (   52208 B)  [帧头:EAEAEAEA  帧尾:AEAEAEAE]
[2026-04-02 16:52:01.920] 在线连接:   1  |  收到数据:    28056 B  |  解析完整帧:   1002 帧  |  发送帧:   1002 帧  (   52104 B)  [帧头:EAEAEAEA  帧尾:AEAEAEAE]
[2026-04-02 16:52:02.920] 在线连接:   1  |  收到数据:    27972 B  |  解析完整帧:    999 帧  |  发送帧:    999 帧  (   51948 B)  [帧头:EAEAEAEA  帧尾:AEAEAEAE]
[2026-04-02 16:52:03.921] 在线连接:   1  |  收到数据:    28056 B  |  解析完整帧:   1002 帧  |  发送帧:   1002 帧  (   52104 B)  [帧头:EAEAEAEA  帧尾:AEAEAEAE]
[2026-04-02 16:52:04.922] 在线连接:   1  |  收到数据:    27972 B  |  解析完整帧:    999 帧  |  发送帧:    999 帧  (   51948 B)  [帧头:EAEAEAEA  帧尾:AEAEAEAE]
[2026-04-02 16:52:05.923] 在线连接:   1  |  收到数据:    27720 B  |  解析完整帧:    990 帧  |  发送帧:    990 帧  (   51480 B)  [帧头:EAEAEAEA  帧尾:AEAEAEAE]
[2026-04-02 16:52:06.923] 在线连接:   1  |  收到数据:    28336 B  |  解析完整帧:   1012 帧  |  发送帧:   1005 帧  (   52260 B)  [帧头:EAEAEAEA  帧尾:AEAEAEAE]
[2026-04-02 16:52:07.924] 在线连接:   1  |  收到数据:    28000 B  |  解析完整帧:   1000 帧  |  发送帧:   1007 帧  (   52364 B)  [帧头:EAEAEAEA  帧尾:AEAEAEAE]
[2026-04-02 16:52:08.925] 在线连接:   1  |  收到数据:    28084 B  |  解析完整帧:   1003 帧  |  发送帧:   1003 帧  (   52156 B)  [帧头:EAEAEAEA  帧尾:AEAEAEAE]
[2026-04-02 16:52:09.926] 在线连接:   1  |  收到数据:    27580 B  |  解析完整帧:    985 帧  |  发送帧:    985 帧  (   51220 B)  [帧头:EAEAEAEA  帧尾:AEAEAEAE]
[2026-04-02 16:52:10.927] 在线连接:   1  |  收到数据:    28336 B  |  解析完整帧:   1012 帧  |  发送帧:   1012 帧  (   52624 B)  [帧头:EAEAEAEA  帧尾:AEAEAEAE]
[2026-04-02 16:52:11.927] 在线连接:   1  |  收到数据:    28112 B  |  解析完整帧:   1004 帧  |  发送帧:   1004 帧  (   52208 B)  [帧头:EAEAEAEA  帧尾:AEAEAEAE]
[2026-04-02 16:52:12.928] 在线连接:   1  |  收到数据:    27664 B  |  解析完整帧:    988 帧  |  发送帧:    988 帧  (   51376 B)  [帧头:EAEAEAEA  帧尾:AEAEAEAE]
[2026-04-02 16:52:13.929] 在线连接:   1  |  收到数据:    28448 B  |  解析完整帧:   1016 帧  |  发送帧:   1016 帧  (   52832 B)  [帧头:EAEAEAEA  帧尾:AEAEAEAE]
[2026-04-02 16:52:14.930] 在线连接:   1  |  收到数据:    28000 B  |  解析完整帧:   1000 帧  |  发送帧:   1000 帧  (   52000 B)  [帧头:EAEAEAEA  帧尾:AEAEAEAE]
[2026-04-02 16:52:15.931] 在线连接:   1  |  收到数据:    27888 B  |  解析完整帧:    996 帧  |  发送帧:    996 帧  (   51792 B)  [帧头:EAEAEAEA  帧尾:AEAEAEAE]
[2026-04-02 16:52:16.932] 在线连接:   1  |  收到数据:    28028 B  |  解析完整帧:   1001 帧  |  发送帧:   1001 帧  (   52052 B)  [帧头:EAEAEAEA  帧尾:AEAEAEAE]
[2026-04-02 16:52:17.933] 在线连接:   1  |  收到数据:    28084 B  |  解析完整帧:   1003 帧  |  发送帧:   1003 帧  (   52156 B)  [帧头:EAEAEAEA  帧尾:AEAEAEAE]
[2026-04-02 16:52:18.934] 在线连接:   1  |  收到数据:    27552 B  |  解析完整帧:    984 帧  |  发送帧:    984 帧  (   51168 B)  [帧头:EAEAEAEA  帧尾:AEAEAEAE]
[2026-04-02 16:52:19.934] 在线连接:   1  |  收到数据:    28588 B  |  解析完整帧:   1021 帧  |  发送帧:   1021 帧  (   53092 B)  [帧头:EAEAEAEA  帧尾:AEAEAEAE]
[2026-04-02 16:52:20.935] 在线连接:   1  |  收到数据:    28028 B  |  解析完整帧:   1001 帧  |  发送帧:   1001 帧  (   52052 B)  [帧头:EAEAEAEA  帧尾:AEAEAEAE]
[2026-04-02 16:52:21.936] 在线连接:   1  |  收到数据:    28028 B  |  解析完整帧:   1001 帧  |  发送帧:   1001 帧  (   52052 B)  [帧头:EAEAEAEA  帧尾:AEAEAEAE]
[2026-04-02 16:52:22.937] 在线连接:   1  |  收到数据:    27860 B  |  解析完整帧:    995 帧  |  发送帧:    995 帧  (   51740 B)  [帧头:EAEAEAEA  帧尾:AEAEAEAE]
[2026-04-02 16:52:23.938] 在线连接:   1  |  收到数据:    28168 B  |  解析完整帧:   1006 帧  |  发送帧:   1006 帧  (   52312 B)  [帧头:EAEAEAEA  帧尾:AEAEAEAE]
[2026-04-02 16:52:24.938] 在线连接:   1  |  收到数据:    27972 B  |  解析完整帧:    999 帧  |  发送帧:    999 帧  (   51948 B)  [帧头:EAEAEAEA  帧尾:AEAEAEAE]
[2026-04-02 16:52:25.939] 在线连接:   1  |  收到数据:    28112 B  |  解析完整帧:   1004 帧  |  发送帧:   1001 帧  (   52052 B)  [帧头:EAEAEAEA  帧尾:AEAEAEAE]
[2026-04-02 16:52:26.940] 在线连接:   1  |  收到数据:    27860 B  |  解析完整帧:    995 帧  |  发送帧:    998 帧  (   51896 B)  [帧头:EAEAEAEA  帧尾:AEAEAEAE]
[2026-04-02 16:52:27.941] 在线连接:   1  |  收到数据:    28140 B  |  解析完整帧:   1005 帧  |  发送帧:   1005 帧  (   52260 B)  [帧头:EAEAEAEA  帧尾:AEAEAEAE]
[2026-04-02 16:52:28.941] 在线连接:   1  |  收到数据:    28000 B  |  解析完整帧:   1000 帧  |  发送帧:   1000 帧  (   52000 B)  [帧头:EAEAEAEA  帧尾:AEAEAEAE]
[2026-04-02 16:52:29.942] 在线连接:   1  |  收到数据:    28028 B  |  解析完整帧:   1001 帧  |  发送帧:   1001 帧  (   52052 B)  [帧头:EAEAEAEA  帧尾:AEAEAEAE]
[2026-04-02 16:52:30.943] 在线连接:   1  |  收到数据:    27860 B  |  解析完整帧:    995 帧  |  发送帧:    995 帧  (   51740 B)  [帧头:EAEAEAEA  帧尾:AEAEAEAE]
[2026-04-02 16:52:31.943] 在线连接:   1  |  收到数据:    28224 B  |  解析完整帧:   1008 帧  |  发送帧:   1008 帧  (   52416 B)  [帧头:EAEAEAEA  帧尾:AEAEAEAE]
[2026-04-02 16:52:32.944] 在线连接:   1  |  收到数据:    28028 B  |  解析完整帧:   1001 帧  |  发送帧:   1001 帧  (   52052 B)  [帧头:EAEAEAEA  帧尾:AEAEAEAE]
[2026-04-02 16:52:33.945] 在线连接:   1  |  收到数据:    28028 B  |  解析完整帧:   1001 帧  |  发送帧:   1001 帧  (   52052 B)  [帧头:EAEAEAEA  帧尾:AEAEAEAE]
[2026-04-02 16:52:34.946] 在线连接:   1  |  收到数据:    27972 B  |  解析完整帧:    999 帧  |  发送帧:    999 帧  (   51948 B)  [帧头:EAEAEAEA  帧尾:AEAEAEAE]
[2026-04-02 16:52:35.946] 在线连接:   1  |  收到数据:    28028 B  |  解析完整帧:   1001 帧  |  发送帧:   1001 帧  (   52052 B)  [帧头:EAEAEAEA  帧尾:AEAEAEAE]
[2026-04-02 16:52:36.947] 在线连接:   1  |  收到数据:    28028 B  |  解析完整帧:   1001 帧  |  发送帧:   1001 帧  (   52052 B)  [帧头:EAEAEAEA  帧尾:AEAEAEAE]
[2026-04-02 16:52:37.948] 在线连接:   1  |  收到数据:    27720 B  |  解析完整帧:    990 帧  |  发送帧:    990 帧  (   51480 B)  [帧头:EAEAEAEA  帧尾:AEAEAEAE]
[2026-04-02 16:52:38.948] 在线连接:   1  |  收到数据:    28224 B  |  解析完整帧:   1008 帧  |  发送帧:   1008 帧  (   52416 B)  [帧头:EAEAEAEA  帧尾:AEAEAEAE]
[2026-04-02 16:52:39.949] 在线连接:   1  |  收到数据:    27860 B  |  解析完整帧:    995 帧  |  发送帧:    995 帧  (   51740 B)  [帧头:EAEAEAEA  帧尾:AEAEAEAE]
[2026-04-02 16:52:40.950] 在线连接:   1  |  收到数据:    27860 B  |  解析完整帧:    995 帧  |  发送帧:    995 帧  (   51740 B)  [帧头:EAEAEAEA  帧尾:AEAEAEAE]
[2026-04-02 16:52:41.950] 在线连接:   1  |  收到数据:    28448 B  |  解析完整帧:   1016 帧  |  发送帧:   1016 帧  (   52832 B)  [帧头:EAEAEAEA  帧尾:AEAEAEAE]
[2026-04-02 16:52:42.951] 在线连接:   1  |  收到数据:    27916 B  |  解析完整帧:    997 帧  |  发送帧:    997 帧  (   51844 B)  [帧头:EAEAEAEA  帧尾:AEAEAEAE]
[2026-04-02 16:52:43.951] 在线连接:   1  |  收到数据:    28084 B  |  解析完整帧:   1003 帧  |  发送帧:   1003 帧  (   52156 B)  [帧头:EAEAEAEA  帧尾:AEAEAEAE]
[2026-04-02 16:52:44.952] 在线连接:   1  |  收到数据:    28028 B  |  解析完整帧:   1001 帧  |  发送帧:   1001 帧  (   52052 B)  [帧头:EAEAEAEA  帧尾:AEAEAEAE]
[2026-04-02 16:52:45.953] 在线连接:   1  |  收到数据:    27860 B  |  解析完整帧:    995 帧  |  发送帧:    995 帧  (   51740 B)  [帧头:EAEAEAEA  帧尾:AEAEAEAE]
[2026-04-02 16:52:46.953] 在线连接:   1  |  收到数据:    28196 B  |  解析完整帧:   1007 帧  |  发送帧:   1007 帧  (   52364 B)  [帧头:EAEAEAEA  帧尾:AEAEAEAE]
[2026-04-02 16:52:47.954] 在线连接:   1  |  收到数据:    28000 B  |  解析完整帧:   1000 帧  |  发送帧:   1000 帧  (   52000 B)  [帧头:EAEAEAEA  帧尾:AEAEAEAE]
[2026-04-02 16:52:48.955] 在线连接:   1  |  收到数据:    27972 B  |  解析完整帧:    999 帧  |  发送帧:    999 帧  (   51948 B)  [帧头:EAEAEAEA  帧尾:AEAEAEAE]
[2026-04-02 16:52:49.956] 在线连接:   1  |  收到数据:    28084 B  |  解析完整帧:   1003 帧  |  发送帧:   1003 帧  (   52156 B)  [帧头:EAEAEAEA  帧尾:AEAEAEAE]
[2026-04-02 16:52:50.957] 在线连接:   1  |  收到数据:    27832 B  |  解析完整帧:    994 帧  |  发送帧:    994 帧  (   51688 B)  [帧头:EAEAEAEA  帧尾:AEAEAEAE]
[2026-04-02 16:52:51.957] 在线连接:   1  |  收到数据:    28000 B  |  解析完整帧:   1000 帧  |  发送帧:   1000 帧  (   52000 B)  [帧头:EAEAEAEA  帧尾:AEAEAEAE]
[2026-04-02 16:52:52.958] 在线连接:   1  |  收到数据:    27468 B  |  解析完整帧:    981 帧  |  发送帧:    981 帧  (   51012 B)  [帧头:EAEAEAEA  帧尾:AEAEAEAE]
[2026-04-02 16:52:53.959] 在线连接:   1  |  收到数据:    28756 B  |  解析完整帧:   1027 帧  |  发送帧:   1027 帧  (   53404 B)  [帧头:EAEAEAEA  帧尾:AEAEAEAE]
[2026-04-02 16:52:54.960] 在线连接:   1  |  收到数据:    27972 B  |  解析完整帧:    999 帧  |  发送帧:    999 帧  (   51948 B)  [帧头:EAEAEAEA  帧尾:AEAEAEAE]
[2026-04-02 16:52:55.960] 在线连接:   1  |  收到数据:    28000 B  |  解析完整帧:   1000 帧  |  发送帧:   1000 帧  (   52000 B)  [帧头:EAEAEAEA  帧尾:AEAEAEAE]
[2026-04-02 16:52:56.961] 在线连接:   1  |  收到数据:    28112 B  |  解析完整帧:   1004 帧  |  发送帧:   1004 帧  (   52208 B)  [帧头:EAEAEAEA  帧尾:AEAEAEAE]
[2026-04-02 16:52:57.961] 在线连接:   1  |  收到数据:    27944 B  |  解析完整帧:    998 帧  |  发送帧:    998 帧  (   51896 B)  [帧头:EAEAEAEA  帧尾:AEAEAEAE]
[2026-04-02 16:52:58.962] 在线连接:   1  |  收到数据:    28084 B  |  解析完整帧:   1003 帧  |  发送帧:   1003 帧  (   52156 B)  [帧头:EAEAEAEA  帧尾:AEAEAEAE]
[2026-04-02 16:52:59.962] 在线连接:   1  |  收到数据:    27972 B  |  解析完整帧:    999 帧  |  发送帧:    999 帧  (   51948 B)  [帧头:EAEAEAEA  帧尾:AEAEAEAE]
[2026-04-02 16:53:00.963] 在线连接:   1  |  收到数据:    27972 B  |  解析完整帧:    999 帧  |  发送帧:    999 帧  (   51948 B)  [帧头:EAEAEAEA  帧尾:AEAEAEAE]
[2026-04-02 16:53:01.963] 在线连接:   1  |  收到数据:    28056 B  |  解析完整帧:   1002 帧  |  发送帧:   1002 帧  (   52104 B)  [帧头:EAEAEAEA  帧尾:AEAEAEAE]
[2026-04-02 16:53:02.964] 在线连接:   1  |  收到数据:    28056 B  |  解析完整帧:   1002 帧  |  发送帧:   1002 帧  (   52104 B)  [帧头:EAEAEAEA  帧尾:AEAEAEAE]
[2026-04-02 16:53:03.965] 在线连接:   1  |  收到数据:    27916 B  |  解析完整帧:    997 帧  |  发送帧:    997 帧  (   51844 B)  [帧头:EAEAEAEA  帧尾:AEAEAEAE]
[2026-04-02 16:53:04.967] 在线连接:   1  |  收到数据:    28112 B  |  解析完整帧:   1004 帧  |  发送帧:   1004 帧  (   52208 B)  [帧头:EAEAEAEA  帧尾:AEAEAEAE]
[2026-04-02 16:53:05.968] 在线连接:   1  |  收到数据:    28112 B  |  解析完整帧:   1004 帧  |  发送帧:    997 帧  (   51844 B)  [帧头:EAEAEAEA  帧尾:AEAEAEAE]
[2026-04-02 16:53:06.968] 在线连接:   1  |  收到数据:    28000 B  |  解析完整帧:   1000 帧  |  发送帧:   1007 帧  (   52364 B)  [帧头:EAEAEAEA  帧尾:AEAEAEAE]
[2026-04-02 16:53:07.969] 在线连接:   1  |  收到数据:    28000 B  |  解析完整帧:   1000 帧  |  发送帧:   1000 帧  (   52000 B)  [帧头:EAEAEAEA  帧尾:AEAEAEAE]
[2026-04-02 16:53:08.971] 在线连接:   1  |  收到数据:    28000 B  |  解析完整帧:   1000 帧  |  发送帧:   1000 帧  (   52000 B)  [帧头:EAEAEAEA  帧尾:AEAEAEAE]
[2026-04-02 16:53:09.972] 在线连接:   1  |  收到数据:    28084 B  |  解析完整帧:   1003 帧  |  发送帧:   1003 帧  (   52156 B)  [帧头:EAEAEAEA  帧尾:AEAEAEAE]
[2026-04-02 16:53:10.973] 在线连接:   1  |  收到数据:    28000 B  |  解析完整帧:   1000 帧  |  发送帧:   1000 帧  (   52000 B)  [帧头:EAEAEAEA  帧尾:AEAEAEAE]
[2026-04-02 16:53:11.974] 在线连接:   1  |  收到数据:    27804 B  |  解析完整帧:    993 帧  |  发送帧:    993 帧  (   51636 B)  [帧头:EAEAEAEA  帧尾:AEAEAEAE]
[2026-04-02 16:53:12.975] 在线连接:   1  |  收到数据:    28140 B  |  解析完整帧:   1005 帧  |  发送帧:   1005 帧  (   52260 B)  [帧头:EAEAEAEA  帧尾:AEAEAEAE]
[2026-04-02 16:53:13.976] 在线连接:   1  |  收到数据:    28056 B  |  解析完整帧:   1002 帧  |  发送帧:   1002 帧  (   52104 B)  [帧头:EAEAEAEA  帧尾:AEAEAEAE]
[2026-04-02 16:53:14.978] 在线连接:   1  |  收到数据:    28168 B  |  解析完整帧:   1006 帧  |  发送帧:   1006 帧  (   52312 B)  [帧头:EAEAEAEA  帧尾:AEAEAEAE]
[2026-04-02 16:53:15.979] 在线连接:   1  |  收到数据:    27972 B  |  解析完整帧:    999 帧  |  发送帧:    999 帧  (   51948 B)  [帧头:EAEAEAEA  帧尾:AEAEAEAE]
[2026-04-02 16:53:16.979] 在线连接:   1  |  收到数据:    27832 B  |  解析完整帧:    994 帧  |  发送帧:    994 帧  (   51688 B)  [帧头:EAEAEAEA  帧尾:AEAEAEAE]
[2026-04-02 16:53:17.980] 在线连接:   1  |  收到数据:    28112 B  |  解析完整帧:   1004 帧  |  发送帧:   1004 帧  (   52208 B)  [帧头:EAEAEAEA  帧尾:AEAEAEAE]
[2026-04-02 16:53:18.981] 在线连接:   1  |  收到数据:    27748 B  |  解析完整帧:    991 帧  |  发送帧:    991 帧  (   51532 B)  [帧头:EAEAEAEA  帧尾:AEAEAEAE]
[2026-04-02 16:53:19.982] 在线连接:   1  |  收到数据:    28448 B  |  解析完整帧:   1016 帧  |  发送帧:   1016 帧  (   52832 B)  [帧头:EAEAEAEA  帧尾:AEAEAEAE]
[2026-04-02 16:53:20.983] 在线连接:   1  |  收到数据:    28056 B  |  解析完整帧:   1002 帧  |  发送帧:   1002 帧  (   52104 B)  [帧头:EAEAEAEA  帧尾:AEAEAEAE]
[2026-04-02 16:53:21.983] 在线连接:   1  |  收到数据:    28000 B  |  解析完整帧:   1000 帧  |  发送帧:   1000 帧  (   52000 B)  [帧头:EAEAEAEA  帧尾:AEAEAEAE]
[2026-04-02 16:53:22.984] 在线连接:   1  |  收到数据:    28028 B  |  解析完整帧:   1001 帧  |  发送帧:   1001 帧  (   52052 B)  [帧头:EAEAEAEA  帧尾:AEAEAEAE]
[2026-04-02 16:53:23.985] 在线连接:   1  |  收到数据:    27944 B  |  解析完整帧:    998 帧  |  发送帧:    998 帧  (   51896 B)  [帧头:EAEAEAEA  帧尾:AEAEAEAE]
[2026-04-02 16:53:24.985] 在线连接:   1  |  收到数据:    27944 B  |  解析完整帧:    998 帧  |  发送帧:    998 帧  (   51896 B)  [帧头:EAEAEAEA  帧尾:AEAEAEAE]
[2026-04-02 16:53:25.986] 在线连接:   1  |  收到数据:    27944 B  |  解析完整帧:    998 帧  |  发送帧:    998 帧  (   51896 B)  [帧头:EAEAEAEA  帧尾:AEAEAEAE]
[2026-04-02 16:53:26.987] 在线连接:   1  |  收到数据:    28224 B  |  解析完整帧:   1008 帧  |  发送帧:   1008 帧  (   52416 B)  [帧头:EAEAEAEA  帧尾:AEAEAEAE]
[2026-04-02 16:53:27.988] 在线连接:   1  |  收到数据:    27636 B  |  解析完整帧:    987 帧  |  发送帧:    987 帧  (   51324 B)  [帧头:EAEAEAEA  帧尾:AEAEAEAE]
[2026-04-02 16:53:28.988] 在线连接:   1  |  收到数据:    28336 B  |  解析完整帧:   1012 帧  |  发送帧:   1012 帧  (   52624 B)  [帧头:EAEAEAEA  帧尾:AEAEAEAE]
[2026-04-02 16:53:29.989] 在线连接:   1  |  收到数据:    27944 B  |  解析完整帧:    998 帧  |  发送帧:    998 帧  (   51896 B)  [帧头:EAEAEAEA  帧尾:AEAEAEAE]
[2026-04-02 16:53:30.989] 在线连接:   1  |  收到数据:    28140 B  |  解析完整帧:   1005 帧  |  发送帧:   1005 帧  (   52260 B)  [帧头:EAEAEAEA  帧尾:AEAEAEAE]
[2026-04-02 16:53:31.990] 在线连接:   1  |  收到数据:    28028 B  |  解析完整帧:   1001 帧  |  发送帧:   1001 帧  (   52052 B)  [帧头:EAEAEAEA  帧尾:AEAEAEAE]
[2026-04-02 16:53:32.991] 在线连接:   1  |  收到数据:    27524 B  |  解析完整帧:    983 帧  |  发送帧:    983 帧  (   51116 B)  [帧头:EAEAEAEA  帧尾:AEAEAEAE]
[2026-04-02 16:53:33.992] 在线连接:   1  |  收到数据:    28532 B  |  解析完整帧:   1019 帧  |  发送帧:   1019 帧  (   52988 B)  [帧头:EAEAEAEA  帧尾:AEAEAEAE]
[2026-04-02 16:53:34.993] 在线连接:   1  |  收到数据:    27244 B  |  解析完整帧:    973 帧  |  发送帧:    973 帧  (   50596 B)  [帧头:EAEAEAEA  帧尾:AEAEAEAE]
[2026-04-02 16:53:35.993] 在线连接:   1  |  收到数据:    28532 B  |  解析完整帧:   1019 帧  |  发送帧:   1019 帧  (   52988 B)  [帧头:EAEAEAEA  帧尾:AEAEAEAE]
[2026-04-02 16:53:36.994] 在线连接:   1  |  收到数据:    28336 B  |  解析完整帧:   1012 帧  |  发送帧:   1009 帧  (   52468 B)  [帧头:EAEAEAEA  帧尾:AEAEAEAE]
[2026-04-02 16:53:37.995] 在线连接:   1  |  收到数据:    27972 B  |  解析完整帧:    999 帧  |  发送帧:   1002 帧  (   52104 B)  [帧头:EAEAEAEA  帧尾:AEAEAEAE]
[2026-04-02 16:53:38.996] 在线连接:   1  |  收到数据:    28000 B  |  解析完整帧:   1000 帧  |  发送帧:   1000 帧  (   52000 B)  [帧头:EAEAEAEA  帧尾:AEAEAEAE]
[2026-04-02 16:53:39.996] 在线连接:   1  |  收到数据:    28056 B  |  解析完整帧:   1002 帧  |  发送帧:   1002 帧  (   52104 B)  [帧头:EAEAEAEA  帧尾:AEAEAEAE]
[2026-04-02 16:53:40.997] 在线连接:   1  |  收到数据:    28000 B  |  解析完整帧:   1000 帧  |  发送帧:   1000 帧  (   52000 B)  [帧头:EAEAEAEA  帧尾:AEAEAEAE]
[2026-04-02 16:53:41.997] 在线连接:   1  |  收到数据:    28056 B  |  解析完整帧:   1002 帧  |  发送帧:   1002 帧  (   52104 B)  [帧头:EAEAEAEA  帧尾:AEAEAEAE]
[2026-04-02 16:53:42.998] 在线连接:   1  |  收到数据:    27972 B  |  解析完整帧:    999 帧  |  发送帧:    999 帧  (   51948 B)  [帧头:EAEAEAEA  帧尾:AEAEAEAE]
[2026-04-02 16:53:43.999] 在线连接:   1  |  收到数据:    27916 B  |  解析完整帧:    997 帧  |  发送帧:    997 帧  (   51844 B)  [帧头:EAEAEAEA  帧尾:AEAEAEAE]
[2026-04-02 16:53:44.999] 在线连接:   1  |  收到数据:    28056 B  |  解析完整帧:   1002 帧  |  发送帧:   1002 帧  (   52104 B)  [帧头:EAEAEAEA  帧尾:AEAEAEAE]
[2026-04-02 16:53:46.000] 在线连接:   1  |  收到数据:    28056 B  |  解析完整帧:   1002 帧  |  发送帧:   1002 帧  (   52104 B)  [帧头:EAEAEAEA  帧尾:AEAEAEAE]
[2026-04-02 16:53:47.001] 在线连接:   1  |  收到数据:    28056 B  |  解析完整帧:   1002 帧  |  发送帧:   1002 帧  (   52104 B)  [帧头:EAEAEAEA  帧尾:AEAEAEAE]
[2026-04-02 16:53:48.002] 在线连接:   1  |  收到数据:    27804 B  |  解析完整帧:    993 帧  |  发送帧:    993 帧  (   51636 B)  [帧头:EAEAEAEA  帧尾:AEAEAEAE]
[2026-04-02 16:53:49.002] 在线连接:   1  |  收到数据:    28224 B  |  解析完整帧:   1008 帧  |  发送帧:   1008 帧  (   52416 B)  [帧头:EAEAEAEA  帧尾:AEAEAEAE]
[2026-04-02 16:53:50.003] 在线连接:   1  |  收到数据:    28056 B  |  解析完整帧:   1002 帧  |  发送帧:   1002 帧  (   52104 B)  [帧头:EAEAEAEA  帧尾:AEAEAEAE]
[2026-04-02 16:53:51.004] 在线连接:   1  |  收到数据:    28028 B  |  解析完整帧:   1001 帧  |  发送帧:   1001 帧  (   52052 B)  [帧头:EAEAEAEA  帧尾:AEAEAEAE]
[2026-04-02 16:53:52.004] 在线连接:   1  |  收到数据:    28000 B  |  解析完整帧:   1000 帧  |  发送帧:   1000 帧  (   52000 B)  [帧头:EAEAEAEA  帧尾:AEAEAEAE]
[2026-04-02 16:53:53.005] 在线连接:   1  |  收到数据:    28028 B  |  解析完整帧:   1001 帧  |  发送帧:   1001 帧  (   52052 B)  [帧头:EAEAEAEA  帧尾:AEAEAEAE]
[2026-04-02 16:53:54.006] 在线连接:   1  |  收到数据:    28000 B  |  解析完整帧:   1000 帧  |  发送帧:   1000 帧  (   52000 B)  [帧头:EAEAEAEA  帧尾:AEAEAEAE]
[2026-04-02 16:53:55.007] 在线连接:   1  |  收到数据:    28000 B  |  解析完整帧:   1000 帧  |  发送帧:    997 帧  (   51844 B)  [帧头:EAEAEAEA  帧尾:AEAEAEAE]
[2026-04-02 16:53:56.007] 在线连接:   1  |  收到数据:    27804 B  |  解析完整帧:    993 帧  |  发送帧:    996 帧  (   51792 B)  [帧头:EAEAEAEA  帧尾:AEAEAEAE]
[2026-04-02 16:53:57.008] 在线连接:   1  |  收到数据:    28252 B  |  解析完整帧:   1009 帧  |  发送帧:   1009 帧  (   52468 B)  [帧头:EAEAEAEA  帧尾:AEAEAEAE]
[2026-04-02 16:53:58.009] 在线连接:   1  |  收到数据:    28056 B  |  解析完整帧:   1002 帧  |  发送帧:   1000 帧  (   52000 B)  [帧头:EAEAEAEA  帧尾:AEAEAEAE]
[2026-04-02 16:53:59.010] 在线连接:   1  |  收到数据:    28028 B  |  解析完整帧:   1001 帧  |  发送帧:   1003 帧  (   52156 B)  [帧头:EAEAEAEA  帧尾:AEAEAEAE]
[2026-04-02 16:54:00.010] 在线连接:   1  |  收到数据:    28028 B  |  解析完整帧:   1001 帧  |  发送帧:   1001 帧  (   52052 B)  [帧头:EAEAEAEA  帧尾:AEAEAEAE]
[2026-04-02 16:54:01.011] 在线连接:   1  |  收到数据:    27636 B  |  解析完整帧:    987 帧  |  发送帧:    987 帧  (   51324 B)  [帧头:EAEAEAEA  帧尾:AEAEAEAE]
[2026-04-02 16:54:02.012] 在线连接:   1  |  收到数据:    28308 B  |  解析完整帧:   1011 帧  |  发送帧:   1011 帧  (   52572 B)  [帧头:EAEAEAEA  帧尾:AEAEAEAE]
[2026-04-02 16:54:03.013] 在线连接:   1  |  收到数据:    27692 B  |  解析完整帧:    989 帧  |  发送帧:    989 帧  (   51428 B)  [帧头:EAEAEAEA  帧尾:AEAEAEAE]
[2026-04-02 16:54:04.014] 在线连接:   1  |  收到数据:    28420 B  |  解析完整帧:   1015 帧  |  发送帧:   1015 帧  (   52780 B)  [帧头:EAEAEAEA  帧尾:AEAEAEAE]
[2026-04-02 16:54:05.014] 在线连接:   1  |  收到数据:    28056 B  |  解析完整帧:   1002 帧  |  发送帧:   1002 帧  (   52104 B)  [帧头:EAEAEAEA  帧尾:AEAEAEAE]
[2026-04-02 16:54:06.015] 在线连接:   1  |  收到数据:    27636 B  |  解析完整帧:    987 帧  |  发送帧:    987 帧  (   51324 B)  [帧头:EAEAEAEA  帧尾:AEAEAEAE]
[2026-04-02 16:54:07.016] 在线连接:   1  |  收到数据:    28252 B  |  解析完整帧:   1009 帧  |  发送帧:   1009 帧  (   52468 B)  [帧头:EAEAEAEA  帧尾:AEAEAEAE]
[2026-04-02 16:54:08.017] 在线连接:   1  |  收到数据:    28168 B  |  解析完整帧:   1006 帧  |  发送帧:   1006 帧  (   52312 B)  [帧头:EAEAEAEA  帧尾:AEAEAEAE]
[2026-04-02 16:54:09.018] 在线连接:   1  |  收到数据:    27804 B  |  解析完整帧:    993 帧  |  发送帧:    993 帧  (   51636 B)  [帧头:EAEAEAEA  帧尾:AEAEAEAE]
[2026-04-02 16:54:10.019] 在线连接:   1  |  收到数据:    28140 B  |  解析完整帧:   1005 帧  |  发送帧:   1005 帧  (   52260 B)  [帧头:EAEAEAEA  帧尾:AEAEAEAE]
[2026-04-02 16:54:11.019] 在线连接:   1  |  收到数据:    28028 B  |  解析完整帧:   1001 帧  |  发送帧:   1001 帧  (   52052 B)  [帧头:EAEAEAEA  帧尾:AEAEAEAE]
[2026-04-02 16:54:12.020] 在线连接:   1  |  收到数据:    28084 B  |  解析完整帧:   1003 帧  |  发送帧:   1003 帧  (   52156 B)  [帧头:EAEAEAEA  帧尾:AEAEAEAE]
[2026-04-02 16:54:13.021] 在线连接:   1  |  收到数据:    27636 B  |  解析完整帧:    987 帧  |  发送帧:    987 帧  (   51324 B)  [帧头:EAEAEAEA  帧尾:AEAEAEAE]
[2026-04-02 16:54:14.021] 在线连接:   1  |  收到数据:    28420 B  |  解析完整帧:   1015 帧  |  发送帧:   1015 帧  (   52780 B)  [帧头:EAEAEAEA  帧尾:AEAEAEAE]
[2026-04-02 16:54:15.023] 在线连接:   1  |  收到数据:    28084 B  |  解析完整帧:   1003 帧  |  发送帧:   1001 帧  (   52052 B)  [帧头:EAEAEAEA  帧尾:AEAEAEAE]
[2026-04-02 16:54:16.023] 在线连接:   1  |  收到数据:    27972 B  |  解析完整帧:    999 帧  |  发送帧:   1001 帧  (   52052 B)  [帧头:EAEAEAEA  帧尾:AEAEAEAE]
[2026-04-02 16:54:17.024] 在线连接:   1  |  收到数据:    28028 B  |  解析完整帧:   1001 帧  |  发送帧:   1001 帧  (   52052 B)  [帧头:EAEAEAEA  帧尾:AEAEAEAE]
[2026-04-02 16:54:18.024] 在线连接:   1  |  收到数据:    28028 B  |  解析完整帧:   1001 帧  |  发送帧:   1001 帧  (   52052 B)  [帧头:EAEAEAEA  帧尾:AEAEAEAE]
[2026-04-02 16:54:19.025] 在线连接:   1  |  收到数据:    28000 B  |  解析完整帧:   1000 帧  |  发送帧:   1000 帧  (   52000 B)  [帧头:EAEAEAEA  帧尾:AEAEAEAE]
[2026-04-02 16:54:20.026] 在线连接:   1  |  收到数据:    28028 B  |  解析完整帧:   1001 帧  |  发送帧:   1001 帧  (   52052 B)  [帧头:EAEAEAEA  帧尾:AEAEAEAE]
[2026-04-02 16:54:21.026] 在线连接:   1  |  收到数据:    27972 B  |  解析完整帧:    999 帧  |  发送帧:    999 帧  (   51948 B)  [帧头:EAEAEAEA  帧尾:AEAEAEAE]
[2026-04-02 16:54:22.027] 在线连接:   1  |  收到数据:    28084 B  |  解析完整帧:   1003 帧  |  发送帧:   1003 帧  (   52156 B)  [帧头:EAEAEAEA  帧尾:AEAEAEAE]
[2026-04-02 16:54:23.028] 在线连接:   1  |  收到数据:    27804 B  |  解析完整帧:    993 帧  |  发送帧:    993 帧  (   51636 B)  [帧头:EAEAEAEA  帧尾:AEAEAEAE]
[2026-04-02 16:54:24.028] 在线连接:   1  |  收到数据:    27804 B  |  解析完整帧:    993 帧  |  发送帧:    993 帧  (   51636 B)  [帧头:EAEAEAEA  帧尾:AEAEAEAE]
[2026-04-02 16:54:25.029] 在线连接:   1  |  收到数据:    28420 B  |  解析完整帧:   1015 帧  |  发送帧:   1015 帧  (   52780 B)  [帧头:EAEAEAEA  帧尾:AEAEAEAE]
[2026-04-02 16:54:26.030] 在线连接:   1  |  收到数据:    28000 B  |  解析完整帧:   1000 帧  |  发送帧:   1000 帧  (   52000 B)  [帧头:EAEAEAEA  帧尾:AEAEAEAE]
[2026-04-02 16:54:27.031] 在线连接:   1  |  收到数据:    28056 B  |  解析完整帧:   1002 帧  |  发送帧:   1002 帧  (   52104 B)  [帧头:EAEAEAEA  帧尾:AEAEAEAE]
[2026-04-02 16:54:28.032] 在线连接:   1  |  收到数据:    27916 B  |  解析完整帧:    997 帧  |  发送帧:    997 帧  (   51844 B)  [帧头:EAEAEAEA  帧尾:AEAEAEAE]
[2026-04-02 16:54:29.033] 在线连接:   1  |  收到数据:    28112 B  |  解析完整帧:   1004 帧  |  发送帧:   1004 帧  (   52208 B)  [帧头:EAEAEAEA  帧尾:AEAEAEAE]
[2026-04-02 16:54:30.033] 在线连接:   1  |  收到数据:    27916 B  |  解析完整帧:    997 帧  |  发送帧:    997 帧  (   51844 B)  [帧头:EAEAEAEA  帧尾:AEAEAEAE]
[2026-04-02 16:54:31.034] 在线连接:   1  |  收到数据:    28140 B  |  解析完整帧:   1005 帧  |  发送帧:   1005 帧  (   52260 B)  [帧头:EAEAEAEA  帧尾:AEAEAEAE]
[2026-04-02 16:54:32.035] 在线连接:   1  |  收到数据:    27748 B  |  解析完整帧:    991 帧  |  发送帧:    991 帧  (   51532 B)  [帧头:EAEAEAEA  帧尾:AEAEAEAE]
[2026-04-02 16:54:33.036] 在线连接:   1  |  收到数据:    28280 B  |  解析完整帧:   1010 帧  |  发送帧:   1010 帧  (   52520 B)  [帧头:EAEAEAEA  帧尾:AEAEAEAE]
[2026-04-02 16:54:34.037] 在线连接:   1  |  收到数据:    27916 B  |  解析完整帧:    997 帧  |  发送帧:    997 帧  (   51844 B)  [帧头:EAEAEAEA  帧尾:AEAEAEAE]
[2026-04-02 16:54:35.038] 在线连接:   1  |  收到数据:    27972 B  |  解析完整帧:    999 帧  |  发送帧:    999 帧  (   51948 B)  [帧头:EAEAEAEA  帧尾:AEAEAEAE]
[2026-04-02 16:54:36.039] 在线连接:   1  |  收到数据:    27832 B  |  解析完整帧:    994 帧  |  发送帧:    994 帧  (   51688 B)  [帧头:EAEAEAEA  帧尾:AEAEAEAE]
[2026-04-02 16:54:37.039] 在线连接:   1  |  收到数据:    28420 B  |  解析完整帧:   1015 帧  |  发送帧:   1012 帧  (   52624 B)  [帧头:EAEAEAEA  帧尾:AEAEAEAE]
[2026-04-02 16:54:38.040] 在线连接:   1  |  收到数据:    27860 B  |  解析完整帧:    995 帧  |  发送帧:    998 帧  (   51896 B)  [帧头:EAEAEAEA  帧尾:AEAEAEAE]
[2026-04-02 16:54:39.041] 在线连接:   1  |  收到数据:    28196 B  |  解析完整帧:   1007 帧  |  发送帧:   1007 帧  (   52364 B)  [帧头:EAEAEAEA  帧尾:AEAEAEAE]
[2026-04-02 16:54:40.041] 在线连接:   1  |  收到数据:    28000 B  |  解析完整帧:   1000 帧  |  发送帧:   1000 帧  (   52000 B)  [帧头:EAEAEAEA  帧尾:AEAEAEAE]
[2026-04-02 16:54:41.041] 在线连接:   1  |  收到数据:    27552 B  |  解析完整帧:    984 帧  |  发送帧:    984 帧  (   51168 B)  [帧头:EAEAEAEA  帧尾:AEAEAEAE]
[2026-04-02 16:54:42.042] 在线连接:   1  |  收到数据:    28112 B  |  解析完整帧:   1004 帧  |  发送帧:   1004 帧  (   52208 B)  [帧头:EAEAEAEA  帧尾:AEAEAEAE]
[2026-04-02 16:54:43.043] 在线连接:   1  |  收到数据:    27860 B  |  解析完整帧:    995 帧  |  发送帧:    995 帧  (   51740 B)  [帧头:EAEAEAEA  帧尾:AEAEAEAE]
[2026-04-02 16:54:44.044] 在线连接:   1  |  收到数据:    28196 B  |  解析完整帧:   1007 帧  |  发送帧:   1007 帧  (   52364 B)  [帧头:EAEAEAEA  帧尾:AEAEAEAE]
[2026-04-02 16:54:45.044] 在线连接:   1  |  收到数据:    28000 B  |  解析完整帧:   1000 帧  |  发送帧:   1000 帧  (   52000 B)  [帧头:EAEAEAEA  帧尾:AEAEAEAE]
[2026-04-02 16:54:46.045] 在线连接:   1  |  收到数据:    27972 B  |  解析完整帧:    999 帧  |  发送帧:    999 帧  (   51948 B)  [帧头:EAEAEAEA  帧尾:AEAEAEAE]
[2026-04-02 16:54:47.045] 在线连接:   1  |  收到数据:    28056 B  |  解析完整帧:   1002 帧  |  发送帧:   1002 帧  (   52104 B)  [帧头:EAEAEAEA  帧尾:AEAEAEAE]
[2026-04-02 16:54:48.046] 在线连接:   1  |  收到数据:    27888 B  |  解析完整帧:    996 帧  |  发送帧:    996 帧  (   51792 B)  [帧头:EAEAEAEA  帧尾:AEAEAEAE]
[2026-04-02 16:54:49.046] 在线连接:   1  |  收到数据:    28056 B  |  解析完整帧:   1002 帧  |  发送帧:   1002 帧  (   52104 B)  [帧头:EAEAEAEA  帧尾:AEAEAEAE]
[2026-04-02 16:54:50.047] 在线连接:   1  |  收到数据:    28028 B  |  解析完整帧:   1001 帧  |  发送帧:   1001 帧  (   52052 B)  [帧头:EAEAEAEA  帧尾:AEAEAEAE]
[2026-04-02 16:54:51.047] 在线连接:   1  |  收到数据:    28084 B  |  解析完整帧:   1003 帧  |  发送帧:   1003 帧  (   52156 B)  [帧头:EAEAEAEA  帧尾:AEAEAEAE]
[2026-04-02 16:54:52.048] 在线连接:   1  |  收到数据:    27888 B  |  解析完整帧:    996 帧  |  发送帧:    996 帧  (   51792 B)  [帧头:EAEAEAEA  帧尾:AEAEAEAE]
[2026-04-02 16:54:53.049] 在线连接:   1  |  收到数据:    28028 B  |  解析完整帧:   1001 帧  |  发送帧:   1001 帧  (   52052 B)  [帧头:EAEAEAEA  帧尾:AEAEAEAE]
[2026-04-02 16:54:54.050] 在线连接:   1  |  收到数据:    28140 B  |  解析完整帧:   1005 帧  |  发送帧:   1005 帧  (   52260 B)  [帧头:EAEAEAEA  帧尾:AEAEAEAE]
[2026-04-02 16:54:55.050] 在线连接:   1  |  收到数据:    28028 B  |  解析完整帧:   1001 帧  |  发送帧:   1001 帧  (   52052 B)  [帧头:EAEAEAEA  帧尾:AEAEAEAE]
[2026-04-02 16:54:56.051] 在线连接:   1  |  收到数据:    28028 B  |  解析完整帧:   1001 帧  |  发送帧:   1001 帧  (   52052 B)  [帧头:EAEAEAEA  帧尾:AEAEAEAE]
[2026-04-02 16:54:57.052] 在线连接:   1  |  收到数据:    27916 B  |  解析完整帧:    997 帧  |  发送帧:    997 帧  (   51844 B)  [帧头:EAEAEAEA  帧尾:AEAEAEAE]
[2026-04-02 16:54:58.053] 在线连接:   1  |  收到数据:    27972 B  |  解析完整帧:    999 帧  |  发送帧:    999 帧  (   51948 B)  [帧头:EAEAEAEA  帧尾:AEAEAEAE]
[2026-04-02 16:54:59.054] 在线连接:   1  |  收到数据:    28000 B  |  解析完整帧:   1000 帧  |  发送帧:   1000 帧  (   52000 B)  [帧头:EAEAEAEA  帧尾:AEAEAEAE]
[2026-04-02 16:55:00.055] 在线连接:   1  |  收到数据:    27748 B  |  解析完整帧:    991 帧  |  发送帧:    991 帧  (   51532 B)  [帧头:EAEAEAEA  帧尾:AEAEAEAE]
[2026-04-02 16:55:01.055] 在线连接:   1  |  收到数据:    28308 B  |  解析完整帧:   1011 帧  |  发送帧:   1011 帧  (   52572 B)  [帧头:EAEAEAEA  帧尾:AEAEAEAE]
[2026-04-02 16:55:02.056] 在线连接:   1  |  收到数据:    27720 B  |  解析完整帧:    990 帧  |  发送帧:    990 帧  (   51480 B)  [帧头:EAEAEAEA  帧尾:AEAEAEAE]
[2026-04-02 16:55:03.057] 在线连接:   1  |  收到数据:    28364 B  |  解析完整帧:   1013 帧  |  发送帧:   1013 帧  (   52676 B)  [帧头:EAEAEAEA  帧尾:AEAEAEAE]
[2026-04-02 16:55:04.058] 在线连接:   1  |  收到数据:    27720 B  |  解析完整帧:    990 帧  |  发送帧:    990 帧  (   51480 B)  [帧头:EAEAEAEA  帧尾:AEAEAEAE]
[2026-04-02 16:55:05.059] 在线连接:   1  |  收到数据:    28280 B  |  解析完整帧:   1010 帧  |  发送帧:   1010 帧  (   52520 B)  [帧头:EAEAEAEA  帧尾:AEAEAEAE]
[2026-04-02 16:55:06.059] 在线连接:   1  |  收到数据:    28056 B  |  解析完整帧:   1002 帧  |  发送帧:   1002 帧  (   52104 B)  [帧头:EAEAEAEA  帧尾:AEAEAEAE]
[2026-04-02 16:55:07.060] 在线连接:   1  |  收到数据:    28056 B  |  解析完整帧:   1002 帧  |  发送帧:   1002 帧  (   52104 B)  [帧头:EAEAEAEA  帧尾:AEAEAEAE]
[2026-04-02 16:55:08.061] 在线连接:   1  |  收到数据:    27972 B  |  解析完整帧:    999 帧  |  发送帧:    999 帧  (   51948 B)  [帧头:EAEAEAEA  帧尾:AEAEAEAE]
[2026-04-02 16:55:09.062] 在线连接:   1  |  收到数据:    28056 B  |  解析完整帧:   1002 帧  |  发送帧:   1000 帧  (   52000 B)  [帧头:EAEAEAEA  帧尾:AEAEAEAE]
[2026-04-02 16:55:10.062] 在线连接:   1  |  收到数据:    28028 B  |  解析完整帧:   1001 帧  |  发送帧:   1003 帧  (   52156 B)  [帧头:EAEAEAEA  帧尾:AEAEAEAE]
[2026-04-02 16:55:11.062] 在线连接:   1  |  收到数据:    27944 B  |  解析完整帧:    998 帧  |  发送帧:    998 帧  (   51896 B)  [帧头:EAEAEAEA  帧尾:AEAEAEAE]
[2026-04-02 16:55:12.063] 在线连接:   1  |  收到数据:    28000 B  |  解析完整帧:   1000 帧  |  发送帧:   1000 帧  (   52000 B)  [帧头:EAEAEAEA  帧尾:AEAEAEAE]
[2026-04-02 16:55:13.064] 在线连接:   1  |  收到数据:    27636 B  |  解析完整帧:    987 帧  |  发送帧:    987 帧  (   51324 B)  [帧头:EAEAEAEA  帧尾:AEAEAEAE]
[2026-04-02 16:55:14.064] 在线连接:   1  |  收到数据:    28448 B  |  解析完整帧:   1016 帧  |  发送帧:   1016 帧  (   52832 B)  [帧头:EAEAEAEA  帧尾:AEAEAEAE]
[2026-04-02 16:55:15.065] 在线连接:   1  |  收到数据:    28028 B  |  解析完整帧:   1001 帧  |  发送帧:   1001 帧  (   52052 B)  [帧头:EAEAEAEA  帧尾:AEAEAEAE]
[2026-04-02 16:55:16.066] 在线连接:   1  |  收到数据:    27664 B  |  解析完整帧:    988 帧  |  发送帧:    988 帧  (   51376 B)  [帧头:EAEAEAEA  帧尾:AEAEAEAE]
[2026-04-02 16:55:17.067] 在线连接:   1  |  收到数据:    28000 B  |  解析完整帧:   1000 帧  |  发送帧:   1000 帧  (   52000 B)  [帧头:EAEAEAEA  帧尾:AEAEAEAE]
[2026-04-02 16:55:18.068] 在线连接:   1  |  收到数据:    28420 B  |  解析完整帧:   1015 帧  |  发送帧:   1013 帧  (   52676 B)  [帧头:EAEAEAEA  帧尾:AEAEAEAE]
[2026-04-02 16:55:19.068] 在线连接:   1  |  收到数据:    28000 B  |  解析完整帧:   1000 帧  |  发送帧:   1002 帧  (   52104 B)  [帧头:EAEAEAEA  帧尾:AEAEAEAE]
[2026-04-02 16:55:20.069] 在线连接:   1  |  收到数据:    28028 B  |  解析完整帧:   1001 帧  |  发送帧:   1001 帧  (   52052 B)  [帧头:EAEAEAEA  帧尾:AEAEAEAE]
[2026-04-02 16:55:21.070] 在线连接:   1  |  收到数据:    28028 B  |  解析完整帧:   1001 帧  |  发送帧:    997 帧  (   51844 B)  [帧头:EAEAEAEA  帧尾:AEAEAEAE]
[2026-04-02 16:55:22.071] 在线连接:   1  |  收到数据:    27412 B  |  解析完整帧:    979 帧  |  发送帧:    983 帧  (   51116 B)  [帧头:EAEAEAEA  帧尾:AEAEAEAE]
[2026-04-02 16:55:23.071] 在线连接:   1  |  收到数据:    28084 B  |  解析完整帧:   1003 帧  |  发送帧:   1003 帧  (   52156 B)  [帧头:EAEAEAEA  帧尾:AEAEAEAE]
[2026-04-02 16:55:24.072] 在线连接:   1  |  收到数据:    28448 B  |  解析完整帧:   1016 帧  |  发送帧:   1016 帧  (   52832 B)  [帧头:EAEAEAEA  帧尾:AEAEAEAE]
[2026-04-02 16:55:25.073] 在线连接:   1  |  收到数据:    28056 B  |  解析完整帧:   1002 帧  |  发送帧:   1002 帧  (   52104 B)  [帧头:EAEAEAEA  帧尾:AEAEAEAE]
[2026-04-02 16:55:26.074] 在线连接:   1  |  收到数据:    28112 B  |  解析完整帧:   1004 帧  |  发送帧:   1004 帧  (   52208 B)  [帧头:EAEAEAEA  帧尾:AEAEAEAE]
[2026-04-02 16:55:27.074] 在线连接:   1  |  收到数据:    27748 B  |  解析完整帧:    991 帧  |  发送帧:    991 帧  (   51532 B)  [帧头:EAEAEAEA  帧尾:AEAEAEAE]
[2026-04-02 16:55:28.075] 在线连接:   1  |  收到数据:    28280 B  |  解析完整帧:   1010 帧  |  发送帧:   1010 帧  (   52520 B)  [帧头:EAEAEAEA  帧尾:AEAEAEAE]
[2026-04-02 16:55:29.076] 在线连接:   1  |  收到数据:    27804 B  |  解析完整帧:    993 帧  |  发送帧:    993 帧  (   51636 B)  [帧头:EAEAEAEA  帧尾:AEAEAEAE]
[2026-04-02 16:55:30.076] 在线连接:   1  |  收到数据:    28168 B  |  解析完整帧:   1006 帧  |  发送帧:   1006 帧  (   52312 B)  [帧头:EAEAEAEA  帧尾:AEAEAEAE]
[2026-04-02 16:55:31.077] 在线连接:   1  |  收到数据:    28028 B  |  解析完整帧:   1001 帧  |  发送帧:   1001 帧  (   52052 B)  [帧头:EAEAEAEA  帧尾:AEAEAEAE]
[2026-04-02 16:55:32.078] 在线连接:   1  |  收到数据:    28028 B  |  解析完整帧:   1001 帧  |  发送帧:   1001 帧  (   52052 B)  [帧头:EAEAEAEA  帧尾:AEAEAEAE]
[2026-04-02 16:55:33.079] 在线连接:   1  |  收到数据:    28112 B  |  解析完整帧:   1004 帧  |  发送帧:   1004 帧  (   52208 B)  [帧头:EAEAEAEA  帧尾:AEAEAEAE]
[2026-04-02 16:55:34.080] 在线连接:   1  |  收到数据:    28028 B  |  解析完整帧:   1001 帧  |  发送帧:   1001 帧  (   52052 B)  [帧头:EAEAEAEA  帧尾:AEAEAEAE]
[2026-04-02 16:55:35.080] 在线连接:   1  |  收到数据:    27888 B  |  解析完整帧:    996 帧  |  发送帧:    996 帧  (   51792 B)  [帧头:EAEAEAEA  帧尾:AEAEAEAE]
[2026-04-02 16:55:36.081] 在线连接:   1  |  收到数据:    28112 B  |  解析完整帧:   1004 帧  |  发送帧:   1004 帧  (   52208 B)  [帧头:EAEAEAEA  帧尾:AEAEAEAE]
[2026-04-02 16:55:37.082] 在线连接:   1  |  收到数据:    28056 B  |  解析完整帧:   1002 帧  |  发送帧:   1002 帧  (   52104 B)  [帧头:EAEAEAEA  帧尾:AEAEAEAE]
[2026-04-02 16:55:38.082] 在线连接:   1  |  收到数据:    28000 B  |  解析完整帧:   1000 帧  |  发送帧:   1000 帧  (   52000 B)  [帧头:EAEAEAEA  帧尾:AEAEAEAE]
[2026-04-02 16:55:39.083] 在线连接:   1  |  收到数据:    28000 B  |  解析完整帧:   1000 帧  |  发送帧:   1000 帧  (   52000 B)  [帧头:EAEAEAEA  帧尾:AEAEAEAE]
[2026-04-02 16:55:40.083] 在线连接:   1  |  收到数据:    28000 B  |  解析完整帧:   1000 帧  |  发送帧:   1000 帧  (   52000 B)  [帧头:EAEAEAEA  帧尾:AEAEAEAE]
[2026-04-02 16:55:41.084] 在线连接:   1  |  收到数据:    27972 B  |  解析完整帧:    999 帧  |  发送帧:    999 帧  (   51948 B)  [帧头:EAEAEAEA  帧尾:AEAEAEAE]
[2026-04-02 16:55:42.085] 在线连接:   1  |  收到数据:    28056 B  |  解析完整帧:   1002 帧  |  发送帧:   1002 帧  (   52104 B)  [帧头:EAEAEAEA  帧尾:AEAEAEAE]
[2026-04-02 16:55:43.085] 在线连接:   1  |  收到数据:    28028 B  |  解析完整帧:   1001 帧  |  发送帧:   1001 帧  (   52052 B)  [帧头:EAEAEAEA  帧尾:AEAEAEAE]
[2026-04-02 16:55:44.086] 在线连接:   1  |  收到数据:    27860 B  |  解析完整帧:    995 帧  |  发送帧:    995 帧  (   51740 B)  [帧头:EAEAEAEA  帧尾:AEAEAEAE]
[2026-04-02 16:55:45.087] 在线连接:   1  |  收到数据:    28000 B  |  解析完整帧:   1000 帧  |  发送帧:   1000 帧  (   52000 B)  [帧头:EAEAEAEA  帧尾:AEAEAEAE]
[2026-04-02 16:55:46.088] 在线连接:   1  |  收到数据:    28196 B  |  解析完整帧:   1007 帧  |  发送帧:   1007 帧  (   52364 B)  [帧头:EAEAEAEA  帧尾:AEAEAEAE]
[2026-04-02 16:55:47.088] 在线连接:   1  |  收到数据:    28028 B  |  解析完整帧:   1001 帧  |  发送帧:   1001 帧  (   52052 B)  [帧头:EAEAEAEA  帧尾:AEAEAEAE]
[2026-04-02 16:55:48.089] 在线连接:   1  |  收到数据:    28056 B  |  解析完整帧:   1002 帧  |  发送帧:   1002 帧  (   52104 B)  [帧头:EAEAEAEA  帧尾:AEAEAEAE]
[2026-04-02 16:55:49.089] 在线连接:   1  |  收到数据:    27972 B  |  解析完整帧:    999 帧  |  发送帧:    999 帧  (   51948 B)  [帧头:EAEAEAEA  帧尾:AEAEAEAE]
[2026-04-02 16:55:50.090] 在线连接:   1  |  收到数据:    27524 B  |  解析完整帧:    983 帧  |  发送帧:    983 帧  (   51116 B)  [帧头:EAEAEAEA  帧尾:AEAEAEAE]
[2026-04-02 16:55:51.091] 在线连接:   1  |  收到数据:    28504 B  |  解析完整帧:   1018 帧  |  发送帧:   1018 帧  (   52936 B)  [帧头:EAEAEAEA  帧尾:AEAEAEAE]
[2026-04-02 16:55:52.091] 在线连接:   1  |  收到数据:    27664 B  |  解析完整帧:    988 帧  |  发送帧:    988 帧  (   51376 B)  [帧头:EAEAEAEA  帧尾:AEAEAEAE]
[2026-04-02 16:55:53.092] 在线连接:   1  |  收到数据:    28280 B  |  解析完整帧:   1010 帧  |  发送帧:   1010 帧  (   52520 B)  [帧头:EAEAEAEA  帧尾:AEAEAEAE]
[2026-04-02 16:55:54.093] 在线连接:   1  |  收到数据:    28168 B  |  解析完整帧:   1006 帧  |  发送帧:   1006 帧  (   52312 B)  [帧头:EAEAEAEA  帧尾:AEAEAEAE]
[2026-04-02 16:55:55.094] 在线连接:   1  |  收到数据:    28028 B  |  解析完整帧:   1001 帧  |  发送帧:   1000 帧  (   52000 B)  [帧头:EAEAEAEA  帧尾:AEAEAEAE]
[2026-04-02 16:55:56.095] 在线连接:   1  |  收到数据:    27804 B  |  解析完整帧:    993 帧  |  发送帧:    994 帧  (   51688 B)  [帧头:EAEAEAEA  帧尾:AEAEAEAE]
[2026-04-02 16:55:57.095] 在线连接:   1  |  收到数据:    28084 B  |  解析完整帧:   1003 帧  |  发送帧:   1003 帧  (   52156 B)  [帧头:EAEAEAEA  帧尾:AEAEAEAE]
[2026-04-02 16:55:58.096] 在线连接:   1  |  收到数据:    28168 B  |  解析完整帧:   1006 帧  |  发送帧:   1006 帧  (   52312 B)  [帧头:EAEAEAEA  帧尾:AEAEAEAE]
[2026-04-02 16:55:59.097] 在线连接:   1  |  收到数据:    28028 B  |  解析完整帧:   1001 帧  |  发送帧:   1001 帧  (   52052 B)  [帧头:EAEAEAEA  帧尾:AEAEAEAE]
[2026-04-02 16:56:00.098] 在线连接:   1  |  收到数据:    27580 B  |  解析完整帧:    985 帧  |  发送帧:    985 帧  (   51220 B)  [帧头:EAEAEAEA  帧尾:AEAEAEAE]
[2026-04-02 16:56:01.098] 在线连接:   1  |  收到数据:    28336 B  |  解析完整帧:   1012 帧  |  发送帧:   1012 帧  (   52624 B)  [帧头:EAEAEAEA  帧尾:AEAEAEAE]
[2026-04-02 16:56:02.099] 在线连接:   1  |  收到数据:    28056 B  |  解析完整帧:   1002 帧  |  发送帧:   1002 帧  (   52104 B)  [帧头:EAEAEAEA  帧尾:AEAEAEAE]
[2026-04-02 16:56:03.100] 在线连接:   1  |  收到数据:    27972 B  |  解析完整帧:    999 帧  |  发送帧:    999 帧  (   51948 B)  [帧头:EAEAEAEA  帧尾:AEAEAEAE]
[2026-04-02 16:56:04.100] 在线连接:   1  |  收到数据:    28000 B  |  解析完整帧:   1000 帧  |  发送帧:   1000 帧  (   52000 B)  [帧头:EAEAEAEA  帧尾:AEAEAEAE]
[2026-04-02 16:56:05.101] 在线连接:   1  |  收到数据:    27972 B  |  解析完整帧:    999 帧  |  发送帧:    999 帧  (   51948 B)  [帧头:EAEAEAEA  帧尾:AEAEAEAE]
[2026-04-02 16:56:06.102] 在线连接:   1  |  收到数据:    28056 B  |  解析完整帧:   1002 帧  |  发送帧:   1002 帧  (   52104 B)  [帧头:EAEAEAEA  帧尾:AEAEAEAE]
[2026-04-02 16:56:07.102] 在线连接:   1  |  收到数据:    27972 B  |  解析完整帧:    999 帧  |  发送帧:    999 帧  (   51948 B)  [帧头:EAEAEAEA  帧尾:AEAEAEAE]
[2026-04-02 16:56:08.103] 在线连接:   1  |  收到数据:    28140 B  |  解析完整帧:   1005 帧  |  发送帧:   1005 帧  (   52260 B)  [帧头:EAEAEAEA  帧尾:AEAEAEAE]
[2026-04-02 16:56:09.103] 在线连接:   1  |  收到数据:    28028 B  |  解析完整帧:   1001 帧  |  发送帧:   1001 帧  (   52052 B)  [帧头:EAEAEAEA  帧尾:AEAEAEAE]
[2026-04-02 16:56:10.104] 在线连接:   1  |  收到数据:    28028 B  |  解析完整帧:   1001 帧  |  发送帧:    989 帧  (   51428 B)  [帧头:EAEAEAEA  帧尾:AEAEAEAE]
[2026-04-02 16:56:11.105] 在线连接:   1  |  收到数据:    28000 B  |  解析完整帧:   1000 帧  |  发送帧:   1012 帧  (   52624 B)  [帧头:EAEAEAEA  帧尾:AEAEAEAE]
[2026-04-02 16:56:12.105] 在线连接:   1  |  收到数据:    27944 B  |  解析完整帧:    998 帧  |  发送帧:    998 帧  (   51896 B)  [帧头:EAEAEAEA  帧尾:AEAEAEAE]
[2026-04-02 16:56:13.106] 在线连接:   1  |  收到数据:    28112 B  |  解析完整帧:   1004 帧  |  发送帧:   1004 帧  (   52208 B)  [帧头:EAEAEAEA  帧尾:AEAEAEAE]
[2026-04-02 16:56:14.106] 在线连接:   1  |  收到数据:    27720 B  |  解析完整帧:    990 帧  |  发送帧:    990 帧  (   51480 B)  [帧头:EAEAEAEA  帧尾:AEAEAEAE]
[2026-04-02 16:56:15.107] 在线连接:   1  |  收到数据:    28252 B  |  解析完整帧:   1009 帧  |  发送帧:   1009 帧  (   52468 B)  [帧头:EAEAEAEA  帧尾:AEAEAEAE]
[2026-04-02 16:56:16.108] 在线连接:   1  |  收到数据:    28028 B  |  解析完整帧:   1001 帧  |  发送帧:   1001 帧  (   52052 B)  [帧头:EAEAEAEA  帧尾:AEAEAEAE]
[2026-04-02 16:56:17.108] 在线连接:   1  |  收到数据:    27888 B  |  解析完整帧:    996 帧  |  发送帧:    996 帧  (   51792 B)  [帧头:EAEAEAEA  帧尾:AEAEAEAE]
[2026-04-02 16:56:18.109] 在线连接:   1  |  收到数据:    28168 B  |  解析完整帧:   1006 帧  |  发送帧:   1006 帧  (   52312 B)  [帧头:EAEAEAEA  帧尾:AEAEAEAE]
[2026-04-02 16:56:19.109] 在线连接:   1  |  收到数据:    27524 B  |  解析完整帧:    983 帧  |  发送帧:    983 帧  (   51116 B)  [帧头:EAEAEAEA  帧尾:AEAEAEAE]
[2026-04-02 16:56:20.110] 在线连接:   1  |  收到数据:    28364 B  |  解析完整帧:   1013 帧  |  发送帧:   1013 帧  (   52676 B)  [帧头:EAEAEAEA  帧尾:AEAEAEAE]
[2026-04-02 16:56:21.110] 在线连接:   1  |  收到数据:    28140 B  |  解析完整帧:   1005 帧  |  发送帧:   1005 帧  (   52260 B)  [帧头:EAEAEAEA  帧尾:AEAEAEAE]
[2026-04-02 16:56:22.111] 在线连接:   1  |  收到数据:    27776 B  |  解析完整帧:    992 帧  |  发送帧:    992 帧  (   51584 B)  [帧头:EAEAEAEA  帧尾:AEAEAEAE]
[2026-04-02 16:56:23.112] 在线连接:   1  |  收到数据:    27944 B  |  解析完整帧:    998 帧  |  发送帧:    998 帧  (   51896 B)  [帧头:EAEAEAEA  帧尾:AEAEAEAE]
[2026-04-02 16:56:24.112] 在线连接:   1  |  收到数据:    28364 B  |  解析完整帧:   1013 帧  |  发送帧:   1013 帧  (   52676 B)  [帧头:EAEAEAEA  帧尾:AEAEAEAE]
[2026-04-02 16:56:25.112] 在线连接:   1  |  收到数据:    27888 B  |  解析完整帧:    996 帧  |  发送帧:    996 帧  (   51792 B)  [帧头:EAEAEAEA  帧尾:AEAEAEAE]
[2026-04-02 16:56:26.113] 在线连接:   1  |  收到数据:    27916 B  |  解析完整帧:    997 帧  |  发送帧:    997 帧  (   51844 B)  [帧头:EAEAEAEA  帧尾:AEAEAEAE]
[2026-04-02 16:56:27.114] 在线连接:   1  |  收到数据:    28140 B  |  解析完整帧:   1005 帧  |  发送帧:   1005 帧  (   52260 B)  [帧头:EAEAEAEA  帧尾:AEAEAEAE]
[2026-04-02 16:56:28.114] 在线连接:   1  |  收到数据:    28056 B  |  解析完整帧:   1002 帧  |  发送帧:   1002 帧  (   52104 B)  [帧头:EAEAEAEA  帧尾:AEAEAEAE]
[2026-04-02 16:56:29.115] 在线连接:   1  |  收到数据:    28028 B  |  解析完整帧:   1001 帧  |  发送帧:   1001 帧  (   52052 B)  [帧头:EAEAEAEA  帧尾:AEAEAEAE]
[2026-04-02 16:56:30.116] 在线连接:   1  |  收到数据:    27860 B  |  解析完整帧:    995 帧  |  发送帧:    995 帧  (   51740 B)  [帧头:EAEAEAEA  帧尾:AEAEAEAE]
[2026-04-02 16:56:31.116] 在线连接:   1  |  收到数据:    27972 B  |  解析完整帧:    999 帧  |  发送帧:    999 帧  (   51948 B)  [帧头:EAEAEAEA  帧尾:AEAEAEAE]
[2026-04-02 16:56:32.117] 在线连接:   1  |  收到数据:    28056 B  |  解析完整帧:   1002 帧  |  发送帧:   1002 帧  (   52104 B)  [帧头:EAEAEAEA  帧尾:AEAEAEAE]
[2026-04-02 16:56:33.118] 在线连接:   1  |  收到数据:    28224 B  |  解析完整帧:   1008 帧  |  发送帧:   1008 帧  (   52416 B)  [帧头:EAEAEAEA  帧尾:AEAEAEAE]
[2026-04-02 16:56:34.119] 在线连接:   1  |  收到数据:    27860 B  |  解析完整帧:    995 帧  |  发送帧:    995 帧  (   51740 B)  [帧头:EAEAEAEA  帧尾:AEAEAEAE]
[2026-04-02 16:56:35.120] 在线连接:   1  |  收到数据:    28140 B  |  解析完整帧:   1005 帧  |  发送帧:   1005 帧  (   52260 B)  [帧头:EAEAEAEA  帧尾:AEAEAEAE]
[2026-04-02 16:56:36.120] 在线连接:   1  |  收到数据:    28084 B  |  解析完整帧:   1003 帧  |  发送帧:   1003 帧  (   52156 B)  [帧头:EAEAEAEA  帧尾:AEAEAEAE]
[2026-04-02 16:56:37.121] 在线连接:   1  |  收到数据:    28000 B  |  解析完整帧:   1000 帧  |  发送帧:   1000 帧  (   52000 B)  [帧头:EAEAEAEA  帧尾:AEAEAEAE]
[2026-04-02 16:56:38.121] 在线连接:   1  |  收到数据:    27944 B  |  解析完整帧:    998 帧  |  发送帧:    998 帧  (   51896 B)  [帧头:EAEAEAEA  帧尾:AEAEAEAE]
[2026-04-02 16:56:39.122] 在线连接:   1  |  收到数据:    28000 B  |  解析完整帧:   1000 帧  |  发送帧:   1000 帧  (   52000 B)  [帧头:EAEAEAEA  帧尾:AEAEAEAE]
[2026-04-02 16:56:40.123] 在线连接:   1  |  收到数据:    28084 B  |  解析完整帧:   1003 帧  |  发送帧:   1003 帧  (   52156 B)  [帧头:EAEAEAEA  帧尾:AEAEAEAE]
[2026-04-02 16:56:41.124] 在线连接:   1  |  收到数据:    27636 B  |  解析完整帧:    987 帧  |  发送帧:    987 帧  (   51324 B)  [帧头:EAEAEAEA  帧尾:AEAEAEAE]
[2026-04-02 16:56:42.124] 在线连接:   1  |  收到数据:    28420 B  |  解析完整帧:   1015 帧  |  发送帧:   1015 帧  (   52780 B)  [帧头:EAEAEAEA  帧尾:AEAEAEAE]
[2026-04-02 16:56:43.125] 在线连接:   1  |  收到数据:    28028 B  |  解析完整帧:   1001 帧  |  发送帧:   1001 帧  (   52052 B)  [帧头:EAEAEAEA  帧尾:AEAEAEAE]
[2026-04-02 16:56:44.126] 在线连接:   1  |  收到数据:    28000 B  |  解析完整帧:   1000 帧  |  发送帧:   1000 帧  (   52000 B)  [帧头:EAEAEAEA  帧尾:AEAEAEAE]
[2026-04-02 16:56:45.127] 在线连接:   1  |  收到数据:    28028 B  |  解析完整帧:   1001 帧  |  发送帧:   1001 帧  (   52052 B)  [帧头:EAEAEAEA  帧尾:AEAEAEAE]
[2026-04-02 16:56:46.127] 在线连接:   1  |  收到数据:    27972 B  |  解析完整帧:    999 帧  |  发送帧:    999 帧  (   51948 B)  [帧头:EAEAEAEA  帧尾:AEAEAEAE]
[2026-04-02 16:56:47.128] 在线连接:   1  |  收到数据:    28056 B  |  解析完整帧:   1002 帧  |  发送帧:   1002 帧  (   52104 B)  [帧头:EAEAEAEA  帧尾:AEAEAEAE]
[2026-04-02 16:56:48.128] 在线连接:   1  |  收到数据:    27972 B  |  解析完整帧:    999 帧  |  发送帧:    999 帧  (   51948 B)  [帧头:EAEAEAEA  帧尾:AEAEAEAE]
[2026-04-02 16:56:49.129] 在线连接:   1  |  收到数据:    28056 B  |  解析完整帧:   1002 帧  |  发送帧:   1002 帧  (   52104 B)  [帧头:EAEAEAEA  帧尾:AEAEAEAE]
[2026-04-02 16:56:50.129] 在线连接:   1  |  收到数据:    27888 B  |  解析完整帧:    996 帧  |  发送帧:    996 帧  (   51792 B)  [帧头:EAEAEAEA  帧尾:AEAEAEAE]
[2026-04-02 16:56:51.130] 在线连接:   1  |  收到数据:    28168 B  |  解析完整帧:   1006 帧  |  发送帧:   1006 帧  (   52312 B)  [帧头:EAEAEAEA  帧尾:AEAEAEAE]
[2026-04-02 16:56:52.131] 在线连接:   1  |  收到数据:    28000 B  |  解析完整帧:   1000 帧  |  发送帧:   1000 帧  (   52000 B)  [帧头:EAEAEAEA  帧尾:AEAEAEAE]
[2026-04-02 16:56:53.132] 在线连接:   1  |  收到数据:    28056 B  |  解析完整帧:   1002 帧  |  发送帧:   1002 帧  (   52104 B)  [帧头:EAEAEAEA  帧尾:AEAEAEAE]
[2026-04-02 16:56:54.133] 在线连接:   1  |  收到数据:    28028 B  |  解析完整帧:   1001 帧  |  发送帧:   1001 帧  (   52052 B)  [帧头:EAEAEAEA  帧尾:AEAEAEAE]
[2026-04-02 16:56:55.133] 在线连接:   1  |  收到数据:    28028 B  |  解析完整帧:   1001 帧  |  发送帧:   1001 帧  (   52052 B)  [帧头:EAEAEAEA  帧尾:AEAEAEAE]
[2026-04-02 16:56:56.134] 在线连接:   1  |  收到数据:    27636 B  |  解析完整帧:    987 帧  |  发送帧:    987 帧  (   51324 B)  [帧头:EAEAEAEA  帧尾:AEAEAEAE]
[2026-04-02 16:56:57.135] 在线连接:   1  |  收到数据:    28084 B  |  解析完整帧:   1003 帧  |  发送帧:   1003 帧  (   52156 B)  [帧头:EAEAEAEA  帧尾:AEAEAEAE]
[2026-04-02 16:56:58.135] 在线连接:   1  |  收到数据:    28028 B  |  解析完整帧:   1001 帧  |  发送帧:   1001 帧  (   52052 B)  [帧头:EAEAEAEA  帧尾:AEAEAEAE]
[2026-04-02 16:56:59.136] 在线连接:   1  |  收到数据:    27916 B  |  解析完整帧:    997 帧  |  发送帧:    997 帧  (   51844 B)  [帧头:EAEAEAEA  帧尾:AEAEAEAE]
[2026-04-02 16:57:00.137] 在线连接:   1  |  收到数据:    28336 B  |  解析完整帧:   1012 帧  |  发送帧:   1012 帧  (   52624 B)  [帧头:EAEAEAEA  帧尾:AEAEAEAE]
[2026-04-02 16:57:01.138] 在线连接:   1  |  收到数据:    28084 B  |  解析完整帧:   1003 帧  |  发送帧:   1003 帧  (   52156 B)  [帧头:EAEAEAEA  帧尾:AEAEAEAE]
[2026-04-02 16:57:02.138] 在线连接:   1  |  收到数据:    28084 B  |  解析完整帧:   1003 帧  |  发送帧:   1003 帧  (   52156 B)  [帧头:EAEAEAEA  帧尾:AEAEAEAE]
[2026-04-02 16:57:03.139] 在线连接:   1  |  收到数据:    27776 B  |  解析完整帧:    992 帧  |  发送帧:    992 帧  (   51584 B)  [帧头:EAEAEAEA  帧尾:AEAEAEAE]
[2026-04-02 16:57:04.140] 在线连接:   1  |  收到数据:    27944 B  |  解析完整帧:    998 帧  |  发送帧:    998 帧  (   51896 B)  [帧头:EAEAEAEA  帧尾:AEAEAEAE]
[2026-04-02 16:57:05.140] 在线连接:   1  |  收到数据:    28224 B  |  解析完整帧:   1008 帧  |  发送帧:   1008 帧  (   52416 B)  [帧头:EAEAEAEA  帧尾:AEAEAEAE]
[2026-04-02 16:57:06.141] 在线连接:   1  |  收到数据:    27804 B  |  解析完整帧:    993 帧  |  发送帧:    993 帧  (   51636 B)  [帧头:EAEAEAEA  帧尾:AEAEAEAE]
[2026-04-02 16:57:07.142] 在线连接:   1  |  收到数据:    28308 B  |  解析完整帧:   1011 帧  |  发送帧:   1011 帧  (   52572 B)  [帧头:EAEAEAEA  帧尾:AEAEAEAE]
[2026-04-02 16:57:08.143] 在线连接:   1  |  收到数据:    28028 B  |  解析完整帧:   1001 帧  |  发送帧:   1001 帧  (   52052 B)  [帧头:EAEAEAEA  帧尾:AEAEAEAE]
[2026-04-02 16:57:09.144] 在线连接:   1  |  收到数据:    27972 B  |  解析完整帧:    999 帧  |  发送帧:    999 帧  (   51948 B)  [帧头:EAEAEAEA  帧尾:AEAEAEAE]
[2026-04-02 16:57:10.144] 在线连接:   1  |  收到数据:    28084 B  |  解析完整帧:   1003 帧  |  发送帧:    993 帧  (   51636 B)  [帧头:EAEAEAEA  帧尾:AEAEAEAE]
[2026-04-02 16:57:11.145] 在线连接:   1  |  收到数据:    27804 B  |  解析完整帧:    993 帧  |  发送帧:   1003 帧  (   52156 B)  [帧头:EAEAEAEA  帧尾:AEAEAEAE]
[2026-04-02 16:57:12.146] 在线连接:   1  |  收到数据:    27608 B  |  解析完整帧:    986 帧  |  发送帧:    986 帧  (   51272 B)  [帧头:EAEAEAEA  帧尾:AEAEAEAE]
[2026-04-02 16:57:13.146] 在线连接:   1  |  收到数据:    28420 B  |  解析完整帧:   1015 帧  |  发送帧:   1015 帧  (   52780 B)  [帧头:EAEAEAEA  帧尾:AEAEAEAE]
[2026-04-02 16:57:14.147] 在线连接:   1  |  收到数据:    28224 B  |  解析完整帧:   1008 帧  |  发送帧:   1008 帧  (   52416 B)  [帧头:EAEAEAEA  帧尾:AEAEAEAE]
[2026-04-02 16:57:15.148] 在线连接:   1  |  收到数据:    28000 B  |  解析完整帧:   1000 帧  |  发送帧:   1000 帧  (   52000 B)  [帧头:EAEAEAEA  帧尾:AEAEAEAE]
[2026-04-02 16:57:16.149] 在线连接:   1  |  收到数据:    28056 B  |  解析完整帧:   1002 帧  |  发送帧:   1002 帧  (   52104 B)  [帧头:EAEAEAEA  帧尾:AEAEAEAE]
[2026-04-02 16:57:17.150] 在线连接:   1  |  收到数据:    28056 B  |  解析完整帧:   1002 帧  |  发送帧:   1002 帧  (   52104 B)  [帧头:EAEAEAEA  帧尾:AEAEAEAE]
[2026-04-02 16:57:18.150] 在线连接:   1  |  收到数据:    27972 B  |  解析完整帧:    999 帧  |  发送帧:    999 帧  (   51948 B)  [帧头:EAEAEAEA  帧尾:AEAEAEAE]
[2026-04-02 16:57:19.151] 在线连接:   1  |  收到数据:    28000 B  |  解析完整帧:   1000 帧  |  发送帧:   1000 帧  (   52000 B)  [帧头:EAEAEAEA  帧尾:AEAEAEAE]
[2026-04-02 16:57:20.152] 在线连接:   1  |  收到数据:    28084 B  |  解析完整帧:   1003 帧  |  发送帧:   1003 帧  (   52156 B)  [帧头:EAEAEAEA  帧尾:AEAEAEAE]
[2026-04-02 16:57:21.152] 在线连接:   1  |  收到数据:    27580 B  |  解析完整帧:    985 帧  |  发送帧:    985 帧  (   51220 B)  [帧头:EAEAEAEA  帧尾:AEAEAEAE]
[2026-04-02 16:57:22.153] 在线连接:   1  |  收到数据:    28476 B  |  解析完整帧:   1017 帧  |  发送帧:   1017 帧  (   52884 B)  [帧头:EAEAEAEA  帧尾:AEAEAEAE]
[2026-04-02 16:57:23.154] 在线连接:   1  |  收到数据:    27804 B  |  解析完整帧:    993 帧  |  发送帧:    993 帧  (   51636 B)  [帧头:EAEAEAEA  帧尾:AEAEAEAE]
[2026-04-02 16:57:24.154] 在线连接:   1  |  收到数据:    28224 B  |  解析完整帧:   1008 帧  |  发送帧:   1008 帧  (   52416 B)  [帧头:EAEAEAEA  帧尾:AEAEAEAE]
[2026-04-02 16:57:25.155] 在线连接:   1  |  收到数据:    27776 B  |  解析完整帧:    992 帧  |  发送帧:    992 帧  (   51584 B)  [帧头:EAEAEAEA  帧尾:AEAEAEAE]
[2026-04-02 16:57:26.156] 在线连接:   1  |  收到数据:    28056 B  |  解析完整帧:   1002 帧  |  发送帧:   1002 帧  (   52104 B)  [帧头:EAEAEAEA  帧尾:AEAEAEAE]
[2026-04-02 16:57:27.157] 在线连接:   1  |  收到数据:    27692 B  |  解析完整帧:    989 帧  |  发送帧:    989 帧  (   51428 B)  [帧头:EAEAEAEA  帧尾:AEAEAEAE]
[2026-04-02 16:57:28.157] 在线连接:   1  |  收到数据:    28532 B  |  解析完整帧:   1019 帧  |  发送帧:   1019 帧  (   52988 B)  [帧头:EAEAEAEA  帧尾:AEAEAEAE]
[2026-04-02 16:57:29.158] 在线连接:   1  |  收到数据:    28000 B  |  解析完整帧:   1000 帧  |  发送帧:   1000 帧  (   52000 B)  [帧头:EAEAEAEA  帧尾:AEAEAEAE]
[2026-04-02 16:57:30.159] 在线连接:   1  |  收到数据:    27972 B  |  解析完整帧:    999 帧  |  发送帧:    999 帧  (   51948 B)  [帧头:EAEAEAEA  帧尾:AEAEAEAE]
[2026-04-02 16:57:31.159] 在线连接:   1  |  收到数据:    27804 B  |  解析完整帧:    993 帧  |  发送帧:    993 帧  (   51636 B)  [帧头:EAEAEAEA  帧尾:AEAEAEAE]
[2026-04-02 16:57:32.160] 在线连接:   1  |  收到数据:    28140 B  |  解析完整帧:   1005 帧  |  发送帧:   1005 帧  (   52260 B)  [帧头:EAEAEAEA  帧尾:AEAEAEAE]
[2026-04-02 16:57:33.161] 在线连接:   1  |  收到数据:    28168 B  |  解析完整帧:   1006 帧  |  发送帧:   1006 帧  (   52312 B)  [帧头:EAEAEAEA  帧尾:AEAEAEAE]
[2026-04-02 16:57:34.162] 在线连接:   1  |  收到数据:    28056 B  |  解析完整帧:   1002 帧  |  发送帧:   1002 帧  (   52104 B)  [帧头:EAEAEAEA  帧尾:AEAEAEAE]
[2026-04-02 16:57:35.162] 在线连接:   1  |  收到数据:    28028 B  |  解析完整帧:   1001 帧  |  发送帧:   1001 帧  (   52052 B)  [帧头:EAEAEAEA  帧尾:AEAEAEAE]
[2026-04-02 16:57:36.163] 在线连接:   1  |  收到数据:    28000 B  |  解析完整帧:   1000 帧  |  发送帧:   1000 帧  (   52000 B)  [帧头:EAEAEAEA  帧尾:AEAEAEAE]
[2026-04-02 16:57:37.164] 在线连接:   1  |  收到数据:    28000 B  |  解析完整帧:   1000 帧  |  发送帧:   1000 帧  (   52000 B)  [帧头:EAEAEAEA  帧尾:AEAEAEAE]
[2026-04-02 16:57:38.164] 在线连接:   1  |  收到数据:    27776 B  |  解析完整帧:    992 帧  |  发送帧:    992 帧  (   51584 B)  [帧头:EAEAEAEA  帧尾:AEAEAEAE]
[2026-04-02 16:57:39.165] 在线连接:   1  |  收到数据:    28308 B  |  解析完整帧:   1011 帧  |  发送帧:   1011 帧  (   52572 B)  [帧头:EAEAEAEA  帧尾:AEAEAEAE]
[2026-04-02 16:57:40.166] 在线连接:   1  |  收到数据:    27944 B  |  解析完整帧:    998 帧  |  发送帧:    998 帧  (   51896 B)  [帧头:EAEAEAEA  帧尾:AEAEAEAE]
[2026-04-02 16:57:41.167] 在线连接:   1  |  收到数据:    28112 B  |  解析完整帧:   1004 帧  |  发送帧:   1004 帧  (   52208 B)  [帧头:EAEAEAEA  帧尾:AEAEAEAE]
[2026-04-02 16:57:42.167] 在线连接:   1  |  收到数据:    28000 B  |  解析完整帧:   1000 帧  |  发送帧:   1000 帧  (   52000 B)  [帧头:EAEAEAEA  帧尾:AEAEAEAE]
[2026-04-02 16:57:43.168] 在线连接:   1  |  收到数据:    27972 B  |  解析完整帧:    999 帧  |  发送帧:    999 帧  (   51948 B)  [帧头:EAEAEAEA  帧尾:AEAEAEAE]
[2026-04-02 16:57:44.168] 在线连接:   1  |  收到数据:    27860 B  |  解析完整帧:    995 帧  |  发送帧:    995 帧  (   51740 B)  [帧头:EAEAEAEA  帧尾:AEAEAEAE]
[2026-04-02 16:57:45.169] 在线连接:   1  |  收到数据:    27608 B  |  解析完整帧:    986 帧  |  发送帧:    986 帧  (   51272 B)  [帧头:EAEAEAEA  帧尾:AEAEAEAE]
[2026-04-02 16:57:46.170] 在线连接:   1  |  收到数据:    28504 B  |  解析完整帧:   1018 帧  |  发送帧:   1018 帧  (   52936 B)  [帧头:EAEAEAEA  帧尾:AEAEAEAE]
[2026-04-02 16:57:47.171] 在线连接:   1  |  收到数据:    27048 B  |  解析完整帧:    966 帧  |  发送帧:    966 帧  (   50232 B)  [帧头:EAEAEAEA  帧尾:AEAEAEAE]
[2026-04-02 16:57:48.172] 在线连接:   1  |  收到数据:    28784 B  |  解析完整帧:   1028 帧  |  发送帧:   1028 帧  (   53456 B)  [帧头:EAEAEAEA  帧尾:AEAEAEAE]
[2026-04-02 16:57:49.173] 在线连接:   1  |  收到数据:    28364 B  |  解析完整帧:   1013 帧  |  发送帧:   1013 帧  (   52676 B)  [帧头:EAEAEAEA  帧尾:AEAEAEAE]
[2026-04-02 16:57:50.173] 在线连接:   1  |  收到数据:    28000 B  |  解析完整帧:   1000 帧  |  发送帧:   1000 帧  (   52000 B)  [帧头:EAEAEAEA  帧尾:AEAEAEAE]
[2026-04-02 16:57:51.174] 在线连接:   1  |  收到数据:    28028 B  |  解析完整帧:   1001 帧  |  发送帧:   1001 帧  (   52052 B)  [帧头:EAEAEAEA  帧尾:AEAEAEAE]
[2026-04-02 16:57:52.174] 在线连接:   1  |  收到数据:    28056 B  |  解析完整帧:   1002 帧  |  发送帧:    995 帧  (   51740 B)  [帧头:EAEAEAEA  帧尾:AEAEAEAE]
[2026-04-02 16:57:53.175] 在线连接:   1  |  收到数据:    27972 B  |  解析完整帧:    999 帧  |  发送帧:   1006 帧  (   52312 B)  [帧头:EAEAEAEA  帧尾:AEAEAEAE]
[2026-04-02 16:57:54.176] 在线连接:   1  |  收到数据:    28028 B  |  解析完整帧:   1001 帧  |  发送帧:   1001 帧  (   52052 B)  [帧头:EAEAEAEA  帧尾:AEAEAEAE]
[2026-04-02 16:57:55.177] 在线连接:   1  |  收到数据:    28056 B  |  解析完整帧:   1002 帧  |  发送帧:   1001 帧  (   52052 B)  [帧头:EAEAEAEA  帧尾:AEAEAEAE]
[2026-04-02 16:57:56.177] 在线连接:   1  |  收到数据:    27804 B  |  解析完整帧:    993 帧  |  发送帧:    994 帧  (   51688 B)  [帧头:EAEAEAEA  帧尾:AEAEAEAE]
[2026-04-02 16:57:57.178] 在线连接:   1  |  收到数据:    28140 B  |  解析完整帧:   1005 帧  |  发送帧:   1005 帧  (   52260 B)  [帧头:EAEAEAEA  帧尾:AEAEAEAE]
[2026-04-02 16:57:58.178] 在线连接:   1  |  收到数据:    27916 B  |  解析完整帧:    997 帧  |  发送帧:    997 帧  (   51844 B)  [帧头:EAEAEAEA  帧尾:AEAEAEAE]
[2026-04-02 16:57:59.179] 在线连接:   1  |  收到数据:    28084 B  |  解析完整帧:   1003 帧  |  发送帧:   1003 帧  (   52156 B)  [帧头:EAEAEAEA  帧尾:AEAEAEAE]
[2026-04-02 16:58:00.180] 在线连接:   1  |  收到数据:    28028 B  |  解析完整帧:   1001 帧  |  发送帧:    994 帧  (   51688 B)  [帧头:EAEAEAEA  帧尾:AEAEAEAE]
[2026-04-02 16:58:01.181] 在线连接:   1  |  收到数据:    28028 B  |  解析完整帧:   1001 帧  |  发送帧:   1008 帧  (   52416 B)  [帧头:EAEAEAEA  帧尾:AEAEAEAE]
[2026-04-02 16:58:02.182] 在线连接:   1  |  收到数据:    28028 B  |  解析完整帧:   1001 帧  |  发送帧:   1001 帧  (   52052 B)  [帧头:EAEAEAEA  帧尾:AEAEAEAE]
[2026-04-02 16:58:03.182] 在线连接:   1  |  收到数据:    28056 B  |  解析完整帧:   1002 帧  |  发送帧:   1002 帧  (   52104 B)  [帧头:EAEAEAEA  帧尾:AEAEAEAE]
[2026-04-02 16:58:04.183] 在线连接:   1  |  收到数据:    28000 B  |  解析完整帧:   1000 帧  |  发送帧:   1000 帧  (   52000 B)  [帧头:EAEAEAEA  帧尾:AEAEAEAE]
[2026-04-02 16:58:05.183] 在线连接:   1  |  收到数据:    28028 B  |  解析完整帧:   1001 帧  |  发送帧:   1001 帧  (   52052 B)  [帧头:EAEAEAEA  帧尾:AEAEAEAE]
[2026-04-02 16:58:06.184] 在线连接:   1  |  收到数据:    27916 B  |  解析完整帧:    997 帧  |  发送帧:    997 帧  (   51844 B)  [帧头:EAEAEAEA  帧尾:AEAEAEAE]
[2026-04-02 16:58:07.185] 在线连接:   1  |  收到数据:    27972 B  |  解析完整帧:    999 帧  |  发送帧:    999 帧  (   51948 B)  [帧头:EAEAEAEA  帧尾:AEAEAEAE]
[2026-04-02 16:58:08.186] 在线连接:   1  |  收到数据:    28140 B  |  解析完整帧:   1005 帧  |  发送帧:   1005 帧  (   52260 B)  [帧头:EAEAEAEA  帧尾:AEAEAEAE]
[2026-04-02 16:58:09.187] 在线连接:   1  |  收到数据:    27776 B  |  解析完整帧:    992 帧  |  发送帧:    992 帧  (   51584 B)  [帧头:EAEAEAEA  帧尾:AEAEAEAE]
[2026-04-02 16:58:10.187] 在线连接:   1  |  收到数据:    28308 B  |  解析完整帧:   1011 帧  |  发送帧:   1011 帧  (   52572 B)  [帧头:EAEAEAEA  帧尾:AEAEAEAE]
[2026-04-02 16:58:11.188] 在线连接:   1  |  收到数据:    27916 B  |  解析完整帧:    997 帧  |  发送帧:    997 帧  (   51844 B)  [帧头:EAEAEAEA  帧尾:AEAEAEAE]
[2026-04-02 16:58:12.189] 在线连接:   1  |  收到数据:    28112 B  |  解析完整帧:   1004 帧  |  发送帧:   1004 帧  (   52208 B)  [帧头:EAEAEAEA  帧尾:AEAEAEAE]
[2026-04-02 16:58:13.190] 在线连接:   1  |  收到数据:    28000 B  |  解析完整帧:   1000 帧  |  发送帧:   1000 帧  (   52000 B)  [帧头:EAEAEAEA  帧尾:AEAEAEAE]
[2026-04-02 16:58:14.191] 在线连接:   1  |  收到数据:    28056 B  |  解析完整帧:   1002 帧  |  发送帧:   1002 帧  (   52104 B)  [帧头:EAEAEAEA  帧尾:AEAEAEAE]
[2026-04-02 16:58:15.191] 在线连接:   1  |  收到数据:    28000 B  |  解析完整帧:   1000 帧  |  发送帧:   1000 帧  (   52000 B)  [帧头:EAEAEAEA  帧尾:AEAEAEAE]
[2026-04-02 16:58:16.192] 在线连接:   1  |  收到数据:    27860 B  |  解析完整帧:    995 帧  |  发送帧:    995 帧  (   51740 B)  [帧头:EAEAEAEA  帧尾:AEAEAEAE]
[2026-04-02 16:58:17.193] 在线连接:   1  |  收到数据:    28056 B  |  解析完整帧:   1002 帧  |  发送帧:   1002 帧  (   52104 B)  [帧头:EAEAEAEA  帧尾:AEAEAEAE]
[2026-04-02 16:58:18.194] 在线连接:   1  |  收到数据:    28140 B  |  解析完整帧:   1005 帧  |  发送帧:   1005 帧  (   52260 B)  [帧头:EAEAEAEA  帧尾:AEAEAEAE]
[2026-04-02 16:58:19.195] 在线连接:   1  |  收到数据:    27916 B  |  解析完整帧:    997 帧  |  发送帧:    997 帧  (   51844 B)  [帧头:EAEAEAEA  帧尾:AEAEAEAE]
[2026-04-02 16:58:20.196] 在线连接:   1  |  收到数据:    28084 B  |  解析完整帧:   1003 帧  |  发送帧:   1003 帧  (   52156 B)  [帧头:EAEAEAEA  帧尾:AEAEAEAE]
[2026-04-02 16:58:21.196] 在线连接:   1  |  收到数据:    28028 B  |  解析完整帧:   1001 帧  |  发送帧:   1001 帧  (   52052 B)  [帧头:EAEAEAEA  帧尾:AEAEAEAE]
[2026-04-02 16:58:22.197] 在线连接:   1  |  收到数据:    28084 B  |  解析完整帧:   1003 帧  |  发送帧:   1003 帧  (   52156 B)  [帧头:EAEAEAEA  帧尾:AEAEAEAE]
[2026-04-02 16:58:23.198] 在线连接:   1  |  收到数据:    28028 B  |  解析完整帧:   1001 帧  |  发送帧:   1001 帧  (   52052 B)  [帧头:EAEAEAEA  帧尾:AEAEAEAE]
[2026-04-02 16:58:24.198] 在线连接:   1  |  收到数据:    28028 B  |  解析完整帧:   1001 帧  |  发送帧:   1001 帧  (   52052 B)  [帧头:EAEAEAEA  帧尾:AEAEAEAE]
[2026-04-02 16:58:25.199] 在线连接:   1  |  收到数据:    28000 B  |  解析完整帧:   1000 帧  |  发送帧:   1000 帧  (   52000 B)  [帧头:EAEAEAEA  帧尾:AEAEAEAE]
[2026-04-02 16:58:26.200] 在线连接:   1  |  收到数据:    28000 B  |  解析完整帧:   1000 帧  |  发送帧:   1000 帧  (   52000 B)  [帧头:EAEAEAEA  帧尾:AEAEAEAE]
[2026-04-02 16:58:27.201] 在线连接:   1  |  收到数据:    28000 B  |  解析完整帧:   1000 帧  |  发送帧:   1000 帧  (   52000 B)  [帧头:EAEAEAEA  帧尾:AEAEAEAE]
[2026-04-02 16:58:28.201] 在线连接:   1  |  收到数据:    28000 B  |  解析完整帧:   1000 帧  |  发送帧:   1000 帧  (   52000 B)  [帧头:EAEAEAEA  帧尾:AEAEAEAE]
[2026-04-02 16:58:29.202] 在线连接:   1  |  收到数据:    28112 B  |  解析完整帧:   1004 帧  |  发送帧:   1004 帧  (   52208 B)  [帧头:EAEAEAEA  帧尾:AEAEAEAE]
[2026-04-02 16:58:30.203] 在线连接:   1  |  收到数据:    27916 B  |  解析完整帧:    997 帧  |  发送帧:    997 帧  (   51844 B)  [帧头:EAEAEAEA  帧尾:AEAEAEAE]
[2026-04-02 16:58:31.203] 在线连接:   1  |  收到数据:    28084 B  |  解析完整帧:   1003 帧  |  发送帧:   1003 帧  (   52156 B)  [帧头:EAEAEAEA  帧尾:AEAEAEAE]
[2026-04-02 16:58:32.204] 在线连接:   1  |  收到数据:    28056 B  |  解析完整帧:   1002 帧  |  发送帧:   1002 帧  (   52104 B)  [帧头:EAEAEAEA  帧尾:AEAEAEAE]
[2026-04-02 16:58:33.204] 在线连接:   1  |  收到数据:    28000 B  |  解析完整帧:   1000 帧  |  发送帧:   1000 帧  (   52000 B)  [帧头:EAEAEAEA  帧尾:AEAEAEAE]
[2026-04-02 16:58:34.205] 在线连接:   1  |  收到数据:    27720 B  |  解析完整帧:    990 帧  |  发送帧:    990 帧  (   51480 B)  [帧头:EAEAEAEA  帧尾:AEAEAEAE]
[2026-04-02 16:58:35.206] 在线连接:   1  |  收到数据:    28140 B  |  解析完整帧:   1005 帧  |  发送帧:   1005 帧  (   52260 B)  [帧头:EAEAEAEA  帧尾:AEAEAEAE]
[2026-04-02 16:58:36.207] 在线连接:   1  |  收到数据:    28000 B  |  解析完整帧:   1000 帧  |  发送帧:   1000 帧  (   52000 B)  [帧头:EAEAEAEA  帧尾:AEAEAEAE]
[2026-04-02 16:58:37.207] 在线连接:   1  |  收到数据:    28196 B  |  解析完整帧:   1007 帧  |  发送帧:   1007 帧  (   52364 B)  [帧头:EAEAEAEA  帧尾:AEAEAEAE]
[2026-04-02 16:58:38.208] 在线连接:   1  |  收到数据:    28028 B  |  解析完整帧:   1001 帧  |  发送帧:   1001 帧  (   52052 B)  [帧头:EAEAEAEA  帧尾:AEAEAEAE]
[2026-04-02 16:58:39.208] 在线连接:   1  |  收到数据:    28028 B  |  解析完整帧:   1001 帧  |  发送帧:   1001 帧  (   52052 B)  [帧头:EAEAEAEA  帧尾:AEAEAEAE]
[2026-04-02 16:58:40.209] 在线连接:   1  |  收到数据:    27944 B  |  解析完整帧:    998 帧  |  发送帧:    998 帧  (   51896 B)  [帧头:EAEAEAEA  帧尾:AEAEAEAE]
[2026-04-02 16:58:41.210] 在线连接:   1  |  收到数据:    28112 B  |  解析完整帧:   1004 帧  |  发送帧:   1004 帧  (   52208 B)  [帧头:EAEAEAEA  帧尾:AEAEAEAE]
[2026-04-02 16:58:42.210] 在线连接:   1  |  收到数据:    28000 B  |  解析完整帧:   1000 帧  |  发送帧:   1000 帧  (   52000 B)  [帧头:EAEAEAEA  帧尾:AEAEAEAE]
[2026-04-02 16:58:43.211] 在线连接:   1  |  收到数据:    27832 B  |  解析完整帧:    994 帧  |  发送帧:    994 帧  (   51688 B)  [帧头:EAEAEAEA  帧尾:AEAEAEAE]
[2026-04-02 16:58:44.212] 在线连接:   1  |  收到数据:    28224 B  |  解析完整帧:   1008 帧  |  发送帧:   1008 帧  (   52416 B)  [帧头:EAEAEAEA  帧尾:AEAEAEAE]
[2026-04-02 16:58:45.213] 在线连接:   1  |  收到数据:    27944 B  |  解析完整帧:    998 帧  |  发送帧:    998 帧  (   51896 B)  [帧头:EAEAEAEA  帧尾:AEAEAEAE]
[2026-04-02 16:58:46.213] 在线连接:   1  |  收到数据:    27692 B  |  解析完整帧:    989 帧  |  发送帧:    989 帧  (   51428 B)  [帧头:EAEAEAEA  帧尾:AEAEAEAE]
[2026-04-02 16:58:47.214] 在线连接:   1  |  收到数据:    27748 B  |  解析完整帧:    991 帧  |  发送帧:    991 帧  (   51532 B)  [帧头:EAEAEAEA  帧尾:AEAEAEAE]
[2026-04-02 16:58:48.215] 在线连接:   1  |  收到数据:    28028 B  |  解析完整帧:   1001 帧  |  发送帧:   1001 帧  (   52052 B)  [帧头:EAEAEAEA  帧尾:AEAEAEAE]
[2026-04-02 16:58:49.216] 在线连接:   1  |  收到数据:    27972 B  |  解析完整帧:    999 帧  |  发送帧:    999 帧  (   51948 B)  [帧头:EAEAEAEA  帧尾:AEAEAEAE]
[2026-04-02 16:58:50.216] 在线连接:   1  |  收到数据:    27944 B  |  解析完整帧:    998 帧  |  发送帧:    998 帧  (   51896 B)  [帧头:EAEAEAEA  帧尾:AEAEAEAE]
[2026-04-02 16:58:51.217] 在线连接:   1  |  收到数据:    28056 B  |  解析完整帧:   1002 帧  |  发送帧:   1002 帧  (   52104 B)  [帧头:EAEAEAEA  帧尾:AEAEAEAE]
[2026-04-02 16:58:52.218] 在线连接:   1  |  收到数据:    27972 B  |  解析完整帧:    999 帧  |  发送帧:    999 帧  (   51948 B)  [帧头:EAEAEAEA  帧尾:AEAEAEAE]
[2026-04-02 16:58:53.218] 在线连接:   1  |  收到数据:    28168 B  |  解析完整帧:   1006 帧  |  发送帧:   1006 帧  (   52312 B)  [帧头:EAEAEAEA  帧尾:AEAEAEAE]
[2026-04-02 16:58:54.219] 在线连接:   1  |  收到数据:    28028 B  |  解析完整帧:   1001 帧  |  发送帧:   1001 帧  (   52052 B)  [帧头:EAEAEAEA  帧尾:AEAEAEAE]
[2026-04-02 16:58:55.219] 在线连接:   1  |  收到数据:    27804 B  |  解析完整帧:    993 帧  |  发送帧:    993 帧  (   51636 B)  [帧头:EAEAEAEA  帧尾:AEAEAEAE]
[2026-04-02 16:58:56.220] 在线连接:   1  |  收到数据:    28224 B  |  解析完整帧:   1008 帧  |  发送帧:   1008 帧  (   52416 B)  [帧头:EAEAEAEA  帧尾:AEAEAEAE]
[2026-04-02 16:58:57.221] 在线连接:   1  |  收到数据:    27720 B  |  解析完整帧:    990 帧  |  发送帧:    990 帧  (   51480 B)  [帧头:EAEAEAEA  帧尾:AEAEAEAE]
[2026-04-02 16:58:58.221] 在线连接:   1  |  收到数据:    28308 B  |  解析完整帧:   1011 帧  |  发送帧:   1011 帧  (   52572 B)  [帧头:EAEAEAEA  帧尾:AEAEAEAE]
[2026-04-02 16:58:59.222] 在线连接:   1  |  收到数据:    28000 B  |  解析完整帧:   1000 帧  |  发送帧:   1000 帧  (   52000 B)  [帧头:EAEAEAEA  帧尾:AEAEAEAE]
[2026-04-02 16:59:00.223] 在线连接:   1  |  收到数据:    27972 B  |  解析完整帧:    999 帧  |  发送帧:    999 帧  (   51948 B)  [帧头:EAEAEAEA  帧尾:AEAEAEAE]
[2026-04-02 16:59:01.223] 在线连接:   1  |  收到数据:    27832 B  |  解析完整帧:    994 帧  |  发送帧:    994 帧  (   51688 B)  [帧头:EAEAEAEA  帧尾:AEAEAEAE]
[2026-04-02 16:59:02.224] 在线连接:   1  |  收到数据:    28196 B  |  解析完整帧:   1007 帧  |  发送帧:   1007 帧  (   52364 B)  [帧头:EAEAEAEA  帧尾:AEAEAEAE]
[2026-04-02 16:59:03.225] 在线连接:   1  |  收到数据:    28056 B  |  解析完整帧:   1002 帧  |  发送帧:   1002 帧  (   52104 B)  [帧头:EAEAEAEA  帧尾:AEAEAEAE]
[2026-04-02 16:59:04.226] 在线连接:   1  |  收到数据:    28056 B  |  解析完整帧:   1002 帧  |  发送帧:   1002 帧  (   52104 B)  [帧头:EAEAEAEA  帧尾:AEAEAEAE]
[2026-04-02 16:59:05.226] 在线连接:   1  |  收到数据:    28000 B  |  解析完整帧:   1000 帧  |  发送帧:   1000 帧  (   52000 B)  [帧头:EAEAEAEA  帧尾:AEAEAEAE]
[2026-04-02 16:59:06.227] 在线连接:   1  |  收到数据:    28028 B  |  解析完整帧:   1001 帧  |  发送帧:   1001 帧  (   52052 B)  [帧头:EAEAEAEA  帧尾:AEAEAEAE]
[2026-04-02 16:59:07.228] 在线连接:   1  |  收到数据:    27748 B  |  解析完整帧:    991 帧  |  发送帧:    991 帧  (   51532 B)  [帧头:EAEAEAEA  帧尾:AEAEAEAE]
[2026-04-02 16:59:08.228] 在线连接:   1  |  收到数据:    28308 B  |  解析完整帧:   1011 帧  |  发送帧:   1011 帧  (   52572 B)  [帧头:EAEAEAEA  帧尾:AEAEAEAE]
[2026-04-02 16:59:09.229] 在线连接:   1  |  收到数据:    27664 B  |  解析完整帧:    988 帧  |  发送帧:    988 帧  (   51376 B)  [帧头:EAEAEAEA  帧尾:AEAEAEAE]
[2026-04-02 16:59:10.230] 在线连接:   1  |  收到数据:    28308 B  |  解析完整帧:   1011 帧  |  发送帧:   1011 帧  (   52572 B)  [帧头:EAEAEAEA  帧尾:AEAEAEAE]
[2026-04-02 16:59:11.231] 在线连接:   1  |  收到数据:    28112 B  |  解析完整帧:   1004 帧  |  发送帧:   1004 帧  (   52208 B)  [帧头:EAEAEAEA  帧尾:AEAEAEAE]
[2026-04-02 16:59:12.231] 在线连接:   1  |  收到数据:    27944 B  |  解析完整帧:    998 帧  |  发送帧:    998 帧  (   51896 B)  [帧头:EAEAEAEA  帧尾:AEAEAEAE]
[2026-04-02 16:59:13.232] 在线连接:   1  |  收到数据:    28056 B  |  解析完整帧:   1002 帧  |  发送帧:   1002 帧  (   52104 B)  [帧头:EAEAEAEA  帧尾:AEAEAEAE]
[2026-04-02 16:59:14.232] 在线连接:   1  |  收到数据:    27972 B  |  解析完整帧:    999 帧  |  发送帧:    999 帧  (   51948 B)  [帧头:EAEAEAEA  帧尾:AEAEAEAE]
[2026-04-02 16:59:15.233] 在线连接:   1  |  收到数据:    27440 B  |  解析完整帧:    980 帧  |  发送帧:    980 帧  (   50960 B)  [帧头:EAEAEAEA  帧尾:AEAEAEAE]
[2026-04-02 16:59:16.233] 在线连接:   1  |  收到数据:    28644 B  |  解析完整帧:   1023 帧  |  发送帧:   1023 帧  (   53196 B)  [帧头:EAEAEAEA  帧尾:AEAEAEAE]
[2026-04-02 16:59:17.234] 在线连接:   1  |  收到数据:    27888 B  |  解析完整帧:    996 帧  |  发送帧:    996 帧  (   51792 B)  [帧头:EAEAEAEA  帧尾:AEAEAEAE]
[2026-04-02 16:59:18.235] 在线连接:   1  |  收到数据:    27860 B  |  解析完整帧:    995 帧  |  发送帧:    995 帧  (   51740 B)  [帧头:EAEAEAEA  帧尾:AEAEAEAE]
[2026-04-02 16:59:19.235] 在线连接:   1  |  收到数据:    28336 B  |  解析完整帧:   1012 帧  |  发送帧:   1012 帧  (   52624 B)  [帧头:EAEAEAEA  帧尾:AEAEAEAE]
[2026-04-02 16:59:20.236] 在线连接:   1  |  收到数据:    28000 B  |  解析完整帧:   1000 帧  |  发送帧:   1000 帧  (   52000 B)  [帧头:EAEAEAEA  帧尾:AEAEAEAE]
[2026-04-02 16:59:21.237] 在线连接:   1  |  收到数据:    28000 B  |  解析完整帧:   1000 帧  |  发送帧:   1000 帧  (   52000 B)  [帧头:EAEAEAEA  帧尾:AEAEAEAE]
[2026-04-02 16:59:22.238] 在线连接:   1  |  收到数据:    27664 B  |  解析完整帧:    988 帧  |  发送帧:    988 帧  (   51376 B)  [帧头:EAEAEAEA  帧尾:AEAEAEAE]
[2026-04-02 16:59:23.238] 在线连接:   1  |  收到数据:    28280 B  |  解析完整帧:   1010 帧  |  发送帧:   1010 帧  (   52520 B)  [帧头:EAEAEAEA  帧尾:AEAEAEAE]
[2026-04-02 16:59:24.239] 在线连接:   1  |  收到数据:    27748 B  |  解析完整帧:    991 帧  |  发送帧:    991 帧  (   51532 B)  [帧头:EAEAEAEA  帧尾:AEAEAEAE]
[2026-04-02 16:59:25.240] 在线连接:   1  |  收到数据:    28196 B  |  解析完整帧:   1007 帧  |  发送帧:   1007 帧  (   52364 B)  [帧头:EAEAEAEA  帧尾:AEAEAEAE]
[2026-04-02 16:59:26.241] 在线连接:   1  |  收到数据:    27832 B  |  解析完整帧:    994 帧  |  发送帧:    994 帧  (   51688 B)  [帧头:EAEAEAEA  帧尾:AEAEAEAE]
[2026-04-02 16:59:27.241] 在线连接:   1  |  收到数据:    28420 B  |  解析完整帧:   1015 帧  |  发送帧:   1015 帧  (   52780 B)  [帧头:EAEAEAEA  帧尾:AEAEAEAE]
[2026-04-02 16:59:28.242] 在线连接:   1  |  收到数据:    27972 B  |  解析完整帧:    999 帧  |  发送帧:    999 帧  (   51948 B)  [帧头:EAEAEAEA  帧尾:AEAEAEAE]
[2026-04-02 16:59:29.243] 在线连接:   1  |  收到数据:    28056 B  |  解析完整帧:   1002 帧  |  发送帧:   1002 帧  (   52104 B)  [帧头:EAEAEAEA  帧尾:AEAEAEAE]
[2026-04-02 16:59:30.244] 在线连接:   1  |  收到数据:    27636 B  |  解析完整帧:    987 帧  |  发送帧:    987 帧  (   51324 B)  [帧头:EAEAEAEA  帧尾:AEAEAEAE]
[2026-04-02 16:59:31.244] 在线连接:   1  |  收到数据:    28392 B  |  解析完整帧:   1014 帧  |  发送帧:   1014 帧  (   52728 B)  [帧头:EAEAEAEA  帧尾:AEAEAEAE]
[2026-04-02 16:59:32.245] 在线连接:   1  |  收到数据:    28028 B  |  解析完整帧:   1001 帧  |  发送帧:   1001 帧  (   52052 B)  [帧头:EAEAEAEA  帧尾:AEAEAEAE]
[2026-04-02 16:59:33.246] 在线连接:   1  |  收到数据:    28028 B  |  解析完整帧:   1001 帧  |  发送帧:   1001 帧  (   52052 B)  [帧头:EAEAEAEA  帧尾:AEAEAEAE]
[2026-04-02 16:59:34.247] 在线连接:   1  |  收到数据:    28028 B  |  解析完整帧:   1001 帧  |  发送帧:   1001 帧  (   52052 B)  [帧头:EAEAEAEA  帧尾:AEAEAEAE]
[2026-04-02 16:59:35.247] 在线连接:   1  |  收到数据:    28056 B  |  解析完整帧:   1002 帧  |  发送帧:   1002 帧  (   52104 B)  [帧头:EAEAEAEA  帧尾:AEAEAEAE]
[2026-04-02 16:59:36.248] 在线连接:   1  |  收到数据:    27860 B  |  解析完整帧:    995 帧  |  发送帧:    995 帧  (   51740 B)  [帧头:EAEAEAEA  帧尾:AEAEAEAE]
[2026-04-02 16:59:37.249] 在线连接:   1  |  收到数据:    28112 B  |  解析完整帧:   1004 帧  |  发送帧:   1004 帧  (   52208 B)  [帧头:EAEAEAEA  帧尾:AEAEAEAE]
[2026-04-02 16:59:38.250] 在线连接:   1  |  收到数据:    28084 B  |  解析完整帧:   1003 帧  |  发送帧:   1003 帧  (   52156 B)  [帧头:EAEAEAEA  帧尾:AEAEAEAE]
[2026-04-02 16:59:39.251] 在线连接:   1  |  收到数据:    28000 B  |  解析完整帧:   1000 帧  |  发送帧:   1000 帧  (   52000 B)  [帧头:EAEAEAEA  帧尾:AEAEAEAE]
[2026-04-02 16:59:40.252] 在线连接:   1  |  收到数据:    28000 B  |  解析完整帧:   1000 帧  |  发送帧:   1000 帧  (   52000 B)  [帧头:EAEAEAEA  帧尾:AEAEAEAE]
[2026-04-02 16:59:41.253] 在线连接:   1  |  收到数据:    28084 B  |  解析完整帧:   1003 帧  |  发送帧:   1003 帧  (   52156 B)  [帧头:EAEAEAEA  帧尾:AEAEAEAE]
[2026-04-02 16:59:42.253] 在线连接:   1  |  收到数据:    27972 B  |  解析完整帧:    999 帧  |  发送帧:    999 帧  (   51948 B)  [帧头:EAEAEAEA  帧尾:AEAEAEAE]
[2026-04-02 16:59:43.254] 在线连接:   1  |  收到数据:    27944 B  |  解析完整帧:    998 帧  |  发送帧:    998 帧  (   51896 B)  [帧头:EAEAEAEA  帧尾:AEAEAEAE]
[2026-04-02 16:59:44.255] 在线连接:   1  |  收到数据:    28084 B  |  解析完整帧:   1003 帧  |  发送帧:   1003 帧  (   52156 B)  [帧头:EAEAEAEA  帧尾:AEAEAEAE]
[2026-04-02 16:59:45.255] 在线连接:   1  |  收到数据:    28056 B  |  解析完整帧:   1002 帧  |  发送帧:   1002 帧  (   52104 B)  [帧头:EAEAEAEA  帧尾:AEAEAEAE]
[2026-04-02 16:59:46.256] 在线连接:   1  |  收到数据:    27972 B  |  解析完整帧:    999 帧  |  发送帧:    999 帧  (   51948 B)  [帧头:EAEAEAEA  帧尾:AEAEAEAE]
[2026-04-02 16:59:47.257] 在线连接:   1  |  收到数据:    27804 B  |  解析完整帧:    993 帧  |  发送帧:    993 帧  (   51636 B)  [帧头:EAEAEAEA  帧尾:AEAEAEAE]
[2026-04-02 16:59:48.258] 在线连接:   1  |  收到数据:    28336 B  |  解析完整帧:   1012 帧  |  发送帧:   1011 帧  (   52572 B)  [帧头:EAEAEAEA  帧尾:AEAEAEAE]
[2026-04-02 16:59:49.259] 在线连接:   1  |  收到数据:    27972 B  |  解析完整帧:    999 帧  |  发送帧:   1000 帧  (   52000 B)  [帧头:EAEAEAEA  帧尾:AEAEAEAE]
[2026-04-02 16:59:50.260] 在线连接:   1  |  收到数据:    28028 B  |  解析完整帧:   1001 帧  |  发送帧:   1001 帧  (   52052 B)  [帧头:EAEAEAEA  帧尾:AEAEAEAE]
[2026-04-02 16:59:51.260] 在线连接:   1  |  收到数据:    28028 B  |  解析完整帧:   1001 帧  |  发送帧:    999 帧  (   51948 B)  [帧头:EAEAEAEA  帧尾:AEAEAEAE]
[2026-04-02 16:59:52.261] 在线连接:   1  |  收到数据:    27832 B  |  解析完整帧:    994 帧  |  发送帧:    996 帧  (   51792 B)  [帧头:EAEAEAEA  帧尾:AEAEAEAE]
[2026-04-02 16:59:53.262] 在线连接:   1  |  收到数据:    28196 B  |  解析完整帧:   1007 帧  |  发送帧:   1007 帧  (   52364 B)  [帧头:EAEAEAEA  帧尾:AEAEAEAE]
[2026-04-02 16:59:54.263] 在线连接:   1  |  收到数据:    27944 B  |  解析完整帧:    998 帧  |  发送帧:    998 帧  (   51896 B)  [帧头:EAEAEAEA  帧尾:AEAEAEAE]
[2026-04-02 16:59:55.264] 在线连接:   1  |  收到数据:    28140 B  |  解析完整帧:   1005 帧  |  发送帧:   1005 帧  (   52260 B)  [帧头:EAEAEAEA  帧尾:AEAEAEAE]
[2026-04-02 16:59:56.265] 在线连接:   1  |  收到数据:    27720 B  |  解析完整帧:    990 帧  |  发送帧:    990 帧  (   51480 B)  [帧头:EAEAEAEA  帧尾:AEAEAEAE]
[2026-04-02 16:59:57.266] 在线连接:   1  |  收到数据:    27972 B  |  解析完整帧:    999 帧  |  发送帧:    999 帧  (   51948 B)  [帧头:EAEAEAEA  帧尾:AEAEAEAE]
[2026-04-02 16:59:58.267] 在线连接:   1  |  收到数据:    28308 B  |  解析完整帧:   1011 帧  |  发送帧:   1011 帧  (   52572 B)  [帧头:EAEAEAEA  帧尾:AEAEAEAE]
[2026-04-02 16:59:59.267] 在线连接:   1  |  收到数据:    28112 B  |  解析完整帧:   1004 帧  |  发送帧:   1004 帧  (   52208 B)  [帧头:EAEAEAEA  帧尾:AEAEAEAE]
[2026-04-02 17:00:00.268] 在线连接:   1  |  收到数据:    28000 B  |  解析完整帧:   1000 帧  |  发送帧:   1000 帧  (   52000 B)  [帧头:EAEAEAEA  帧尾:AEAEAEAE]
[2026-04-02 17:00:01.269] 在线连接:   1  |  收到数据:    28000 B  |  解析完整帧:   1000 帧  |  发送帧:   1000 帧  (   52000 B)  [帧头:EAEAEAEA  帧尾:AEAEAEAE]
[2026-04-02 17:00:02.269] 在线连接:   1  |  收到数据:    28056 B  |  解析完整帧:   1002 帧  |  发送帧:    998 帧  (   51896 B)  [帧头:EAEAEAEA  帧尾:AEAEAEAE]
[2026-04-02 17:00:03.270] 在线连接:   1  |  收到数据:    28028 B  |  解析完整帧:   1001 帧  |  发送帧:   1002 帧  (   52104 B)  [帧头:EAEAEAEA  帧尾:AEAEAEAE]
[2026-04-02 17:00:04.271] 在线连接:   1  |  收到数据:    27916 B  |  解析完整帧:    997 帧  |  发送帧:   1000 帧  (   52000 B)  [帧头:EAEAEAEA  帧尾:AEAEAEAE]
[2026-04-02 17:00:05.272] 在线连接:   1  |  收到数据:    28084 B  |  解析完整帧:   1003 帧  |  发送帧:   1003 帧  (   52156 B)  [帧头:EAEAEAEA  帧尾:AEAEAEAE]
[2026-04-02 17:00:06.273] 在线连接:   1  |  收到数据:    28000 B  |  解析完整帧:   1000 帧  |  发送帧:   1000 帧  (   52000 B)  [帧头:EAEAEAEA  帧尾:AEAEAEAE]
[2026-04-02 17:00:07.273] 在线连接:   1  |  收到数据:    28028 B  |  解析完整帧:   1001 帧  |  发送帧:   1001 帧  (   52052 B)  [帧头:EAEAEAEA  帧尾:AEAEAEAE]
[2026-04-02 17:00:08.274] 在线连接:   1  |  收到数据:    28000 B  |  解析完整帧:   1000 帧  |  发送帧:   1000 帧  (   52000 B)  [帧头:EAEAEAEA  帧尾:AEAEAEAE]
[2026-04-02 17:00:09.274] 在线连接:   1  |  收到数据:    28028 B  |  解析完整帧:   1001 帧  |  发送帧:    992 帧  (   51584 B)  [帧头:EAEAEAEA  帧尾:AEAEAEAE]
[2026-04-02 17:00:10.275] 在线连接:   1  |  收到数据:    28084 B  |  解析完整帧:   1003 帧  |  发送帧:   1012 帧  (   52624 B)  [帧头:EAEAEAEA  帧尾:AEAEAEAE]
[2026-04-02 17:00:11.277] 在线连接:   1  |  收到数据:    28000 B  |  解析完整帧:   1000 帧  |  发送帧:   1000 帧  (   52000 B)  [帧头:EAEAEAEA  帧尾:AEAEAEAE]
[2026-04-02 17:00:12.278] 在线连接:   1  |  收到数据:    27888 B  |  解析完整帧:    996 帧  |  发送帧:    996 帧  (   51792 B)  [帧头:EAEAEAEA  帧尾:AEAEAEAE]
[2026-04-02 17:00:13.279] 在线连接:   1  |  收到数据:    28112 B  |  解析完整帧:   1004 帧  |  发送帧:   1004 帧  (   52208 B)  [帧头:EAEAEAEA  帧尾:AEAEAEAE]
[2026-04-02 17:00:14.279] 在线连接:   1  |  收到数据:    27972 B  |  解析完整帧:    999 帧  |  发送帧:    999 帧  (   51948 B)  [帧头:EAEAEAEA  帧尾:AEAEAEAE]
[2026-04-02 17:00:15.280] 在线连接:   1  |  收到数据:    27776 B  |  解析完整帧:    992 帧  |  发送帧:    992 帧  (   51584 B)  [帧头:EAEAEAEA  帧尾:AEAEAEAE]
[2026-04-02 17:00:16.281] 在线连接:   1  |  收到数据:    28364 B  |  解析完整帧:   1013 帧  |  发送帧:   1013 帧  (   52676 B)  [帧头:EAEAEAEA  帧尾:AEAEAEAE]
[2026-04-02 17:00:17.282] 在线连接:   1  |  收到数据:    28000 B  |  解析完整帧:   1000 帧  |  发送帧:   1000 帧  (   52000 B)  [帧头:EAEAEAEA  帧尾:AEAEAEAE]
[2026-04-02 17:00:18.283] 在线连接:   1  |  收到数据:    28084 B  |  解析完整帧:   1003 帧  |  发送帧:   1003 帧  (   52156 B)  [帧头:EAEAEAEA  帧尾:AEAEAEAE]
[2026-04-02 17:00:19.283] 在线连接:   1  |  收到数据:    27944 B  |  解析完整帧:    998 帧  |  发送帧:    998 帧  (   51896 B)  [帧头:EAEAEAEA  帧尾:AEAEAEAE]
[2026-04-02 17:00:20.284] 在线连接:   1  |  收到数据:    28112 B  |  解析完整帧:   1004 帧  |  发送帧:   1004 帧  (   52208 B)  [帧头:EAEAEAEA  帧尾:AEAEAEAE]
[2026-04-02 17:00:21.285] 在线连接:   1  |  收到数据:    27804 B  |  解析完整帧:    993 帧  |  发送帧:    993 帧  (   51636 B)  [帧头:EAEAEAEA  帧尾:AEAEAEAE]
[2026-04-02 17:00:22.286] 在线连接:   1  |  收到数据:    28112 B  |  解析完整帧:   1004 帧  |  发送帧:   1004 帧  (   52208 B)  [帧头:EAEAEAEA  帧尾:AEAEAEAE]
[2026-04-02 17:00:23.286] 在线连接:   1  |  收到数据:    28056 B  |  解析完整帧:   1002 帧  |  发送帧:   1002 帧  (   52104 B)  [帧头:EAEAEAEA  帧尾:AEAEAEAE]
[2026-04-02 17:00:24.288] 在线连接:   1  |  收到数据:    27608 B  |  解析完整帧:    986 帧  |  发送帧:    986 帧  (   51272 B)  [帧头:EAEAEAEA  帧尾:AEAEAEAE]
[2026-04-02 17:00:25.288] 在线连接:   1  |  收到数据:    28364 B  |  解析完整帧:   1013 帧  |  发送帧:   1013 帧  (   52676 B)  [帧头:EAEAEAEA  帧尾:AEAEAEAE]
[2026-04-02 17:00:26.289] 在线连接:   1  |  收到数据:    28084 B  |  解析完整帧:   1003 帧  |  发送帧:   1003 帧  (   52156 B)  [帧头:EAEAEAEA  帧尾:AEAEAEAE]
[2026-04-02 17:00:27.290] 在线连接:   1  |  收到数据:    27888 B  |  解析完整帧:    996 帧  |  发送帧:    996 帧  (   51792 B)  [帧头:EAEAEAEA  帧尾:AEAEAEAE]
[2026-04-02 17:00:28.291] 在线连接:   1  |  收到数据:    28252 B  |  解析完整帧:   1009 帧  |  发送帧:   1009 帧  (   52468 B)  [帧头:EAEAEAEA  帧尾:AEAEAEAE]
[2026-04-02 17:00:29.292] 在线连接:   1  |  收到数据:    27664 B  |  解析完整帧:    988 帧  |  发送帧:    988 帧  (   51376 B)  [帧头:EAEAEAEA  帧尾:AEAEAEAE]
[2026-04-02 17:00:30.293] 在线连接:   1  |  收到数据:    28252 B  |  解析完整帧:   1009 帧  |  发送帧:   1009 帧  (   52468 B)  [帧头:EAEAEAEA  帧尾:AEAEAEAE]
[2026-04-02 17:00:31.293] 在线连接:   1  |  收到数据:    27832 B  |  解析完整帧:    994 帧  |  发送帧:    994 帧  (   51688 B)  [帧头:EAEAEAEA  帧尾:AEAEAEAE]
[2026-04-02 17:00:32.294] 在线连接:   1  |  收到数据:    28336 B  |  解析完整帧:   1012 帧  |  发送帧:   1012 帧  (   52624 B)  [帧头:EAEAEAEA  帧尾:AEAEAEAE]
[2026-04-02 17:00:33.295] 在线连接:   1  |  收到数据:    27972 B  |  解析完整帧:    999 帧  |  发送帧:    999 帧  (   51948 B)  [帧头:EAEAEAEA  帧尾:AEAEAEAE]
[2026-04-02 17:00:34.296] 在线连接:   1  |  收到数据:    27972 B  |  解析完整帧:    999 帧  |  发送帧:    999 帧  (   51948 B)  [帧头:EAEAEAEA  帧尾:AEAEAEAE]
[2026-04-02 17:00:35.296] 在线连接:   1  |  收到数据:    28112 B  |  解析完整帧:   1004 帧  |  发送帧:   1004 帧  (   52208 B)  [帧头:EAEAEAEA  帧尾:AEAEAEAE]
[2026-04-02 17:00:36.297] 在线连接:   1  |  收到数据:    27664 B  |  解析完整帧:    988 帧  |  发送帧:    988 帧  (   51376 B)  [帧头:EAEAEAEA  帧尾:AEAEAEAE]
[2026-04-02 17:00:37.297] 在线连接:   1  |  收到数据:    28364 B  |  解析完整帧:   1013 帧  |  发送帧:   1013 帧  (   52676 B)  [帧头:EAEAEAEA  帧尾:AEAEAEAE]
[2026-04-02 17:00:38.298] 在线连接:   1  |  收到数据:    28000 B  |  解析完整帧:   1000 帧  |  发送帧:   1000 帧  (   52000 B)  [帧头:EAEAEAEA  帧尾:AEAEAEAE]
[2026-04-02 17:00:39.299] 在线连接:   1  |  收到数据:    27608 B  |  解析完整帧:    986 帧  |  发送帧:    986 帧  (   51272 B)  [帧头:EAEAEAEA  帧尾:AEAEAEAE]
[2026-04-02 17:00:40.299] 在线连接:   1  |  收到数据:    28308 B  |  解析完整帧:   1011 帧  |  发送帧:   1011 帧  (   52572 B)  [帧头:EAEAEAEA  帧尾:AEAEAEAE]
[2026-04-02 17:00:41.300] 在线连接:   1  |  收到数据:    27692 B  |  解析完整帧:    989 帧  |  发送帧:    989 帧  (   51428 B)  [帧头:EAEAEAEA  帧尾:AEAEAEAE]
[2026-04-02 17:00:42.301] 在线连接:   1  |  收到数据:    28448 B  |  解析完整帧:   1016 帧  |  发送帧:   1016 帧  (   52832 B)  [帧头:EAEAEAEA  帧尾:AEAEAEAE]
[2026-04-02 17:00:43.301] 在线连接:   1  |  收到数据:    27944 B  |  解析完整帧:    998 帧  |  发送帧:    998 帧  (   51896 B)  [帧头:EAEAEAEA  帧尾:AEAEAEAE]
[2026-04-02 17:00:44.302] 在线连接:   1  |  收到数据:    28112 B  |  解析完整帧:   1004 帧  |  发送帧:   1004 帧  (   52208 B)  [帧头:EAEAEAEA  帧尾:AEAEAEAE]
[2026-04-02 17:00:45.303] 在线连接:   1  |  收到数据:    28028 B  |  解析完整帧:   1001 帧  |  发送帧:   1001 帧  (   52052 B)  [帧头:EAEAEAEA  帧尾:AEAEAEAE]
[2026-04-02 17:00:46.304] 在线连接:   1  |  收到数据:    28000 B  |  解析完整帧:   1000 帧  |  发送帧:   1000 帧  (   52000 B)  [帧头:EAEAEAEA  帧尾:AEAEAEAE]
[2026-04-02 17:00:47.305] 在线连接:   1  |  收到数据:    28028 B  |  解析完整帧:   1001 帧  |  发送帧:   1001 帧  (   52052 B)  [帧头:EAEAEAEA  帧尾:AEAEAEAE]
[2026-04-02 17:00:48.305] 在线连接:   1  |  收到数据:    28028 B  |  解析完整帧:   1001 帧  |  发送帧:   1001 帧  (   52052 B)  [帧头:EAEAEAEA  帧尾:AEAEAEAE]
[2026-04-02 17:00:49.306] 在线连接:   1  |  收到数据:    28028 B  |  解析完整帧:   1001 帧  |  发送帧:   1001 帧  (   52052 B)  [帧头:EAEAEAEA  帧尾:AEAEAEAE]
[2026-04-02 17:00:50.306] 在线连接:   1  |  收到数据:    28000 B  |  解析完整帧:   1000 帧  |  发送帧:   1000 帧  (   52000 B)  [帧头:EAEAEAEA  帧尾:AEAEAEAE]
[2026-04-02 17:00:51.307] 在线连接:   1  |  收到数据:    27860 B  |  解析完整帧:    995 帧  |  发送帧:    995 帧  (   51740 B)  [帧头:EAEAEAEA  帧尾:AEAEAEAE]
[2026-04-02 17:00:52.308] 在线连接:   1  |  收到数据:    28196 B  |  解析完整帧:   1007 帧  |  发送帧:   1007 帧  (   52364 B)  [帧头:EAEAEAEA  帧尾:AEAEAEAE]
[2026-04-02 17:00:53.309] 在线连接:   1  |  收到数据:    27636 B  |  解析完整帧:    987 帧  |  发送帧:    987 帧  (   51324 B)  [帧头:EAEAEAEA  帧尾:AEAEAEAE]
[2026-04-02 17:00:54.310] 在线连接:   1  |  收到数据:    28168 B  |  解析完整帧:   1006 帧  |  发送帧:   1006 帧  (   52312 B)  [帧头:EAEAEAEA  帧尾:AEAEAEAE]
[2026-04-02 17:00:55.310] 在线连接:   1  |  收到数据:    27860 B  |  解析完整帧:    995 帧  |  发送帧:    995 帧  (   51740 B)  [帧头:EAEAEAEA  帧尾:AEAEAEAE]
[2026-04-02 17:00:56.311] 在线连接:   1  |  收到数据:    28392 B  |  解析完整帧:   1014 帧  |  发送帧:   1014 帧  (   52728 B)  [帧头:EAEAEAEA  帧尾:AEAEAEAE]
[2026-04-02 17:00:57.312] 在线连接:   1  |  收到数据:    28056 B  |  解析完整帧:   1002 帧  |  发送帧:   1002 帧  (   52104 B)  [帧头:EAEAEAEA  帧尾:AEAEAEAE]
[2026-04-02 17:00:58.312] 在线连接:   1  |  收到数据:    27580 B  |  解析完整帧:    985 帧  |  发送帧:    985 帧  (   51220 B)  [帧头:EAEAEAEA  帧尾:AEAEAEAE]
[2026-04-02 17:00:59.313] 在线连接:   1  |  收到数据:    28448 B  |  解析完整帧:   1016 帧  |  发送帧:   1016 帧  (   52832 B)  [帧头:EAEAEAEA  帧尾:AEAEAEAE]
[2026-04-02 17:01:00.314] 在线连接:   1  |  收到数据:    27972 B  |  解析完整帧:    999 帧  |  发送帧:    999 帧  (   51948 B)  [帧头:EAEAEAEA  帧尾:AEAEAEAE]
[2026-04-02 17:01:01.314] 在线连接:   1  |  收到数据:    28056 B  |  解析完整帧:   1002 帧  |  发送帧:   1002 帧  (   52104 B)  [帧头:EAEAEAEA  帧尾:AEAEAEAE]
[2026-04-02 17:01:02.315] 在线连接:   1  |  收到数据:    28000 B  |  解析完整帧:   1000 帧  |  发送帧:   1000 帧  (   52000 B)  [帧头:EAEAEAEA  帧尾:AEAEAEAE]
[2026-04-02 17:01:03.315] 在线连接:   1  |  收到数据:    27972 B  |  解析完整帧:    999 帧  |  发送帧:    999 帧  (   51948 B)  [帧头:EAEAEAEA  帧尾:AEAEAEAE]
[2026-04-02 17:01:04.316] 在线连接:   1  |  收到数据:    28028 B  |  解析完整帧:   1001 帧  |  发送帧:   1001 帧  (   52052 B)  [帧头:EAEAEAEA  帧尾:AEAEAEAE]
[2026-04-02 17:01:05.317] 在线连接:   1  |  收到数据:    27972 B  |  解析完整帧:    999 帧  |  发送帧:    999 帧  (   51948 B)  [帧头:EAEAEAEA  帧尾:AEAEAEAE]
[2026-04-02 17:01:06.318] 在线连接:   1  |  收到数据:    28140 B  |  解析完整帧:   1005 帧  |  发送帧:   1005 帧  (   52260 B)  [帧头:EAEAEAEA  帧尾:AEAEAEAE]
[2026-04-02 17:01:07.318] 在线连接:   1  |  收到数据:    28000 B  |  解析完整帧:   1000 帧  |  发送帧:   1000 帧  (   52000 B)  [帧头:EAEAEAEA  帧尾:AEAEAEAE]
[2026-04-02 17:01:08.319] 在线连接:   1  |  收到数据:    28028 B  |  解析完整帧:   1001 帧  |  发送帧:   1001 帧  (   52052 B)  [帧头:EAEAEAEA  帧尾:AEAEAEAE]
[2026-04-02 17:01:09.320] 在线连接:   1  |  收到数据:    28028 B  |  解析完整帧:   1001 帧  |  发送帧:   1001 帧  (   52052 B)  [帧头:EAEAEAEA  帧尾:AEAEAEAE]
[2026-04-02 17:01:10.321] 在线连接:   1  |  收到数据:    27916 B  |  解析完整帧:    997 帧  |  发送帧:    997 帧  (   51844 B)  [帧头:EAEAEAEA  帧尾:AEAEAEAE]
[2026-04-02 17:01:11.321] 在线连接:   1  |  收到数据:    27496 B  |  解析完整帧:    982 帧  |  发送帧:    982 帧  (   51064 B)  [帧头:EAEAEAEA  帧尾:AEAEAEAE]
[2026-04-02 17:01:12.322] 在线连接:   1  |  收到数据:    28616 B  |  解析完整帧:   1022 帧  |  发送帧:   1022 帧  (   53144 B)  [帧头:EAEAEAEA  帧尾:AEAEAEAE]
[2026-04-02 17:01:13.322] 在线连接:   1  |  收到数据:    28000 B  |  解析完整帧:   1000 帧  |  发送帧:   1000 帧  (   52000 B)  [帧头:EAEAEAEA  帧尾:AEAEAEAE]
[2026-04-02 17:01:14.323] 在线连接:   1  |  收到数据:    28056 B  |  解析完整帧:   1002 帧  |  发送帧:   1002 帧  (   52104 B)  [帧头:EAEAEAEA  帧尾:AEAEAEAE]
[2026-04-02 17:01:15.323] 在线连接:   1  |  收到数据:    27972 B  |  解析完整帧:    999 帧  |  发送帧:    999 帧  (   51948 B)  [帧头:EAEAEAEA  帧尾:AEAEAEAE]
[2026-04-02 17:01:16.324] 在线连接:   1  |  收到数据:    28056 B  |  解析完整帧:   1002 帧  |  发送帧:   1002 帧  (   52104 B)  [帧头:EAEAEAEA  帧尾:AEAEAEAE]
[2026-04-02 17:01:17.325] 在线连接:   1  |  收到数据:    28028 B  |  解析完整帧:   1001 帧  |  发送帧:   1001 帧  (   52052 B)  [帧头:EAEAEAEA  帧尾:AEAEAEAE]
[2026-04-02 17:01:18.326] 在线连接:   1  |  收到数据:    28056 B  |  解析完整帧:   1002 帧  |  发送帧:    989 帧  (   51428 B)  [帧头:EAEAEAEA  帧尾:AEAEAEAE]
[2026-04-02 17:01:19.327] 在线连接:   1  |  收到数据:    27972 B  |  解析完整帧:    999 帧  |  发送帧:   1012 帧  (   52624 B)  [帧头:EAEAEAEA  帧尾:AEAEAEAE]
[2026-04-02 17:01:20.327] 在线连接:   1  |  收到数据:    28028 B  |  解析完整帧:   1001 帧  |  发送帧:   1001 帧  (   52052 B)  [帧头:EAEAEAEA  帧尾:AEAEAEAE]
[2026-04-02 17:01:21.328] 在线连接:   1  |  收到数据:    27748 B  |  解析完整帧:    991 帧  |  发送帧:    991 帧  (   51532 B)  [帧头:EAEAEAEA  帧尾:AEAEAEAE]
[2026-04-02 17:01:22.329] 在线连接:   1  |  收到数据:    28000 B  |  解析完整帧:   1000 帧  |  发送帧:   1000 帧  (   52000 B)  [帧头:EAEAEAEA  帧尾:AEAEAEAE]
[2026-04-02 17:01:23.330] 在线连接:   1  |  收到数据:    28336 B  |  解析完整帧:   1012 帧  |  发送帧:   1012 帧  (   52624 B)  [帧头:EAEAEAEA  帧尾:AEAEAEAE]
[2026-04-02 17:01:24.330] 在线连接:   1  |  收到数据:    27860 B  |  解析完整帧:    995 帧  |  发送帧:    995 帧  (   51740 B)  [帧头:EAEAEAEA  帧尾:AEAEAEAE]
[2026-04-02 17:01:25.331] 在线连接:   1  |  收到数据:    27664 B  |  解析完整帧:    988 帧  |  发送帧:    988 帧  (   51376 B)  [帧头:EAEAEAEA  帧尾:AEAEAEAE]
[2026-04-02 17:01:26.331] 在线连接:   1  |  收到数据:    28420 B  |  解析完整帧:   1015 帧  |  发送帧:   1015 帧  (   52780 B)  [帧头:EAEAEAEA  帧尾:AEAEAEAE]
[2026-04-02 17:01:27.332] 在线连接:   1  |  收到数据:    28112 B  |  解析完整帧:   1004 帧  |  发送帧:   1004 帧  (   52208 B)  [帧头:EAEAEAEA  帧尾:AEAEAEAE]
[2026-04-02 17:01:28.332] 在线连接:   1  |  收到数据:    27972 B  |  解析完整帧:    999 帧  |  发送帧:    999 帧  (   51948 B)  [帧头:EAEAEAEA  帧尾:AEAEAEAE]
[2026-04-02 17:01:29.333] 在线连接:   1  |  收到数据:    27860 B  |  解析完整帧:    995 帧  |  发送帧:    995 帧  (   51740 B)  [帧头:EAEAEAEA  帧尾:AEAEAEAE]
[2026-04-02 17:01:30.333] 在线连接:   1  |  收到数据:    28224 B  |  解析完整帧:   1008 帧  |  发送帧:   1008 帧  (   52416 B)  [帧头:EAEAEAEA  帧尾:AEAEAEAE]
[2026-04-02 17:01:31.334] 在线连接:   1  |  收到数据:    28028 B  |  解析完整帧:   1001 帧  |  发送帧:   1001 帧  (   52052 B)  [帧头:EAEAEAEA  帧尾:AEAEAEAE]
[2026-04-02 17:01:32.335] 在线连接:   1  |  收到数据:    27944 B  |  解析完整帧:    998 帧  |  发送帧:    998 帧  (   51896 B)  [帧头:EAEAEAEA  帧尾:AEAEAEAE]
[2026-04-02 17:01:33.335] 在线连接:   1  |  收到数据:    28084 B  |  解析完整帧:   1003 帧  |  发送帧:   1003 帧  (   52156 B)  [帧头:EAEAEAEA  帧尾:AEAEAEAE]
[2026-04-02 17:01:34.336] 在线连接:   1  |  收到数据:    28000 B  |  解析完整帧:   1000 帧  |  发送帧:   1000 帧  (   52000 B)  [帧头:EAEAEAEA  帧尾:AEAEAEAE]
[2026-04-02 17:01:35.337] 在线连接:   1  |  收到数据:    28028 B  |  解析完整帧:   1001 帧  |  发送帧:   1001 帧  (   52052 B)  [帧头:EAEAEAEA  帧尾:AEAEAEAE]
[2026-04-02 17:01:36.338] 在线连接:   1  |  收到数据:    27608 B  |  解析完整帧:    986 帧  |  发送帧:    986 帧  (   51272 B)  [帧头:EAEAEAEA  帧尾:AEAEAEAE]
[2026-04-02 17:01:37.339] 在线连接:   1  |  收到数据:    28448 B  |  解析完整帧:   1016 帧  |  发送帧:   1016 帧  (   52832 B)  [帧头:EAEAEAEA  帧尾:AEAEAEAE]
[2026-04-02 17:01:38.339] 在线连接:   1  |  收到数据:    27608 B  |  解析完整帧:    986 帧  |  发送帧:    986 帧  (   51272 B)  [帧头:EAEAEAEA  帧尾:AEAEAEAE]
[2026-04-02 17:01:39.340] 在线连接:   1  |  收到数据:    28448 B  |  解析完整帧:   1016 帧  |  发送帧:   1016 帧  (   52832 B)  [帧头:EAEAEAEA  帧尾:AEAEAEAE]
[2026-04-02 17:01:40.341] 在线连接:   1  |  收到数据:    27720 B  |  解析完整帧:    990 帧  |  发送帧:    990 帧  (   51480 B)  [帧头:EAEAEAEA  帧尾:AEAEAEAE]
[2026-04-02 17:01:41.342] 在线连接:   1  |  收到数据:    28364 B  |  解析完整帧:   1013 帧  |  发送帧:   1013 帧  (   52676 B)  [帧头:EAEAEAEA  帧尾:AEAEAEAE]
[2026-04-02 17:01:42.343] 在线连接:   1  |  收到数据:    27972 B  |  解析完整帧:    999 帧  |  发送帧:    999 帧  (   51948 B)  [帧头:EAEAEAEA  帧尾:AEAEAEAE]
[2026-04-02 17:01:43.344] 在线连接:   1  |  收到数据:    27720 B  |  解析完整帧:    990 帧  |  发送帧:    990 帧  (   51480 B)  [帧头:EAEAEAEA  帧尾:AEAEAEAE]
[2026-04-02 17:01:44.344] 在线连接:   1  |  收到数据:    27972 B  |  解析完整帧:    999 帧  |  发送帧:    999 帧  (   51948 B)  [帧头:EAEAEAEA  帧尾:AEAEAEAE]
[2026-04-02 17:01:45.345] 在线连接:   1  |  收到数据:    28364 B  |  解析完整帧:   1013 帧  |  发送帧:   1013 帧  (   52676 B)  [帧头:EAEAEAEA  帧尾:AEAEAEAE]
[2026-04-02 17:01:46.346] 在线连接:   1  |  收到数据:    27916 B  |  解析完整帧:    997 帧  |  发送帧:    997 帧  (   51844 B)  [帧头:EAEAEAEA  帧尾:AEAEAEAE]
[2026-04-02 17:01:47.347] 在线连接:   1  |  收到数据:    28056 B  |  解析完整帧:   1002 帧  |  发送帧:   1002 帧  (   52104 B)  [帧头:EAEAEAEA  帧尾:AEAEAEAE]
[2026-04-02 17:01:48.348] 在线连接:   1  |  收到数据:    28056 B  |  解析完整帧:   1002 帧  |  发送帧:    998 帧  (   51896 B)  [帧头:EAEAEAEA  帧尾:AEAEAEAE]
[2026-04-02 17:01:49.348] 在线连接:   1  |  收到数据:    27972 B  |  解析完整帧:    999 帧  |  发送帧:   1003 帧  (   52156 B)  [帧头:EAEAEAEA  帧尾:AEAEAEAE]
[2026-04-02 17:01:50.349] 在线连接:   1  |  收到数据:    27944 B  |  解析完整帧:    998 帧  |  发送帧:    998 帧  (   51896 B)  [帧头:EAEAEAEA  帧尾:AEAEAEAE]
[2026-04-02 17:01:51.350] 在线连接:   1  |  收到数据:    28168 B  |  解析完整帧:   1006 帧  |  发送帧:   1006 帧  (   52312 B)  [帧头:EAEAEAEA  帧尾:AEAEAEAE]
[2026-04-02 17:01:52.350] 在线连接:   1  |  收到数据:    28000 B  |  解析完整帧:   1000 帧  |  发送帧:   1000 帧  (   52000 B)  [帧头:EAEAEAEA  帧尾:AEAEAEAE]
[2026-04-02 17:01:53.351] 在线连接:   1  |  收到数据:    28028 B  |  解析完整帧:   1001 帧  |  发送帧:   1001 帧  (   52052 B)  [帧头:EAEAEAEA  帧尾:AEAEAEAE]
[2026-04-02 17:01:54.352] 在线连接:   1  |  收到数据:    27944 B  |  解析完整帧:    998 帧  |  发送帧:    998 帧  (   51896 B)  [帧头:EAEAEAEA  帧尾:AEAEAEAE]
[2026-04-02 17:01:55.353] 在线连接:   1  |  收到数据:    27972 B  |  解析完整帧:    999 帧  |  发送帧:    999 帧  (   51948 B)  [帧头:EAEAEAEA  帧尾:AEAEAEAE]
[2026-04-02 17:01:56.353] 在线连接:   1  |  收到数据:    27832 B  |  解析完整帧:    994 帧  |  发送帧:    994 帧  (   51688 B)  [帧头:EAEAEAEA  帧尾:AEAEAEAE]
[2026-04-02 17:01:57.354] 在线连接:   1  |  收到数据:    28224 B  |  解析完整帧:   1008 帧  |  发送帧:   1008 帧  (   52416 B)  [帧头:EAEAEAEA  帧尾:AEAEAEAE]
[2026-04-02 17:01:58.355] 在线连接:   1  |  收到数据:    27888 B  |  解析完整帧:    996 帧  |  发送帧:    996 帧  (   51792 B)  [帧头:EAEAEAEA  帧尾:AEAEAEAE]
[2026-04-02 17:01:59.356] 在线连接:   1  |  收到数据:    27832 B  |  解析完整帧:    994 帧  |  发送帧:    994 帧  (   51688 B)  [帧头:EAEAEAEA  帧尾:AEAEAEAE]
[2026-04-02 17:02:00.356] 在线连接:   1  |  收到数据:    28056 B  |  解析完整帧:   1002 帧  |  发送帧:   1002 帧  (   52104 B)  [帧头:EAEAEAEA  帧尾:AEAEAEAE]
[2026-04-02 17:02:01.357] 在线连接:   1  |  收到数据:    28196 B  |  解析完整帧:   1007 帧  |  发送帧:   1007 帧  (   52364 B)  [帧头:EAEAEAEA  帧尾:AEAEAEAE]
[2026-04-02 17:02:02.358] 在线连接:   1  |  收到数据:    27776 B  |  解析完整帧:    992 帧  |  发送帧:    992 帧  (   51584 B)  [帧头:EAEAEAEA  帧尾:AEAEAEAE]
[2026-04-02 17:02:03.358] 在线连接:   1  |  收到数据:    28252 B  |  解析完整帧:   1009 帧  |  发送帧:   1009 帧  (   52468 B)  [帧头:EAEAEAEA  帧尾:AEAEAEAE]
[2026-04-02 17:02:04.359] 在线连接:   1  |  收到数据:    28000 B  |  解析完整帧:   1000 帧  |  发送帧:   1000 帧  (   52000 B)  [帧头:EAEAEAEA  帧尾:AEAEAEAE]
[2026-04-02 17:02:05.359] 在线连接:   1  |  收到数据:    27412 B  |  解析完整帧:    979 帧  |  发送帧:    979 帧  (   50908 B)  [帧头:EAEAEAEA  帧尾:AEAEAEAE]
[2026-04-02 17:02:06.360] 在线连接:   1  |  收到数据:    28616 B  |  解析完整帧:   1022 帧  |  发送帧:   1022 帧  (   53144 B)  [帧头:EAEAEAEA  帧尾:AEAEAEAE]
[2026-04-02 17:02:07.361] 在线连接:   1  |  收到数据:    28084 B  |  解析完整帧:   1003 帧  |  发送帧:   1003 帧  (   52156 B)  [帧头:EAEAEAEA  帧尾:AEAEAEAE]
[2026-04-02 17:02:08.362] 在线连接:   1  |  收到数据:    28000 B  |  解析完整帧:   1000 帧  |  发送帧:   1000 帧  (   52000 B)  [帧头:EAEAEAEA  帧尾:AEAEAEAE]
[2026-04-02 17:02:09.362] 在线连接:   1  |  收到数据:    27468 B  |  解析完整帧:    981 帧  |  发送帧:    981 帧  (   51012 B)  [帧头:EAEAEAEA  帧尾:AEAEAEAE]
[2026-04-02 17:02:10.363] 在线连接:   1  |  收到数据:    28028 B  |  解析完整帧:   1001 帧  |  发送帧:   1001 帧  (   52052 B)  [帧头:EAEAEAEA  帧尾:AEAEAEAE]
[2026-04-02 17:02:11.364] 在线连接:   1  |  收到数据:    28000 B  |  解析完整帧:   1000 帧  |  发送帧:   1000 帧  (   52000 B)  [帧头:EAEAEAEA  帧尾:AEAEAEAE]
[2026-04-02 17:02:12.365] 在线连接:   1  |  收到数据:    28560 B  |  解析完整帧:   1020 帧  |  发送帧:   1020 帧  (   53040 B)  [帧头:EAEAEAEA  帧尾:AEAEAEAE]
[2026-04-02 17:02:13.365] 在线连接:   1  |  收到数据:    28056 B  |  解析完整帧:   1002 帧  |  发送帧:   1002 帧  (   52104 B)  [帧头:EAEAEAEA  帧尾:AEAEAEAE]
[2026-04-02 17:02:14.366] 在线连接:   1  |  收到数据:    27972 B  |  解析完整帧:    999 帧  |  发送帧:    999 帧  (   51948 B)  [帧头:EAEAEAEA  帧尾:AEAEAEAE]
[2026-04-02 17:02:15.367] 在线连接:   1  |  收到数据:    28056 B  |  解析完整帧:   1002 帧  |  发送帧:   1002 帧  (   52104 B)  [帧头:EAEAEAEA  帧尾:AEAEAEAE]
[2026-04-02 17:02:16.368] 在线连接:   1  |  收到数据:    28056 B  |  解析完整帧:   1002 帧  |  发送帧:   1002 帧  (   52104 B)  [帧头:EAEAEAEA  帧尾:AEAEAEAE]
[2026-04-02 17:02:17.368] 在线连接:   1  |  收到数据:    28028 B  |  解析完整帧:   1001 帧  |  发送帧:   1001 帧  (   52052 B)  [帧头:EAEAEAEA  帧尾:AEAEAEAE]
[2026-04-02 17:02:18.369] 在线连接:   1  |  收到数据:    27692 B  |  解析完整帧:    989 帧  |  发送帧:    989 帧  (   51428 B)  [帧头:EAEAEAEA  帧尾:AEAEAEAE]
[2026-04-02 17:02:19.370] 在线连接:   1  |  收到数据:    28336 B  |  解析完整帧:   1012 帧  |  发送帧:   1012 帧  (   52624 B)  [帧头:EAEAEAEA  帧尾:AEAEAEAE]
[2026-04-02 17:02:20.371] 在线连接:   1  |  收到数据:    27580 B  |  解析完整帧:    985 帧  |  发送帧:    985 帧  (   51220 B)  [帧头:EAEAEAEA  帧尾:AEAEAEAE]
[2026-04-02 17:02:21.372] 在线连接:   1  |  收到数据:    28448 B  |  解析完整帧:   1016 帧  |  发送帧:   1016 帧  (   52832 B)  [帧头:EAEAEAEA  帧尾:AEAEAEAE]
[2026-04-02 17:02:22.372] 在线连接:   1  |  收到数据:    27972 B  |  解析完整帧:    999 帧  |  发送帧:    999 帧  (   51948 B)  [帧头:EAEAEAEA  帧尾:AEAEAEAE]
[2026-04-02 17:02:23.373] 在线连接:   1  |  收到数据:    28028 B  |  解析完整帧:   1001 帧  |  发送帧:   1001 帧  (   52052 B)  [帧头:EAEAEAEA  帧尾:AEAEAEAE]
[2026-04-02 17:02:24.374] 在线连接:   1  |  收到数据:    27944 B  |  解析完整帧:    998 帧  |  发送帧:    998 帧  (   51896 B)  [帧头:EAEAEAEA  帧尾:AEAEAEAE]
[2026-04-02 17:02:25.374] 在线连接:   1  |  收到数据:    28140 B  |  解析完整帧:   1005 帧  |  发送帧:   1005 帧  (   52260 B)  [帧头:EAEAEAEA  帧尾:AEAEAEAE]
[2026-04-02 17:02:26.375] 在线连接:   1  |  收到数据:    27916 B  |  解析完整帧:    997 帧  |  发送帧:    997 帧  (   51844 B)  [帧头:EAEAEAEA  帧尾:AEAEAEAE]
[2026-04-02 17:02:27.375] 在线连接:   1  |  收到数据:    28140 B  |  解析完整帧:   1005 帧  |  发送帧:   1003 帧  (   52156 B)  [帧头:EAEAEAEA  帧尾:AEAEAEAE]
[2026-04-02 17:02:28.376] 在线连接:   1  |  收到数据:    28000 B  |  解析完整帧:   1000 帧  |  发送帧:   1002 帧  (   52104 B)  [帧头:EAEAEAEA  帧尾:AEAEAEAE]
[2026-04-02 17:02:29.377] 在线连接:   1  |  收到数据:    27916 B  |  解析完整帧:    997 帧  |  发送帧:    997 帧  (   51844 B)  [帧头:EAEAEAEA  帧尾:AEAEAEAE]
[2026-04-02 17:02:30.378] 在线连接:   1  |  收到数据:    28056 B  |  解析完整帧:   1002 帧  |  发送帧:   1002 帧  (   52104 B)  [帧头:EAEAEAEA  帧尾:AEAEAEAE]
[2026-04-02 17:02:31.378] 在线连接:   1  |  收到数据:    28084 B  |  解析完整帧:   1003 帧  |  发送帧:   1003 帧  (   52156 B)  [帧头:EAEAEAEA  帧尾:AEAEAEAE]
[2026-04-02 17:02:32.379] 在线连接:   1  |  收到数据:    28000 B  |  解析完整帧:   1000 帧  |  发送帧:   1000 帧  (   52000 B)  [帧头:EAEAEAEA  帧尾:AEAEAEAE]
[2026-04-02 17:02:33.380] 在线连接:   1  |  收到数据:    28028 B  |  解析完整帧:   1001 帧  |  发送帧:   1001 帧  (   52052 B)  [帧头:EAEAEAEA  帧尾:AEAEAEAE]
[2026-04-02 17:02:34.380] 在线连接:   1  |  收到数据:    28056 B  |  解析完整帧:   1002 帧  |  发送帧:   1002 帧  (   52104 B)  [帧头:EAEAEAEA  帧尾:AEAEAEAE]
[2026-04-02 17:02:35.381] 在线连接:   1  |  收到数据:    27776 B  |  解析完整帧:    992 帧  |  发送帧:    992 帧  (   51584 B)  [帧头:EAEAEAEA  帧尾:AEAEAEAE]
[2026-04-02 17:02:36.382] 在线连接:   1  |  收到数据:    28168 B  |  解析完整帧:   1006 帧  |  发送帧:   1006 帧  (   52312 B)  [帧头:EAEAEAEA  帧尾:AEAEAEAE]
[2026-04-02 17:02:37.383] 在线连接:   1  |  收到数据:    27972 B  |  解析完整帧:    999 帧  |  发送帧:    999 帧  (   51948 B)  [帧头:EAEAEAEA  帧尾:AEAEAEAE]
[2026-04-02 17:02:38.383] 在线连接:   1  |  收到数据:    27916 B  |  解析完整帧:    997 帧  |  发送帧:    997 帧  (   51844 B)  [帧头:EAEAEAEA  帧尾:AEAEAEAE]
[2026-04-02 17:02:39.384] 在线连接:   1  |  收到数据:    28056 B  |  解析完整帧:   1002 帧  |  发送帧:   1002 帧  (   52104 B)  [帧头:EAEAEAEA  帧尾:AEAEAEAE]
[2026-04-02 17:02:40.385] 在线连接:   1  |  收到数据:    28028 B  |  解析完整帧:   1001 帧  |  发送帧:   1001 帧  (   52052 B)  [帧头:EAEAEAEA  帧尾:AEAEAEAE]
[2026-04-02 17:02:41.385] 在线连接:   1  |  收到数据:    27972 B  |  解析完整帧:    999 帧  |  发送帧:    999 帧  (   51948 B)  [帧头:EAEAEAEA  帧尾:AEAEAEAE]
[2026-04-02 17:02:42.386] 在线连接:   1  |  收到数据:    28252 B  |  解析完整帧:   1009 帧  |  发送帧:   1009 帧  (   52468 B)  [帧头:EAEAEAEA  帧尾:AEAEAEAE]
[2026-04-02 17:02:43.387] 在线连接:   1  |  收到数据:    27916 B  |  解析完整帧:    997 帧  |  发送帧:    997 帧  (   51844 B)  [帧头:EAEAEAEA  帧尾:AEAEAEAE]
[2026-04-02 17:02:44.387] 在线连接:   1  |  收到数据:    28000 B  |  解析完整帧:   1000 帧  |  发送帧:   1000 帧  (   52000 B)  [帧头:EAEAEAEA  帧尾:AEAEAEAE]
[2026-04-02 17:02:45.388] 在线连接:   1  |  收到数据:    27860 B  |  解析完整帧:    995 帧  |  发送帧:    995 帧  (   51740 B)  [帧头:EAEAEAEA  帧尾:AEAEAEAE]
[2026-04-02 17:02:46.389] 在线连接:   1  |  收到数据:    28168 B  |  解析完整帧:   1006 帧  |  发送帧:   1006 帧  (   52312 B)  [帧头:EAEAEAEA  帧尾:AEAEAEAE]
[2026-04-02 17:02:47.390] 在线连接:   1  |  收到数据:    28028 B  |  解析完整帧:   1001 帧  |  发送帧:   1001 帧  (   52052 B)  [帧头:EAEAEAEA  帧尾:AEAEAEAE]
[2026-04-02 17:02:48.390] 在线连接:   1  |  收到数据:    28112 B  |  解析完整帧:   1004 帧  |  发送帧:   1004 帧  (   52208 B)  [帧头:EAEAEAEA  帧尾:AEAEAEAE]
[2026-04-02 17:02:49.391] 在线连接:   1  |  收到数据:    28028 B  |  解析完整帧:   1001 帧  |  发送帧:   1001 帧  (   52052 B)  [帧头:EAEAEAEA  帧尾:AEAEAEAE]
[2026-04-02 17:02:50.392] 在线连接:   1  |  收到数据:    28028 B  |  解析完整帧:   1001 帧  |  发送帧:   1001 帧  (   52052 B)  [帧头:EAEAEAEA  帧尾:AEAEAEAE]
[2026-04-02 17:02:51.393] 在线连接:   1  |  收到数据:    28028 B  |  解析完整帧:   1001 帧  |  发送帧:   1001 帧  (   52052 B)  [帧头:EAEAEAEA  帧尾:AEAEAEAE]
[2026-04-02 17:02:52.393] 在线连接:   1  |  收到数据:    27972 B  |  解析完整帧:    999 帧  |  发送帧:    999 帧  (   51948 B)  [帧头:EAEAEAEA  帧尾:AEAEAEAE]
[2026-04-02 17:02:53.394] 在线连接:   1  |  收到数据:    28028 B  |  解析完整帧:   1001 帧  |  发送帧:   1001 帧  (   52052 B)  [帧头:EAEAEAEA  帧尾:AEAEAEAE]
[2026-04-02 17:02:54.394] 在线连接:   1  |  收到数据:    28084 B  |  解析完整帧:   1003 帧  |  发送帧:   1003 帧  (   52156 B)  [帧头:EAEAEAEA  帧尾:AEAEAEAE]
[2026-04-02 17:02:55.395] 在线连接:   1  |  收到数据:    28000 B  |  解析完整帧:   1000 帧  |  发送帧:   1000 帧  (   52000 B)  [帧头:EAEAEAEA  帧尾:AEAEAEAE]
[2026-04-02 17:02:56.396] 在线连接:   1  |  收到数据:    27888 B  |  解析完整帧:    996 帧  |  发送帧:    996 帧  (   51792 B)  [帧头:EAEAEAEA  帧尾:AEAEAEAE]
[2026-04-02 17:02:57.397] 在线连接:   1  |  收到数据:    28140 B  |  解析完整帧:   1005 帧  |  发送帧:   1005 帧  (   52260 B)  [帧头:EAEAEAEA  帧尾:AEAEAEAE]
[2026-04-02 17:02:58.398] 在线连接:   1  |  收到数据:    28056 B  |  解析完整帧:   1002 帧  |  发送帧:   1002 帧  (   52104 B)  [帧头:EAEAEAEA  帧尾:AEAEAEAE]
[2026-04-02 17:02:59.399] 在线连接:   1  |  收到数据:    28056 B  |  解析完整帧:   1002 帧  |  发送帧:    999 帧  (   51948 B)  [帧头:EAEAEAEA  帧尾:AEAEAEAE]
[2026-04-02 17:03:00.399] 在线连接:   1  |  收到数据:    27776 B  |  解析完整帧:    992 帧  |  发送帧:    995 帧  (   51740 B)  [帧头:EAEAEAEA  帧尾:AEAEAEAE]
[2026-04-02 17:03:01.400] 在线连接:   1  |  收到数据:    27888 B  |  解析完整帧:    996 帧  |  发送帧:    994 帧  (   51688 B)  [帧头:EAEAEAEA  帧尾:AEAEAEAE]
[2026-04-02 17:03:02.401] 在线连接:   1  |  收到数据:    28112 B  |  解析完整帧:   1004 帧  |  发送帧:   1006 帧  (   52312 B)  [帧头:EAEAEAEA  帧尾:AEAEAEAE]
[2026-04-02 17:03:03.402] 在线连接:   1  |  收到数据:    28028 B  |  解析完整帧:   1001 帧  |  发送帧:   1001 帧  (   52052 B)  [帧头:EAEAEAEA  帧尾:AEAEAEAE]
[2026-04-02 17:03:04.402] 在线连接:   1  |  收到数据:    28196 B  |  解析完整帧:   1007 帧  |  发送帧:   1007 帧  (   52364 B)  [帧头:EAEAEAEA  帧尾:AEAEAEAE]
[2026-04-02 17:03:05.404] 在线连接:   1  |  收到数据:    27916 B  |  解析完整帧:    997 帧  |  发送帧:    997 帧  (   51844 B)  [帧头:EAEAEAEA  帧尾:AEAEAEAE]
[2026-04-02 17:03:06.406] 在线连接:   1  |  收到数据:    28140 B  |  解析完整帧:   1005 帧  |  发送帧:   1005 帧  (   52260 B)  [帧头:EAEAEAEA  帧尾:AEAEAEAE]
[2026-04-02 17:03:07.407] 在线连接:   1  |  收到数据:    28112 B  |  解析完整帧:   1004 帧  |  发送帧:   1004 帧  (   52208 B)  [帧头:EAEAEAEA  帧尾:AEAEAEAE]
[2026-04-02 17:03:08.407] 在线连接:   1  |  收到数据:    27636 B  |  解析完整帧:    987 帧  |  发送帧:    987 帧  (   51324 B)  [帧头:EAEAEAEA  帧尾:AEAEAEAE]
[2026-04-02 17:03:09.408] 在线连接:   1  |  收到数据:    28252 B  |  解析完整帧:   1009 帧  |  发送帧:   1009 帧  (   52468 B)  [帧头:EAEAEAEA  帧尾:AEAEAEAE]
[2026-04-02 17:03:10.415] 在线连接:   1  |  收到数据:    28168 B  |  解析完整帧:   1006 帧  |  发送帧:   1006 帧  (   52312 B)  [帧头:EAEAEAEA  帧尾:AEAEAEAE]
[2026-04-02 17:03:11.469] 在线连接:   1  |  收到数据:    29512 B  |  解析完整帧:   1054 帧  |  发送帧:   1054 帧  (   54808 B)  [帧头:EAEAEAEA  帧尾:AEAEAEAE]
[2026-04-02 17:03:12.486] 在线连接:   1  |  收到数据:    28700 B  |  解析完整帧:   1025 帧  |  发送帧:   1025 帧  (   53300 B)  [帧头:EAEAEAEA  帧尾:AEAEAEAE]
[2026-04-02 17:03:13.487] 在线连接:   1  |  收到数据:    27552 B  |  解析完整帧:    984 帧  |  发送帧:    984 帧  (   51168 B)  [帧头:EAEAEAEA  帧尾:AEAEAEAE]
[2026-04-02 17:03:14.488] 在线连接:   1  |  收到数据:    28476 B  |  解析完整帧:   1017 帧  |  发送帧:   1017 帧  (   52884 B)  [帧头:EAEAEAEA  帧尾:AEAEAEAE]
[2026-04-02 17:03:15.489] 在线连接:   1  |  收到数据:    27972 B  |  解析完整帧:    999 帧  |  发送帧:    999 帧  (   51948 B)  [帧头:EAEAEAEA  帧尾:AEAEAEAE]
[2026-04-02 17:03:16.490] 在线连接:   1  |  收到数据:    28056 B  |  解析完整帧:   1002 帧  |  发送帧:   1002 帧  (   52104 B)  [帧头:EAEAEAEA  帧尾:AEAEAEAE]
[2026-04-02 17:03:17.491] 在线连接:   1  |  收到数据:    28000 B  |  解析完整帧:   1000 帧  |  发送帧:   1000 帧  (   52000 B)  [帧头:EAEAEAEA  帧尾:AEAEAEAE]
[2026-04-02 17:03:18.492] 在线连接:   1  |  收到数据:    27720 B  |  解析完整帧:    990 帧  |  发送帧:    990 帧  (   51480 B)  [帧头:EAEAEAEA  帧尾:AEAEAEAE]
[2026-04-02 17:03:19.493] 在线连接:   1  |  收到数据:    28000 B  |  解析完整帧:   1000 帧  |  发送帧:   1000 帧  (   52000 B)  [帧头:EAEAEAEA  帧尾:AEAEAEAE]
[2026-04-02 17:03:20.493] 在线连接:   1  |  收到数据:    28140 B  |  解析完整帧:   1005 帧  |  发送帧:   1005 帧  (   52260 B)  [帧头:EAEAEAEA  帧尾:AEAEAEAE]
[2026-04-02 17:03:21.494] 在线连接:   1  |  收到数据:    27916 B  |  解析完整帧:    997 帧  |  发送帧:    997 帧  (   51844 B)  [帧头:EAEAEAEA  帧尾:AEAEAEAE]
[2026-04-02 17:03:22.495] 在线连接:   1  |  收到数据:    28308 B  |  解析完整帧:   1011 帧  |  发送帧:   1008 帧  (   52416 B)  [帧头:EAEAEAEA  帧尾:AEAEAEAE]
[2026-04-02 17:03:23.496] 在线连接:   1  |  收到数据:    28000 B  |  解析完整帧:   1000 帧  |  发送帧:   1003 帧  (   52156 B)  [帧头:EAEAEAEA  帧尾:AEAEAEAE]
[2026-04-02 17:03:24.497] 在线连接:   1  |  收到数据:    28084 B  |  解析完整帧:   1003 帧  |  发送帧:   1003 帧  (   52156 B)  [帧头:EAEAEAEA  帧尾:AEAEAEAE]
[2026-04-02 17:03:25.498] 在线连接:   1  |  收到数据:    28084 B  |  解析完整帧:   1003 帧  |  发送帧:   1003 帧  (   52156 B)  [帧头:EAEAEAEA  帧尾:AEAEAEAE]
[2026-04-02 17:03:26.498] 在线连接:   1  |  收到数据:    28028 B  |  解析完整帧:   1001 帧  |  发送帧:   1001 帧  (   52052 B)  [帧头:EAEAEAEA  帧尾:AEAEAEAE]
[2026-04-02 17:03:27.499] 在线连接:   1  |  收到数据:    27384 B  |  解析完整帧:    978 帧  |  发送帧:    978 帧  (   50856 B)  [帧头:EAEAEAEA  帧尾:AEAEAEAE]
[2026-04-02 17:03:28.500] 在线连接:   1  |  收到数据:    28672 B  |  解析完整帧:   1024 帧  |  发送帧:   1024 帧  (   53248 B)  [帧头:EAEAEAEA  帧尾:AEAEAEAE]
[2026-04-02 17:03:29.501] 在线连接:   1  |  收到数据:    27916 B  |  解析完整帧:    997 帧  |  发送帧:    997 帧  (   51844 B)  [帧头:EAEAEAEA  帧尾:AEAEAEAE]
[2026-04-02 17:03:30.502] 在线连接:   1  |  收到数据:    27972 B  |  解析完整帧:    999 帧  |  发送帧:    999 帧  (   51948 B)  [帧头:EAEAEAEA  帧尾:AEAEAEAE]
[2026-04-02 17:03:31.502] 在线连接:   1  |  收到数据:    27916 B  |  解析完整帧:    997 帧  |  发送帧:    997 帧  (   51844 B)  [帧头:EAEAEAEA  帧尾:AEAEAEAE]
[2026-04-02 17:03:32.503] 在线连接:   1  |  收到数据:    28224 B  |  解析完整帧:   1008 帧  |  发送帧:   1008 帧  (   52416 B)  [帧头:EAEAEAEA  帧尾:AEAEAEAE]
[2026-04-02 17:03:33.504] 在线连接:   1  |  收到数据:    28028 B  |  解析完整帧:   1001 帧  |  发送帧:   1001 帧  (   52052 B)  [帧头:EAEAEAEA  帧尾:AEAEAEAE]
[2026-04-02 17:03:34.505] 在线连接:   1  |  收到数据:    28056 B  |  解析完整帧:   1002 帧  |  发送帧:   1002 帧  (   52104 B)  [帧头:EAEAEAEA  帧尾:AEAEAEAE]
[2026-04-02 17:03:35.505] 在线连接:   1  |  收到数据:    27356 B  |  解析完整帧:    977 帧  |  发送帧:    977 帧  (   50804 B)  [帧头:EAEAEAEA  帧尾:AEAEAEAE]
[2026-04-02 17:03:36.506] 在线连接:   1  |  收到数据:    28280 B  |  解析完整帧:   1010 帧  |  发送帧:   1010 帧  (   52520 B)  [帧头:EAEAEAEA  帧尾:AEAEAEAE]
[2026-04-02 17:03:37.507] 在线连接:   1  |  收到数据:    28420 B  |  解析完整帧:   1015 帧  |  发送帧:   1015 帧  (   52780 B)  [帧头:EAEAEAEA  帧尾:AEAEAEAE]
[2026-04-02 17:03:38.517] 在线连接:   1  |  收到数据:    28336 B  |  解析完整帧:   1012 帧  |  发送帧:   1012 帧  (   52624 B)  [帧头:EAEAEAEA  帧尾:AEAEAEAE]
[2026-04-02 17:03:39.518] 在线连接:   1  |  收到数据:    27972 B  |  解析完整帧:    999 帧  |  发送帧:    999 帧  (   51948 B)  [帧头:EAEAEAEA  帧尾:AEAEAEAE]
[2026-04-02 17:03:40.518] 在线连接:   1  |  收到数据:    27860 B  |  解析完整帧:    995 帧  |  发送帧:    995 帧  (   51740 B)  [帧头:EAEAEAEA  帧尾:AEAEAEAE]
[2026-04-02 17:03:41.519] 在线连接:   1  |  收到数据:    27776 B  |  解析完整帧:    992 帧  |  发送帧:    992 帧  (   51584 B)  [帧头:EAEAEAEA  帧尾:AEAEAEAE]
[2026-04-02 17:03:42.519] 在线连接:   1  |  收到数据:    28084 B  |  解析完整帧:   1003 帧  |  发送帧:   1003 帧  (   52156 B)  [帧头:EAEAEAEA  帧尾:AEAEAEAE]
[2026-04-02 17:03:43.520] 在线连接:   1  |  收到数据:    28336 B  |  解析完整帧:   1012 帧  |  发送帧:   1012 帧  (   52624 B)  [帧头:EAEAEAEA  帧尾:AEAEAEAE]
[2026-04-02 17:03:44.520] 在线连接:   1  |  收到数据:    27944 B  |  解析完整帧:    998 帧  |  发送帧:    998 帧  (   51896 B)  [帧头:EAEAEAEA  帧尾:AEAEAEAE]
[2026-04-02 17:03:45.521] 在线连接:   1  |  收到数据:    28056 B  |  解析完整帧:   1002 帧  |  发送帧:   1002 帧  (   52104 B)  [帧头:EAEAEAEA  帧尾:AEAEAEAE]
[2026-04-02 17:03:46.522] 在线连接:   1  |  收到数据:    28112 B  |  解析完整帧:   1004 帧  |  发送帧:   1001 帧  (   52052 B)  [帧头:EAEAEAEA  帧尾:AEAEAEAE]
[2026-04-02 17:03:47.523] 在线连接:   1  |  收到数据:    27804 B  |  解析完整帧:    993 帧  |  发送帧:    996 帧  (   51792 B)  [帧头:EAEAEAEA  帧尾:AEAEAEAE]
[2026-04-02 17:03:48.523] 在线连接:   1  |  收到数据:    28112 B  |  解析完整帧:   1004 帧  |  发送帧:   1004 帧  (   52208 B)  [帧头:EAEAEAEA  帧尾:AEAEAEAE]
[2026-04-02 17:03:49.524] 在线连接:   1  |  收到数据:    28000 B  |  解析完整帧:   1000 帧  |  发送帧:   1000 帧  (   52000 B)  [帧头:EAEAEAEA  帧尾:AEAEAEAE]
[2026-04-02 17:03:50.524] 在线连接:   1  |  收到数据:    27776 B  |  解析完整帧:    992 帧  |  发送帧:    992 帧  (   51584 B)  [帧头:EAEAEAEA  帧尾:AEAEAEAE]
[2026-04-02 17:03:51.525] 在线连接:   1  |  收到数据:    28308 B  |  解析完整帧:   1011 帧  |  发送帧:   1011 帧  (   52572 B)  [帧头:EAEAEAEA  帧尾:AEAEAEAE]
[2026-04-02 17:03:52.526] 在线连接:   1  |  收到数据:    27888 B  |  解析完整帧:    996 帧  |  发送帧:    996 帧  (   51792 B)  [帧头:EAEAEAEA  帧尾:AEAEAEAE]
[2026-04-02 17:03:53.527] 在线连接:   1  |  收到数据:    28112 B  |  解析完整帧:   1004 帧  |  发送帧:   1004 帧  (   52208 B)  [帧头:EAEAEAEA  帧尾:AEAEAEAE]
[2026-04-02 17:03:54.527] 在线连接:   1  |  收到数据:    28028 B  |  解析完整帧:   1001 帧  |  发送帧:   1001 帧  (   52052 B)  [帧头:EAEAEAEA  帧尾:AEAEAEAE]
[2026-04-02 17:03:55.528] 在线连接:   1  |  收到数据:    27888 B  |  解析完整帧:    996 帧  |  发送帧:    996 帧  (   51792 B)  [帧头:EAEAEAEA  帧尾:AEAEAEAE]
[2026-04-02 17:03:56.529] 在线连接:   1  |  收到数据:    28084 B  |  解析完整帧:   1003 帧  |  发送帧:   1003 帧  (   52156 B)  [帧头:EAEAEAEA  帧尾:AEAEAEAE]
[2026-04-02 17:03:57.530] 在线连接:   1  |  收到数据:    28112 B  |  解析完整帧:   1004 帧  |  发送帧:   1004 帧  (   52208 B)  [帧头:EAEAEAEA  帧尾:AEAEAEAE]
[2026-04-02 17:03:58.531] 在线连接:   1  |  收到数据:    27748 B  |  解析完整帧:    991 帧  |  发送帧:    991 帧  (   51532 B)  [帧头:EAEAEAEA  帧尾:AEAEAEAE]
[2026-04-02 17:03:59.531] 在线连接:   1  |  收到数据:    28308 B  |  解析完整帧:   1011 帧  |  发送帧:   1011 帧  (   52572 B)  [帧头:EAEAEAEA  帧尾:AEAEAEAE]
[2026-04-02 17:04:00.532] 在线连接:   1  |  收到数据:    27916 B  |  解析完整帧:    997 帧  |  发送帧:    997 帧  (   51844 B)  [帧头:EAEAEAEA  帧尾:AEAEAEAE]
[2026-04-02 17:04:01.533] 在线连接:   1  |  收到数据:    28028 B  |  解析完整帧:   1001 帧  |  发送帧:   1001 帧  (   52052 B)  [帧头:EAEAEAEA  帧尾:AEAEAEAE]
[2026-04-02 17:04:02.534] 在线连接:   1  |  收到数据:    28112 B  |  解析完整帧:   1004 帧  |  发送帧:   1004 帧  (   52208 B)  [帧头:EAEAEAEA  帧尾:AEAEAEAE]
[2026-04-02 17:04:03.535] 在线连接:   1  |  收到数据:    27692 B  |  解析完整帧:    989 帧  |  发送帧:    989 帧  (   51428 B)  [帧头:EAEAEAEA  帧尾:AEAEAEAE]
[2026-04-02 17:04:04.536] 在线连接:   1  |  收到数据:    27748 B  |  解析完整帧:    991 帧  |  发送帧:    991 帧  (   51532 B)  [帧头:EAEAEAEA  帧尾:AEAEAEAE]
[2026-04-02 17:04:05.536] 在线连接:   1  |  收到数据:    28420 B  |  解析完整帧:   1015 帧  |  发送帧:   1015 帧  (   52780 B)  [帧头:EAEAEAEA  帧尾:AEAEAEAE]
[2026-04-02 17:04:06.538] 在线连接:   1  |  收到数据:    27860 B  |  解析完整帧:    995 帧  |  发送帧:    995 帧  (   51740 B)  [帧头:EAEAEAEA  帧尾:AEAEAEAE]
[2026-04-02 17:04:07.538] 在线连接:   1  |  收到数据:    28392 B  |  解析完整帧:   1014 帧  |  发送帧:   1014 帧  (   52728 B)  [帧头:EAEAEAEA  帧尾:AEAEAEAE]
[2026-04-02 17:04:08.539] 在线连接:   1  |  收到数据:    27552 B  |  解析完整帧:    984 帧  |  发送帧:    984 帧  (   51168 B)  [帧头:EAEAEAEA  帧尾:AEAEAEAE]
[2026-04-02 17:04:09.540] 在线连接:   1  |  收到数据:    28532 B  |  解析完整帧:   1019 帧  |  发送帧:   1019 帧  (   52988 B)  [帧头:EAEAEAEA  帧尾:AEAEAEAE]
[2026-04-02 17:04:10.541] 在线连接:   1  |  收到数据:    27804 B  |  解析完整帧:    993 帧  |  发送帧:    993 帧  (   51636 B)  [帧头:EAEAEAEA  帧尾:AEAEAEAE]
[2026-04-02 17:04:11.541] 在线连接:   1  |  收到数据:    28224 B  |  解析完整帧:   1008 帧  |  发送帧:   1008 帧  (   52416 B)  [帧头:EAEAEAEA  帧尾:AEAEAEAE]
[2026-04-02 17:04:12.542] 在线连接:   1  |  收到数据:    27692 B  |  解析完整帧:    989 帧  |  发送帧:    989 帧  (   51428 B)  [帧头:EAEAEAEA  帧尾:AEAEAEAE]
[2026-04-02 17:04:13.543] 在线连接:   1  |  收到数据:    28224 B  |  解析完整帧:   1008 帧  |  发送帧:   1008 帧  (   52416 B)  [帧头:EAEAEAEA  帧尾:AEAEAEAE]
[2026-04-02 17:04:14.544] 在线连接:   1  |  收到数据:    27888 B  |  解析完整帧:    996 帧  |  发送帧:    996 帧  (   51792 B)  [帧头:EAEAEAEA  帧尾:AEAEAEAE]
[2026-04-02 17:04:15.545] 在线连接:   1  |  收到数据:    28252 B  |  解析完整帧:   1009 帧  |  发送帧:   1009 帧  (   52468 B)  [帧头:EAEAEAEA  帧尾:AEAEAEAE]
[2026-04-02 17:04:16.545] 在线连接:   1  |  收到数据:    28000 B  |  解析完整帧:   1000 帧  |  发送帧:   1000 帧  (   52000 B)  [帧头:EAEAEAEA  帧尾:AEAEAEAE]
[2026-04-02 17:04:17.546] 在线连接:   1  |  收到数据:    27748 B  |  解析完整帧:    991 帧  |  发送帧:    991 帧  (   51532 B)  [帧头:EAEAEAEA  帧尾:AEAEAEAE]
[2026-04-02 17:04:18.547] 在线连接:   1  |  收到数据:    27608 B  |  解析完整帧:    986 帧  |  发送帧:    986 帧  (   51272 B)  [帧头:EAEAEAEA  帧尾:AEAEAEAE]
[2026-04-02 17:04:19.548] 在线连接:   1  |  收到数据:    28504 B  |  解析完整帧:   1018 帧  |  发送帧:   1018 帧  (   52936 B)  [帧头:EAEAEAEA  帧尾:AEAEAEAE]
[2026-04-02 17:04:20.549] 在线连接:   1  |  收到数据:    27944 B  |  解析完整帧:    998 帧  |  发送帧:    998 帧  (   51896 B)  [帧头:EAEAEAEA  帧尾:AEAEAEAE]
[2026-04-02 17:04:21.550] 在线连接:   1  |  收到数据:    28364 B  |  解析完整帧:   1013 帧  |  发送帧:   1013 帧  (   52676 B)  [帧头:EAEAEAEA  帧尾:AEAEAEAE]
[2026-04-02 17:04:22.550] 在线连接:   1  |  收到数据:    28028 B  |  解析完整帧:   1001 帧  |  发送帧:    999 帧  (   51948 B)  [帧头:EAEAEAEA  帧尾:AEAEAEAE]
[2026-04-02 17:04:23.551] 在线连接:   1  |  收到数据:    27776 B  |  解析完整帧:    992 帧  |  发送帧:    994 帧  (   51688 B)  [帧头:EAEAEAEA  帧尾:AEAEAEAE]
[2026-04-02 17:04:24.552] 在线连接:   1  |  收到数据:    27944 B  |  解析完整帧:    998 帧  |  发送帧:    998 帧  (   51896 B)  [帧头:EAEAEAEA  帧尾:AEAEAEAE]
[2026-04-02 17:04:25.552] 在线连接:   1  |  收到数据:    28224 B  |  解析完整帧:   1008 帧  |  发送帧:   1008 帧  (   52416 B)  [帧头:EAEAEAEA  帧尾:AEAEAEAE]
[2026-04-02 17:04:26.553] 在线连接:   1  |  收到数据:    28084 B  |  解析完整帧:   1003 帧  |  发送帧:   1003 帧  (   52156 B)  [帧头:EAEAEAEA  帧尾:AEAEAEAE]
[2026-04-02 17:04:27.554] 在线连接:   1  |  收到数据:    28056 B  |  解析完整帧:   1002 帧  |  发送帧:   1002 帧  (   52104 B)  [帧头:EAEAEAEA  帧尾:AEAEAEAE]
[2026-04-02 17:04:28.554] 在线连接:   1  |  收到数据:    27804 B  |  解析完整帧:    993 帧  |  发送帧:    993 帧  (   51636 B)  [帧头:EAEAEAEA  帧尾:AEAEAEAE]
[2026-04-02 17:04:29.555] 在线连接:   1  |  收到数据:    28280 B  |  解析完整帧:   1010 帧  |  发送帧:   1010 帧  (   52520 B)  [帧头:EAEAEAEA  帧尾:AEAEAEAE]
[2026-04-02 17:04:30.566] 在线连接:   1  |  收到数据:    28252 B  |  解析完整帧:   1009 帧  |  发送帧:   1000 帧  (   52000 B)  [帧头:EAEAEAEA  帧尾:AEAEAEAE]
[2026-04-02 17:04:31.567] 在线连接:   1  |  收到数据:    28000 B  |  解析完整帧:   1000 帧  |  发送帧:   1009 帧  (   52468 B)  [帧头:EAEAEAEA  帧尾:AEAEAEAE]
[2026-04-02 17:04:32.568] 在线连接:   1  |  收到数据:    27776 B  |  解析完整帧:    992 帧  |  发送帧:    992 帧  (   51584 B)  [帧头:EAEAEAEA  帧尾:AEAEAEAE]
[2026-04-02 17:04:33.568] 在线连接:   1  |  收到数据:    28000 B  |  解析完整帧:   1000 帧  |  发送帧:   1000 帧  (   52000 B)  [帧头:EAEAEAEA  帧尾:AEAEAEAE]
[2026-04-02 17:04:34.569] 在线连接:   1  |  收到数据:    28364 B  |  解析完整帧:   1013 帧  |  发送帧:   1013 帧  (   52676 B)  [帧头:EAEAEAEA  帧尾:AEAEAEAE]
[2026-04-02 17:04:35.570] 在线连接:   1  |  收到数据:    27916 B  |  解析完整帧:    997 帧  |  发送帧:    997 帧  (   51844 B)  [帧头:EAEAEAEA  帧尾:AEAEAEAE]
[2026-04-02 17:04:36.571] 在线连接:   1  |  收到数据:    27888 B  |  解析完整帧:    996 帧  |  发送帧:    996 帧  (   51792 B)  [帧头:EAEAEAEA  帧尾:AEAEAEAE]
[2026-04-02 17:04:37.572] 在线连接:   1  |  收到数据:    28196 B  |  解析完整帧:   1007 帧  |  发送帧:   1007 帧  (   52364 B)  [帧头:EAEAEAEA  帧尾:AEAEAEAE]
[2026-04-02 17:04:38.572] 在线连接:   1  |  收到数据:    28056 B  |  解析完整帧:   1002 帧  |  发送帧:   1002 帧  (   52104 B)  [帧头:EAEAEAEA  帧尾:AEAEAEAE]
[2026-04-02 17:04:39.573] 在线连接:   1  |  收到数据:    27580 B  |  解析完整帧:    985 帧  |  发送帧:    985 帧  (   51220 B)  [帧头:EAEAEAEA  帧尾:AEAEAEAE]
[2026-04-02 17:04:40.573] 在线连接:   1  |  收到数据:    28224 B  |  解析完整帧:   1008 帧  |  发送帧:   1008 帧  (   52416 B)  [帧头:EAEAEAEA  帧尾:AEAEAEAE]
[2026-04-02 17:04:41.574] 在线连接:   1  |  收到数据:    28168 B  |  解析完整帧:   1006 帧  |  发送帧:   1006 帧  (   52312 B)  [帧头:EAEAEAEA  帧尾:AEAEAEAE]
[2026-04-02 17:04:42.575] 在线连接:   1  |  收到数据:    27972 B  |  解析完整帧:    999 帧  |  发送帧:    999 帧  (   51948 B)  [帧头:EAEAEAEA  帧尾:AEAEAEAE]
[2026-04-02 17:04:43.576] 在线连接:   1  |  收到数据:    27412 B  |  解析完整帧:    979 帧  |  发送帧:    979 帧  (   50908 B)  [帧头:EAEAEAEA  帧尾:AEAEAEAE]
[2026-04-02 17:04:44.577] 在线连接:   1  |  收到数据:    28784 B  |  解析完整帧:   1028 帧  |  发送帧:   1022 帧  (   53144 B)  [帧头:EAEAEAEA  帧尾:AEAEAEAE]
[2026-04-02 17:04:45.578] 在线连接:   1  |  收到数据:    27468 B  |  解析完整帧:    981 帧  |  发送帧:    987 帧  (   51324 B)  [帧头:EAEAEAEA  帧尾:AEAEAEAE]
[2026-04-02 17:04:46.578] 在线连接:   1  |  收到数据:    28588 B  |  解析完整帧:   1021 帧  |  发送帧:   1019 帧  (   52988 B)  [帧头:EAEAEAEA  帧尾:AEAEAEAE]
[2026-04-02 17:04:47.579] 在线连接:   1  |  收到数据:    27972 B  |  解析完整帧:    999 帧  |  发送帧:   1001 帧  (   52052 B)  [帧头:EAEAEAEA  帧尾:AEAEAEAE]
[2026-04-02 17:04:48.579] 在线连接:   1  |  收到数据:    28056 B  |  解析完整帧:   1002 帧  |  发送帧:   1002 帧  (   52104 B)  [帧头:EAEAEAEA  帧尾:AEAEAEAE]
[2026-04-02 17:04:49.580] 在线连接:   1  |  收到数据:    27608 B  |  解析完整帧:    986 帧  |  发送帧:    986 帧  (   51272 B)  [帧头:EAEAEAEA  帧尾:AEAEAEAE]
[2026-04-02 17:04:50.580] 在线连接:   1  |  收到数据:    28336 B  |  解析完整帧:   1012 帧  |  发送帧:   1012 帧  (   52624 B)  [帧头:EAEAEAEA  帧尾:AEAEAEAE]
[2026-04-02 17:04:51.581] 在线连接:   1  |  收到数据:    27972 B  |  解析完整帧:    999 帧  |  发送帧:    999 帧  (   51948 B)  [帧头:EAEAEAEA  帧尾:AEAEAEAE]
[2026-04-02 17:04:52.582] 在线连接:   1  |  收到数据:    27776 B  |  解析完整帧:    992 帧  |  发送帧:    992 帧  (   51584 B)  [帧头:EAEAEAEA  帧尾:AEAEAEAE]
[2026-04-02 17:04:53.583] 在线连接:   1  |  收到数据:    28168 B  |  解析完整帧:   1006 帧  |  发送帧:   1006 帧  (   52312 B)  [帧头:EAEAEAEA  帧尾:AEAEAEAE]
[2026-04-02 17:04:54.584] 在线连接:   1  |  收到数据:    28140 B  |  解析完整帧:   1005 帧  |  发送帧:   1005 帧  (   52260 B)  [帧头:EAEAEAEA  帧尾:AEAEAEAE]
[2026-04-02 17:04:55.584] 在线连接:   1  |  收到数据:    28140 B  |  解析完整帧:   1005 帧  |  发送帧:   1002 帧  (   52104 B)  [帧头:EAEAEAEA  帧尾:AEAEAEAE]
[2026-04-02 17:04:56.585] 在线连接:   1  |  收到数据:    28000 B  |  解析完整帧:   1000 帧  |  发送帧:   1003 帧  (   52156 B)  [帧头:EAEAEAEA  帧尾:AEAEAEAE]
[2026-04-02 17:04:57.586] 在线连接:   1  |  收到数据:    27804 B  |  解析完整帧:    993 帧  |  发送帧:    993 帧  (   51636 B)  [帧头:EAEAEAEA  帧尾:AEAEAEAE]
[2026-04-02 17:04:58.587] 在线连接:   1  |  收到数据:    27944 B  |  解析完整帧:    998 帧  |  发送帧:    998 帧  (   51896 B)  [帧头:EAEAEAEA  帧尾:AEAEAEAE]
[2026-04-02 17:04:59.588] 在线连接:   1  |  收到数据:    28336 B  |  解析完整帧:   1012 帧  |  发送帧:   1012 帧  (   52624 B)  [帧头:EAEAEAEA  帧尾:AEAEAEAE]
[2026-04-02 17:05:00.588] 在线连接:   1  |  收到数据:    27888 B  |  解析完整帧:    996 帧  |  发送帧:    996 帧  (   51792 B)  [帧头:EAEAEAEA  帧尾:AEAEAEAE]
[2026-04-02 17:05:01.589] 在线连接:   1  |  收到数据:    27412 B  |  解析完整帧:    979 帧  |  发送帧:    979 帧  (   50908 B)  [帧头:EAEAEAEA  帧尾:AEAEAEAE]
[2026-04-02 17:05:02.590] 在线连接:   1  |  收到数据:    28000 B  |  解析完整帧:   1000 帧  |  发送帧:   1000 帧  (   52000 B)  [帧头:EAEAEAEA  帧尾:AEAEAEAE]
[2026-04-02 17:05:03.591] 在线连接:   1  |  收到数据:    27580 B  |  解析完整帧:    985 帧  |  发送帧:    985 帧  (   51220 B)  [帧头:EAEAEAEA  帧尾:AEAEAEAE]
[2026-04-02 17:05:04.592] 在线连接:   1  |  收到数据:    28504 B  |  解析完整帧:   1018 帧  |  发送帧:   1018 帧  (   52936 B)  [帧头:EAEAEAEA  帧尾:AEAEAEAE]
[2026-04-02 17:05:05.592] 在线连接:   1  |  收到数据:    27804 B  |  解析完整帧:    993 帧  |  发送帧:    989 帧  (   51428 B)  [帧头:EAEAEAEA  帧尾:AEAEAEAE]
[2026-04-02 17:05:06.593] 在线连接:   1  |  收到数据:    28252 B  |  解析完整帧:   1009 帧  |  发送帧:   1013 帧  (   52676 B)  [帧头:EAEAEAEA  帧尾:AEAEAEAE]
[2026-04-02 17:05:07.593] 在线连接:   1  |  收到数据:    27860 B  |  解析完整帧:    995 帧  |  发送帧:    995 帧  (   51740 B)  [帧头:EAEAEAEA  帧尾:AEAEAEAE]
[2026-04-02 17:05:08.594] 在线连接:   1  |  收到数据:    28168 B  |  解析完整帧:   1006 帧  |  发送帧:   1006 帧  (   52312 B)  [帧头:EAEAEAEA  帧尾:AEAEAEAE]
[2026-04-02 17:05:09.595] 在线连接:   1  |  收到数据:    27860 B  |  解析完整帧:    995 帧  |  发送帧:    995 帧  (   51740 B)  [帧头:EAEAEAEA  帧尾:AEAEAEAE]
[2026-04-02 17:05:10.597] 在线连接:   1  |  收到数据:    28224 B  |  解析完整帧:   1008 帧  |  发送帧:   1008 帧  (   52416 B)  [帧头:EAEAEAEA  帧尾:AEAEAEAE]
[2026-04-02 17:05:11.600] 在线连接:   1  |  收到数据:    27972 B  |  解析完整帧:    999 帧  |  发送帧:    999 帧  (   51948 B)  [帧头:EAEAEAEA  帧尾:AEAEAEAE]
[2026-04-02 17:05:12.600] 在线连接:   1  |  收到数据:    28028 B  |  解析完整帧:   1001 帧  |  发送帧:   1001 帧  (   52052 B)  [帧头:EAEAEAEA  帧尾:AEAEAEAE]
[2026-04-02 17:05:13.601] 在线连接:   1  |  收到数据:    28112 B  |  解析完整帧:   1004 帧  |  发送帧:   1001 帧  (   52052 B)  [帧头:EAEAEAEA  帧尾:AEAEAEAE]
[2026-04-02 17:05:14.602] 在线连接:   1  |  收到数据:    27944 B  |  解析完整帧:    998 帧  |  发送帧:   1001 帧  (   52052 B)  [帧头:EAEAEAEA  帧尾:AEAEAEAE]
[2026-04-02 17:05:15.603] 在线连接:   1  |  收到数据:    28056 B  |  解析完整帧:   1002 帧  |  发送帧:   1000 帧  (   52000 B)  [帧头:EAEAEAEA  帧尾:AEAEAEAE]
[2026-04-02 17:05:16.604] 在线连接:   1  |  收到数据:    28000 B  |  解析完整帧:   1000 帧  |  发送帧:   1002 帧  (   52104 B)  [帧头:EAEAEAEA  帧尾:AEAEAEAE]
[2026-04-02 17:05:17.604] 在线连接:   1  |  收到数据:    27692 B  |  解析完整帧:    989 帧  |  发送帧:    989 帧  (   51428 B)  [帧头:EAEAEAEA  帧尾:AEAEAEAE]
[2026-04-02 17:05:18.605] 在线连接:   1  |  收到数据:    28196 B  |  解析完整帧:   1007 帧  |  发送帧:   1007 帧  (   52364 B)  [帧头:EAEAEAEA  帧尾:AEAEAEAE]
[2026-04-02 17:05:19.606] 在线连接:   1  |  收到数据:    28224 B  |  解析完整帧:   1008 帧  |  发送帧:   1006 帧  (   52312 B)  [帧头:EAEAEAEA  帧尾:AEAEAEAE]
[2026-04-02 17:05:20.607] 在线连接:   1  |  收到数据:    28000 B  |  解析完整帧:   1000 帧  |  发送帧:   1002 帧  (   52104 B)  [帧头:EAEAEAEA  帧尾:AEAEAEAE]
[2026-04-02 17:05:21.607] 在线连接:   1  |  收到数据:    27916 B  |  解析完整帧:    997 帧  |  发送帧:    997 帧  (   51844 B)  [帧头:EAEAEAEA  帧尾:AEAEAEAE]
[2026-04-02 17:05:22.608] 在线连接:   1  |  收到数据:    28168 B  |  解析完整帧:   1006 帧  |  发送帧:   1006 帧  (   52312 B)  [帧头:EAEAEAEA  帧尾:AEAEAEAE]
[2026-04-02 17:05:23.609] 在线连接:   1  |  收到数据:    27748 B  |  解析完整帧:    991 帧  |  发送帧:    991 帧  (   51532 B)  [帧头:EAEAEAEA  帧尾:AEAEAEAE]
[2026-04-02 17:05:24.610] 在线连接:   1  |  收到数据:    28028 B  |  解析完整帧:   1001 帧  |  发送帧:   1001 帧  (   52052 B)  [帧头:EAEAEAEA  帧尾:AEAEAEAE]
[2026-04-02 17:05:25.610] 在线连接:   1  |  收到数据:    28224 B  |  解析完整帧:   1008 帧  |  发送帧:   1008 帧  (   52416 B)  [帧头:EAEAEAEA  帧尾:AEAEAEAE]
[2026-04-02 17:05:26.611] 在线连接:   1  |  收到数据:    28084 B  |  解析完整帧:   1003 帧  |  发送帧:   1003 帧  (   52156 B)  [帧头:EAEAEAEA  帧尾:AEAEAEAE]
[2026-04-02 17:05:27.612] 在线连接:   1  |  收到数据:    28000 B  |  解析完整帧:   1000 帧  |  发送帧:   1000 帧  (   52000 B)  [帧头:EAEAEAEA  帧尾:AEAEAEAE]
[2026-04-02 17:05:28.613] 在线连接:   1  |  收到数据:    28056 B  |  解析完整帧:   1002 帧  |  发送帧:   1001 帧  (   52052 B)  [帧头:EAEAEAEA  帧尾:AEAEAEAE]
[2026-04-02 17:05:29.613] 在线连接:   1  |  收到数据:    27972 B  |  解析完整帧:    999 帧  |  发送帧:   1000 帧  (   52000 B)  [帧头:EAEAEAEA  帧尾:AEAEAEAE]
[2026-04-02 17:05:30.614] 在线连接:   1  |  收到数据:    28028 B  |  解析完整帧:   1001 帧  |  发送帧:    995 帧  (   51740 B)  [帧头:EAEAEAEA  帧尾:AEAEAEAE]
[2026-04-02 17:05:31.615] 在线连接:   1  |  收到数据:    27832 B  |  解析完整帧:    994 帧  |  发送帧:   1000 帧  (   52000 B)  [帧头:EAEAEAEA  帧尾:AEAEAEAE]
[2026-04-02 17:05:32.616] 在线连接:   1  |  收到数据:    28168 B  |  解析完整帧:   1006 帧  |  发送帧:   1006 帧  (   52312 B)  [帧头:EAEAEAEA  帧尾:AEAEAEAE]
[2026-04-02 17:05:33.617] 在线连接:   1  |  收到数据:    27944 B  |  解析完整帧:    998 帧  |  发送帧:    994 帧  (   51688 B)  [帧头:EAEAEAEA  帧尾:AEAEAEAE]
[2026-04-02 17:05:34.617] 在线连接:   1  |  收到数据:    28000 B  |  解析完整帧:   1000 帧  |  发送帧:   1004 帧  (   52208 B)  [帧头:EAEAEAEA  帧尾:AEAEAEAE]
[2026-04-02 17:05:35.619] 在线连接:   1  |  收到数据:    27916 B  |  解析完整帧:    997 帧  |  发送帧:    997 帧  (   51844 B)  [帧头:EAEAEAEA  帧尾:AEAEAEAE]
[2026-04-02 17:05:36.619] 在线连接:   1  |  收到数据:    28280 B  |  解析完整帧:   1010 帧  |  发送帧:   1010 帧  (   52520 B)  [帧头:EAEAEAEA  帧尾:AEAEAEAE]
[2026-04-02 17:05:37.620] 在线连接:   1  |  收到数据:    28000 B  |  解析完整帧:   1000 帧  |  发送帧:   1000 帧  (   52000 B)  [帧头:EAEAEAEA  帧尾:AEAEAEAE]
[2026-04-02 17:05:38.621] 在线连接:   1  |  收到数据:    27776 B  |  解析完整帧:    992 帧  |  发送帧:    992 帧  (   51584 B)  [帧头:EAEAEAEA  帧尾:AEAEAEAE]
[2026-04-02 17:05:39.622] 在线连接:   1  |  收到数据:    28280 B  |  解析完整帧:   1010 帧  |  发送帧:   1010 帧  (   52520 B)  [帧头:EAEAEAEA  帧尾:AEAEAEAE]
[2026-04-02 17:05:40.623] 在线连接:   1  |  收到数据:    27524 B  |  解析完整帧:    983 帧  |  发送帧:    983 帧  (   51116 B)  [帧头:EAEAEAEA  帧尾:AEAEAEAE]
[2026-04-02 17:05:41.623] 在线连接:   1  |  收到数据:    28532 B  |  解析完整帧:   1019 帧  |  发送帧:   1017 帧  (   52884 B)  [帧头:EAEAEAEA  帧尾:AEAEAEAE]
[2026-04-02 17:05:42.624] 在线连接:   1  |  收到数据:    27972 B  |  解析完整帧:    999 帧  |  发送帧:   1001 帧  (   52052 B)  [帧头:EAEAEAEA  帧尾:AEAEAEAE]
[2026-04-02 17:05:43.625] 在线连接:   1  |  收到数据:    28028 B  |  解析完整帧:   1001 帧  |  发送帧:   1001 帧  (   52052 B)  [帧头:EAEAEAEA  帧尾:AEAEAEAE]
[2026-04-02 17:05:44.626] 在线连接:   1  |  收到数据:    28028 B  |  解析完整帧:   1001 帧  |  发送帧:   1001 帧  (   52052 B)  [帧头:EAEAEAEA  帧尾:AEAEAEAE]
[2026-04-02 17:05:45.626] 在线连接:   1  |  收到数据:    27972 B  |  解析完整帧:    999 帧  |  发送帧:    999 帧  (   51948 B)  [帧头:EAEAEAEA  帧尾:AEAEAEAE]
[2026-04-02 17:05:46.627] 在线连接:   1  |  收到数据:    28056 B  |  解析完整帧:   1002 帧  |  发送帧:   1002 帧  (   52104 B)  [帧头:EAEAEAEA  帧尾:AEAEAEAE]
[2026-04-02 17:05:47.628] 在线连接:   1  |  收到数据:    28056 B  |  解析完整帧:   1002 帧  |  发送帧:   1002 帧  (   52104 B)  [帧头:EAEAEAEA  帧尾:AEAEAEAE]
[2026-04-02 17:05:48.628] 在线连接:   1  |  收到数据:    27748 B  |  解析完整帧:    991 帧  |  发送帧:    991 帧  (   51532 B)  [帧头:EAEAEAEA  帧尾:AEAEAEAE]
[2026-04-02 17:05:49.629] 在线连接:   1  |  收到数据:    28112 B  |  解析完整帧:   1004 帧  |  发送帧:   1004 帧  (   52208 B)  [帧头:EAEAEAEA  帧尾:AEAEAEAE]
[2026-04-02 17:05:50.630] 在线连接:   1  |  收到数据:    28196 B  |  解析完整帧:   1007 帧  |  发送帧:   1007 帧  (   52364 B)  [帧头:EAEAEAEA  帧尾:AEAEAEAE]
[2026-04-02 17:05:51.631] 在线连接:   1  |  收到数据:    27972 B  |  解析完整帧:    999 帧  |  发送帧:    999 帧  (   51948 B)  [帧头:EAEAEAEA  帧尾:AEAEAEAE]
[2026-04-02 17:05:52.633] 在线连接:   1  |  收到数据:    28084 B  |  解析完整帧:   1003 帧  |  发送帧:   1003 帧  (   52156 B)  [帧头:EAEAEAEA  帧尾:AEAEAEAE]
[2026-04-02 17:05:53.634] 在线连接:   1  |  收到数据:    28000 B  |  解析完整帧:   1000 帧  |  发送帧:   1000 帧  (   52000 B)  [帧头:EAEAEAEA  帧尾:AEAEAEAE]
[2026-04-02 17:05:54.634] 在线连接:   1  |  收到数据:    27916 B  |  解析完整帧:    997 帧  |  发送帧:    997 帧  (   51844 B)  [帧头:EAEAEAEA  帧尾:AEAEAEAE]
[2026-04-02 17:05:55.635] 在线连接:   1  |  收到数据:    28168 B  |  解析完整帧:   1006 帧  |  发送帧:   1006 帧  (   52312 B)  [帧头:EAEAEAEA  帧尾:AEAEAEAE]
[2026-04-02 17:05:56.636] 在线连接:   1  |  收到数据:    27972 B  |  解析完整帧:    999 帧  |  发送帧:    999 帧  (   51948 B)  [帧头:EAEAEAEA  帧尾:AEAEAEAE]
[2026-04-02 17:05:57.637] 在线连接:   1  |  收到数据:    28028 B  |  解析完整帧:   1001 帧  |  发送帧:   1001 帧  (   52052 B)  [帧头:EAEAEAEA  帧尾:AEAEAEAE]
[2026-04-02 17:05:58.637] 在线连接:   1  |  收到数据:    27748 B  |  解析完整帧:    991 帧  |  发送帧:    991 帧  (   51532 B)  [帧头:EAEAEAEA  帧尾:AEAEAEAE]
[2026-04-02 17:05:59.639] 在线连接:   1  |  收到数据:    28336 B  |  解析完整帧:   1012 帧  |  发送帧:   1012 帧  (   52624 B)  [帧头:EAEAEAEA  帧尾:AEAEAEAE]
[2026-04-02 17:06:00.640] 在线连接:   1  |  收到数据:    27804 B  |  解析完整帧:    993 帧  |  发送帧:    993 帧  (   51636 B)  [帧头:EAEAEAEA  帧尾:AEAEAEAE]
[2026-04-02 17:06:01.641] 在线连接:   1  |  收到数据:    27692 B  |  解析完整帧:    989 帧  |  发送帧:    989 帧  (   51428 B)  [帧头:EAEAEAEA  帧尾:AEAEAEAE]
[2026-04-02 17:06:02.642] 在线连接:   1  |  收到数据:    28532 B  |  解析完整帧:   1019 帧  |  发送帧:   1019 帧  (   52988 B)  [帧头:EAEAEAEA  帧尾:AEAEAEAE]
[2026-04-02 17:06:03.642] 在线连接:   1  |  收到数据:    27972 B  |  解析完整帧:    999 帧  |  发送帧:    999 帧  (   51948 B)  [帧头:EAEAEAEA  帧尾:AEAEAEAE]
[2026-04-02 17:06:04.643] 在线连接:   1  |  收到数据:    28028 B  |  解析完整帧:   1001 帧  |  发送帧:   1001 帧  (   52052 B)  [帧头:EAEAEAEA  帧尾:AEAEAEAE]
[2026-04-02 17:06:05.644] 在线连接:   1  |  收到数据:    28056 B  |  解析完整帧:   1002 帧  |  发送帧:   1002 帧  (   52104 B)  [帧头:EAEAEAEA  帧尾:AEAEAEAE]
[2026-04-02 17:06:06.644] 在线连接:   1  |  收到数据:    27944 B  |  解析完整帧:    998 帧  |  发送帧:    998 帧  (   51896 B)  [帧头:EAEAEAEA  帧尾:AEAEAEAE]
[2026-04-02 17:06:07.645] 在线连接:   1  |  收到数据:    28084 B  |  解析完整帧:   1003 帧  |  发送帧:   1003 帧  (   52156 B)  [帧头:EAEAEAEA  帧尾:AEAEAEAE]
[2026-04-02 17:06:08.645] 在线连接:   1  |  收到数据:    27972 B  |  解析完整帧:    999 帧  |  发送帧:    999 帧  (   51948 B)  [帧头:EAEAEAEA  帧尾:AEAEAEAE]
[2026-04-02 17:06:09.646] 在线连接:   1  |  收到数据:    28084 B  |  解析完整帧:   1003 帧  |  发送帧:   1003 帧  (   52156 B)  [帧头:EAEAEAEA  帧尾:AEAEAEAE]
[2026-04-02 17:06:10.647] 在线连接:   1  |  收到数据:    27832 B  |  解析完整帧:    994 帧  |  发送帧:    994 帧  (   51688 B)  [帧头:EAEAEAEA  帧尾:AEAEAEAE]
[2026-04-02 17:06:11.647] 在线连接:   1  |  收到数据:    28084 B  |  解析完整帧:   1003 帧  |  发送帧:   1003 帧  (   52156 B)  [帧头:EAEAEAEA  帧尾:AEAEAEAE]
[2026-04-02 17:06:12.648] 在线连接:   1  |  收到数据:    27832 B  |  解析完整帧:    994 帧  |  发送帧:    994 帧  (   51688 B)  [帧头:EAEAEAEA  帧尾:AEAEAEAE]
[2026-04-02 17:06:13.648] 在线连接:   1  |  收到数据:    28168 B  |  解析完整帧:   1006 帧  |  发送帧:   1006 帧  (   52312 B)  [帧头:EAEAEAEA  帧尾:AEAEAEAE]
[2026-04-02 17:06:14.649] 在线连接:   1  |  收到数据:    27860 B  |  解析完整帧:    995 帧  |  发送帧:    995 帧  (   51740 B)  [帧头:EAEAEAEA  帧尾:AEAEAEAE]
[2026-04-02 17:06:15.650] 在线连接:   1  |  收到数据:    28280 B  |  解析完整帧:   1010 帧  |  发送帧:   1010 帧  (   52520 B)  [帧头:EAEAEAEA  帧尾:AEAEAEAE]
[2026-04-02 17:06:16.650] 在线连接:   1  |  收到数据:    27916 B  |  解析完整帧:    997 帧  |  发送帧:    997 帧  (   51844 B)  [帧头:EAEAEAEA  帧尾:AEAEAEAE]
[2026-04-02 17:06:17.651] 在线连接:   1  |  收到数据:    27776 B  |  解析完整帧:    992 帧  |  发送帧:    992 帧  (   51584 B)  [帧头:EAEAEAEA  帧尾:AEAEAEAE]
[2026-04-02 17:06:18.652] 在线连接:   1  |  收到数据:    28364 B  |  解析完整帧:   1013 帧  |  发送帧:   1013 帧  (   52676 B)  [帧头:EAEAEAEA  帧尾:AEAEAEAE]
[2026-04-02 17:06:19.652] 在线连接:   1  |  收到数据:    27916 B  |  解析完整帧:    997 帧  |  发送帧:    997 帧  (   51844 B)  [帧头:EAEAEAEA  帧尾:AEAEAEAE]
[2026-04-02 17:06:20.653] 在线连接:   1  |  收到数据:    28028 B  |  解析完整帧:   1001 帧  |  发送帧:   1001 帧  (   52052 B)  [帧头:EAEAEAEA  帧尾:AEAEAEAE]
[2026-04-02 17:06:21.654] 在线连接:   1  |  收到数据:    28112 B  |  解析完整帧:   1004 帧  |  发送帧:   1004 帧  (   52208 B)  [帧头:EAEAEAEA  帧尾:AEAEAEAE]
[2026-04-02 17:06:22.654] 在线连接:   1  |  收到数据:    28084 B  |  解析完整帧:   1003 帧  |  发送帧:   1003 帧  (   52156 B)  [帧头:EAEAEAEA  帧尾:AEAEAEAE]
[2026-04-02 17:06:23.655] 在线连接:   1  |  收到数据:    28000 B  |  解析完整帧:   1000 帧  |  发送帧:   1000 帧  (   52000 B)  [帧头:EAEAEAEA  帧尾:AEAEAEAE]
[2026-04-02 17:06:24.656] 在线连接:   1  |  收到数据:    27972 B  |  解析完整帧:    999 帧  |  发送帧:    999 帧  (   51948 B)  [帧头:EAEAEAEA  帧尾:AEAEAEAE]
[2026-04-02 17:06:25.657] 在线连接:   1  |  收到数据:    28028 B  |  解析完整帧:   1001 帧  |  发送帧:   1001 帧  (   52052 B)  [帧头:EAEAEAEA  帧尾:AEAEAEAE]
[2026-04-02 17:06:26.657] 在线连接:   1  |  收到数据:    28056 B  |  解析完整帧:   1002 帧  |  发送帧:   1002 帧  (   52104 B)  [帧头:EAEAEAEA  帧尾:AEAEAEAE]
[2026-04-02 17:06:27.658] 在线连接:   1  |  收到数据:    27804 B  |  解析完整帧:    993 帧  |  发送帧:    993 帧  (   51636 B)  [帧头:EAEAEAEA  帧尾:AEAEAEAE]
[2026-04-02 17:06:28.659] 在线连接:   1  |  收到数据:    27748 B  |  解析完整帧:    991 帧  |  发送帧:    991 帧  (   51532 B)  [帧头:EAEAEAEA  帧尾:AEAEAEAE]
[2026-04-02 17:06:29.660] 在线连接:   1  |  收到数据:    28364 B  |  解析完整帧:   1013 帧  |  发送帧:   1013 帧  (   52676 B)  [帧头:EAEAEAEA  帧尾:AEAEAEAE]
[2026-04-02 17:06:30.660] 在线连接:   1  |  收到数据:    27972 B  |  解析完整帧:    999 帧  |  发送帧:    999 帧  (   51948 B)  [帧头:EAEAEAEA  帧尾:AEAEAEAE]
[2026-04-02 17:06:31.661] 在线连接:   1  |  收到数据:    28196 B  |  解析完整帧:   1007 帧  |  发送帧:   1007 帧  (   52364 B)  [帧头:EAEAEAEA  帧尾:AEAEAEAE]
[2026-04-02 17:06:32.662] 在线连接:   1  |  收到数据:    28084 B  |  解析完整帧:   1003 帧  |  发送帧:   1003 帧  (   52156 B)  [帧头:EAEAEAEA  帧尾:AEAEAEAE]
[2026-04-02 17:06:33.663] 在线连接:   1  |  收到数据:    28028 B  |  解析完整帧:   1001 帧  |  发送帧:   1001 帧  (   52052 B)  [帧头:EAEAEAEA  帧尾:AEAEAEAE]
[2026-04-02 17:06:34.667] 在线连接:   1  |  收到数据:    28084 B  |  解析完整帧:   1003 帧  |  发送帧:   1003 帧  (   52156 B)  [帧头:EAEAEAEA  帧尾:AEAEAEAE]
[2026-04-02 17:06:35.668] 在线连接:   1  |  收到数据:    27916 B  |  解析完整帧:    997 帧  |  发送帧:    997 帧  (   51844 B)  [帧头:EAEAEAEA  帧尾:AEAEAEAE]
[2026-04-02 17:06:36.669] 在线连接:   1  |  收到数据:    27832 B  |  解析完整帧:    994 帧  |  发送帧:    994 帧  (   51688 B)  [帧头:EAEAEAEA  帧尾:AEAEAEAE]
[2026-04-02 17:06:37.670] 在线连接:   1  |  收到数据:    28336 B  |  解析完整帧:   1012 帧  |  发送帧:   1012 帧  (   52624 B)  [帧头:EAEAEAEA  帧尾:AEAEAEAE]
[2026-04-02 17:06:38.670] 在线连接:   1  |  收到数据:    27748 B  |  解析完整帧:    991 帧  |  发送帧:    991 帧  (   51532 B)  [帧头:EAEAEAEA  帧尾:AEAEAEAE]
[2026-04-02 17:06:39.671] 在线连接:   1  |  收到数据:    27972 B  |  解析完整帧:    999 帧  |  发送帧:    999 帧  (   51948 B)  [帧头:EAEAEAEA  帧尾:AEAEAEAE]
[2026-04-02 17:06:40.672] 在线连接:   1  |  收到数据:    28280 B  |  解析完整帧:   1010 帧  |  发送帧:   1010 帧  (   52520 B)  [帧头:EAEAEAEA  帧尾:AEAEAEAE]
[2026-04-02 17:06:41.673] 在线连接:   1  |  收到数据:    27860 B  |  解析完整帧:    995 帧  |  发送帧:    995 帧  (   51740 B)  [帧头:EAEAEAEA  帧尾:AEAEAEAE]
[2026-04-02 17:06:42.674] 在线连接:   1  |  收到数据:    27972 B  |  解析完整帧:    999 帧  |  发送帧:    999 帧  (   51948 B)  [帧头:EAEAEAEA  帧尾:AEAEAEAE]
[2026-04-02 17:06:43.674] 在线连接:   1  |  收到数据:    27972 B  |  解析完整帧:    999 帧  |  发送帧:    999 帧  (   51948 B)  [帧头:EAEAEAEA  帧尾:AEAEAEAE]
[2026-04-02 17:06:44.675] 在线连接:   1  |  收到数据:    28336 B  |  解析完整帧:   1012 帧  |  发送帧:   1012 帧  (   52624 B)  [帧头:EAEAEAEA  帧尾:AEAEAEAE]
[2026-04-02 17:06:45.676] 在线连接:   1  |  收到数据:    28028 B  |  解析完整帧:   1001 帧  |  发送帧:   1001 帧  (   52052 B)  [帧头:EAEAEAEA  帧尾:AEAEAEAE]
[2026-04-02 17:06:46.676] 在线连接:   1  |  收到数据:    28056 B  |  解析完整帧:   1002 帧  |  发送帧:   1002 帧  (   52104 B)  [帧头:EAEAEAEA  帧尾:AEAEAEAE]
[2026-04-02 17:06:47.677] 在线连接:   1  |  收到数据:    27860 B  |  解析完整帧:    995 帧  |  发送帧:    995 帧  (   51740 B)  [帧头:EAEAEAEA  帧尾:AEAEAEAE]
[2026-04-02 17:06:48.678] 在线连接:   1  |  收到数据:    28168 B  |  解析完整帧:   1006 帧  |  发送帧:   1006 帧  (   52312 B)  [帧头:EAEAEAEA  帧尾:AEAEAEAE]
[2026-04-02 17:06:49.678] 在线连接:   1  |  收到数据:    27328 B  |  解析完整帧:    976 帧  |  发送帧:    976 帧  (   50752 B)  [帧头:EAEAEAEA  帧尾:AEAEAEAE]
[2026-04-02 17:06:50.679] 在线连接:   1  |  收到数据:    28336 B  |  解析完整帧:   1012 帧  |  发送帧:   1012 帧  (   52624 B)  [帧头:EAEAEAEA  帧尾:AEAEAEAE]
[2026-04-02 17:06:51.680] 在线连接:   1  |  收到数据:    28308 B  |  解析完整帧:   1011 帧  |  发送帧:   1011 帧  (   52572 B)  [帧头:EAEAEAEA  帧尾:AEAEAEAE]
[2026-04-02 17:06:52.681] 在线连接:   1  |  收到数据:    27972 B  |  解析完整帧:    999 帧  |  发送帧:    999 帧  (   51948 B)  [帧头:EAEAEAEA  帧尾:AEAEAEAE]
[2026-04-02 17:06:53.682] 在线连接:   1  |  收到数据:    27888 B  |  解析完整帧:    996 帧  |  发送帧:    996 帧  (   51792 B)  [帧头:EAEAEAEA  帧尾:AEAEAEAE]
[2026-04-02 17:06:54.682] 在线连接:   1  |  收到数据:    27944 B  |  解析完整帧:    998 帧  |  发送帧:    998 帧  (   51896 B)  [帧头:EAEAEAEA  帧尾:AEAEAEAE]
[2026-04-02 17:06:55.683] 在线连接:   1  |  收到数据:    27664 B  |  解析完整帧:    988 帧  |  发送帧:    988 帧  (   51376 B)  [帧头:EAEAEAEA  帧尾:AEAEAEAE]
[2026-04-02 17:06:56.684] 在线连接:   1  |  收到数据:    28168 B  |  解析完整帧:   1006 帧  |  发送帧:   1006 帧  (   52312 B)  [帧头:EAEAEAEA  帧尾:AEAEAEAE]
[2026-04-02 17:06:57.684] 在线连接:   1  |  收到数据:    28420 B  |  解析完整帧:   1015 帧  |  发送帧:   1015 帧  (   52780 B)  [帧头:EAEAEAEA  帧尾:AEAEAEAE]
[2026-04-02 17:06:58.685] 在线连接:   1  |  收到数据:    28028 B  |  解析完整帧:   1001 帧  |  发送帧:   1001 帧  (   52052 B)  [帧头:EAEAEAEA  帧尾:AEAEAEAE]
[2026-04-02 17:06:59.685] 在线连接:   1  |  收到数据:    27860 B  |  解析完整帧:    995 帧  |  发送帧:    995 帧  (   51740 B)  [帧头:EAEAEAEA  帧尾:AEAEAEAE]
[2026-04-02 17:07:00.686] 在线连接:   1  |  收到数据:    27440 B  |  解析完整帧:    980 帧  |  发送帧:    980 帧  (   50960 B)  [帧头:EAEAEAEA  帧尾:AEAEAEAE]
[2026-04-02 17:07:01.687] 在线连接:   1  |  收到数据:    28616 B  |  解析完整帧:   1022 帧  |  发送帧:   1022 帧  (   53144 B)  [帧头:EAEAEAEA  帧尾:AEAEAEAE]
[2026-04-02 17:07:02.688] 在线连接:   1  |  收到数据:    27692 B  |  解析完整帧:    989 帧  |  发送帧:    989 帧  (   51428 B)  [帧头:EAEAEAEA  帧尾:AEAEAEAE]
[2026-04-02 17:07:03.689] 在线连接:   1  |  收到数据:    28336 B  |  解析完整帧:   1012 帧  |  发送帧:   1012 帧  (   52624 B)  [帧头:EAEAEAEA  帧尾:AEAEAEAE]
[2026-04-02 17:07:04.690] 在线连接:   1  |  收到数据:    28056 B  |  解析完整帧:   1002 帧  |  发送帧:   1002 帧  (   52104 B)  [帧头:EAEAEAEA  帧尾:AEAEAEAE]
[2026-04-02 17:07:05.690] 在线连接:   1  |  收到数据:    27356 B  |  解析完整帧:    977 帧  |  发送帧:    977 帧  (   50804 B)  [帧头:EAEAEAEA  帧尾:AEAEAEAE]
[2026-04-02 17:07:06.691] 在线连接:   1  |  收到数据:    28616 B  |  解析完整帧:   1022 帧  |  发送帧:   1022 帧  (   53144 B)  [帧头:EAEAEAEA  帧尾:AEAEAEAE]
[2026-04-02 17:07:07.692] 在线连接:   1  |  收到数据:    27972 B  |  解析完整帧:    999 帧  |  发送帧:    999 帧  (   51948 B)  [帧头:EAEAEAEA  帧尾:AEAEAEAE]
[2026-04-02 17:07:08.698] 在线连接:   1  |  收到数据:    28280 B  |  解析完整帧:   1010 帧  |  发送帧:   1010 帧  (   52520 B)  [帧头:EAEAEAEA  帧尾:AEAEAEAE]
[2026-04-02 17:07:09.699] 在线连接:   1  |  收到数据:    27944 B  |  解析完整帧:    998 帧  |  发送帧:    998 帧  (   51896 B)  [帧头:EAEAEAEA  帧尾:AEAEAEAE]
[2026-04-02 17:07:10.700] 在线连接:   1  |  收到数据:    27188 B  |  解析完整帧:    971 帧  |  发送帧:    971 帧  (   50492 B)  [帧头:EAEAEAEA  帧尾:AEAEAEAE]
[2026-04-02 17:07:11.701] 在线连接:   1  |  收到数据:    28700 B  |  解析完整帧:   1025 帧  |  发送帧:   1025 帧  (   53300 B)  [帧头:EAEAEAEA  帧尾:AEAEAEAE]
[2026-04-02 17:07:12.701] 在线连接:   1  |  收到数据:    28196 B  |  解析完整帧:   1007 帧  |  发送帧:   1007 帧  (   52364 B)  [帧头:EAEAEAEA  帧尾:AEAEAEAE]
[2026-04-02 17:07:13.708] 在线连接:   1  |  收到数据:    28028 B  |  解析完整帧:   1001 帧  |  发送帧:   1001 帧  (   52052 B)  [帧头:EAEAEAEA  帧尾:AEAEAEAE]
[2026-04-02 17:07:14.718] 在线连接:   1  |  收到数据:    28532 B  |  解析完整帧:   1019 帧  |  发送帧:   1019 帧  (   52988 B)  [帧头:EAEAEAEA  帧尾:AEAEAEAE]
[2026-04-02 17:07:15.718] 在线连接:   1  |  收到数据:    26600 B  |  解析完整帧:    950 帧  |  发送帧:    950 帧  (   49400 B)  [帧头:EAEAEAEA  帧尾:AEAEAEAE]
[2026-04-02 17:07:16.719] 在线连接:   1  |  收到数据:    29456 B  |  解析完整帧:   1052 帧  |  发送帧:   1051 帧  (   54652 B)  [帧头:EAEAEAEA  帧尾:AEAEAEAE]
[2026-04-02 17:07:17.724] 在线连接:   1  |  收到数据:    27916 B  |  解析完整帧:    997 帧  |  发送帧:    998 帧  (   51896 B)  [帧头:EAEAEAEA  帧尾:AEAEAEAE]
[2026-04-02 17:07:18.733] 在线连接:   1  |  收到数据:    28448 B  |  解析完整帧:   1016 帧  |  发送帧:   1016 帧  (   52832 B)  [帧头:EAEAEAEA  帧尾:AEAEAEAE]
[2026-04-02 17:07:19.733] 在线连接:   1  |  收到数据:    28028 B  |  解析完整帧:   1001 帧  |  发送帧:    997 帧  (   51844 B)  [帧头:EAEAEAEA  帧尾:AEAEAEAE]
[2026-04-02 17:07:20.734] 在线连接:   1  |  收到数据:    26292 B  |  解析完整帧:    939 帧  |  发送帧:    943 帧  (   49036 B)  [帧头:EAEAEAEA  帧尾:AEAEAEAE]
[2026-04-02 17:07:21.735] 在线连接:   1  |  收到数据:    29708 B  |  解析完整帧:   1061 帧  |  发送帧:   1061 帧  (   55172 B)  [帧头:EAEAEAEA  帧尾:AEAEAEAE]
[2026-04-02 17:07:22.740] 在线连接:   1  |  收到数据:    27916 B  |  解析完整帧:    997 帧  |  发送帧:    996 帧  (   51792 B)  [帧头:EAEAEAEA  帧尾:AEAEAEAE]
[2026-04-02 17:07:23.746] 在线连接:   1  |  收到数据:    27860 B  |  解析完整帧:    995 帧  |  发送帧:    996 帧  (   51792 B)  [帧头:EAEAEAEA  帧尾:AEAEAEAE]
[2026-04-02 17:07:24.747] 在线连接:   1  |  收到数据:    28476 B  |  解析完整帧:   1017 帧  |  发送帧:   1017 帧  (   52884 B)  [帧头:EAEAEAEA  帧尾:AEAEAEAE]
[2026-04-02 17:07:25.747] 在线连接:   1  |  收到数据:    26432 B  |  解析完整帧:    944 帧  |  发送帧:    944 帧  (   49088 B)  [帧头:EAEAEAEA  帧尾:AEAEAEAE]
[2026-04-02 17:07:26.748] 在线连接:   1  |  收到数据:    29540 B  |  解析完整帧:   1055 帧  |  发送帧:   1055 帧  (   54860 B)  [帧头:EAEAEAEA  帧尾:AEAEAEAE]
[2026-04-02 17:07:27.749] 在线连接:   1  |  收到数据:    28056 B  |  解析完整帧:   1002 帧  |  发送帧:   1002 帧  (   52104 B)  [帧头:EAEAEAEA  帧尾:AEAEAEAE]
[2026-04-02 17:07:28.750] 在线连接:   1  |  收到数据:    27944 B  |  解析完整帧:    998 帧  |  发送帧:    998 帧  (   51896 B)  [帧头:EAEAEAEA  帧尾:AEAEAEAE]
[2026-04-02 17:07:29.751] 在线连接:   1  |  收到数据:    28196 B  |  解析完整帧:   1007 帧  |  发送帧:   1007 帧  (   52364 B)  [帧头:EAEAEAEA  帧尾:AEAEAEAE]
[2026-04-02 17:07:30.751] 在线连接:   1  |  收到数据:    26348 B  |  解析完整帧:    941 帧  |  发送帧:    941 帧  (   48932 B)  [帧头:EAEAEAEA  帧尾:AEAEAEAE]
[2026-04-02 17:07:31.753] 在线连接:   1  |  收到数据:    29204 B  |  解析完整帧:   1043 帧  |  发送帧:   1043 帧  (   54236 B)  [帧头:EAEAEAEA  帧尾:AEAEAEAE]
[2026-04-02 17:07:32.767] 在线连接:   1  |  收到数据:    28700 B  |  解析完整帧:   1025 帧  |  发送帧:   1025 帧  (   53300 B)  [帧头:EAEAEAEA  帧尾:AEAEAEAE]
[2026-04-02 17:07:33.768] 在线连接:   1  |  收到数据:    27916 B  |  解析完整帧:    997 帧  |  发送帧:    997 帧  (   51844 B)  [帧头:EAEAEAEA  帧尾:AEAEAEAE]
[2026-04-02 17:07:34.769] 在线连接:   1  |  收到数据:    28392 B  |  解析完整帧:   1014 帧  |  发送帧:   1014 帧  (   52728 B)  [帧头:EAEAEAEA  帧尾:AEAEAEAE]
[2026-04-02 17:07:35.769] 在线连接:   1  |  收到数据:    28000 B  |  解析完整帧:   1000 帧  |  发送帧:   1000 帧  (   52000 B)  [帧头:EAEAEAEA  帧尾:AEAEAEAE]
[2026-04-02 17:07:36.770] 在线连接:   1  |  收到数据:    27524 B  |  解析完整帧:    983 帧  |  发送帧:    983 帧  (   51116 B)  [帧头:EAEAEAEA  帧尾:AEAEAEAE]
[2026-04-02 17:07:37.771] 在线连接:   1  |  收到数据:    28336 B  |  解析完整帧:   1012 帧  |  发送帧:   1012 帧  (   52624 B)  [帧头:EAEAEAEA  帧尾:AEAEAEAE]
[2026-04-02 17:07:38.772] 在线连接:   1  |  收到数据:    28224 B  |  解析完整帧:   1008 帧  |  发送帧:   1008 帧  (   52416 B)  [帧头:EAEAEAEA  帧尾:AEAEAEAE]
[2026-04-02 17:07:39.778] 在线连接:   1  |  收到数据:    28056 B  |  解析完整帧:   1002 帧  |  发送帧:   1002 帧  (   52104 B)  [帧头:EAEAEAEA  帧尾:AEAEAEAE]
[2026-04-02 17:07:40.780] 在线连接:   1  |  收到数据:    28196 B  |  解析完整帧:   1007 帧  |  发送帧:   1007 帧  (   52364 B)  [帧头:EAEAEAEA  帧尾:AEAEAEAE]
[2026-04-02 17:07:41.781] 在线连接:   1  |  收到数据:    27552 B  |  解析完整帧:    984 帧  |  发送帧:    984 帧  (   51168 B)  [帧头:EAEAEAEA  帧尾:AEAEAEAE]
[2026-04-02 17:07:42.815] 在线连接:   1  |  收到数据:    28952 B  |  解析完整帧:   1034 帧  |  发送帧:   1034 帧  (   53768 B)  [帧头:EAEAEAEA  帧尾:AEAEAEAE]
[2026-04-02 17:07:43.844] 在线连接:   1  |  收到数据:    29120 B  |  解析完整帧:   1040 帧  |  发送帧:   1040 帧  (   54080 B)  [帧头:EAEAEAEA  帧尾:AEAEAEAE]
[2026-04-02 17:07:44.845] 在线连接:   1  |  收到数据:    27972 B  |  解析完整帧:    999 帧  |  发送帧:    999 帧  (   51948 B)  [帧头:EAEAEAEA  帧尾:AEAEAEAE]
[2026-04-02 17:07:45.846] 在线连接:   1  |  收到数据:    28224 B  |  解析完整帧:   1008 帧  |  发送帧:   1008 帧  (   52416 B)  [帧头:EAEAEAEA  帧尾:AEAEAEAE]
[2026-04-02 17:07:46.846] 在线连接:   1  |  收到数据:    28028 B  |  解析完整帧:   1001 帧  |  发送帧:   1001 帧  (   52052 B)  [帧头:EAEAEAEA  帧尾:AEAEAEAE]
[2026-04-02 17:07:47.847] 在线连接:   1  |  收到数据:    27272 B  |  解析完整帧:    974 帧  |  发送帧:    974 帧  (   50648 B)  [帧头:EAEAEAEA  帧尾:AEAEAEAE]
[2026-04-02 17:07:48.848] 在线连接:   1  |  收到数据:    28616 B  |  解析完整帧:   1022 帧  |  发送帧:   1022 帧  (   53144 B)  [帧头:EAEAEAEA  帧尾:AEAEAEAE]
[2026-04-02 17:07:49.848] 在线连接:   1  |  收到数据:    28140 B  |  解析完整帧:   1005 帧  |  发送帧:   1005 帧  (   52260 B)  [帧头:EAEAEAEA  帧尾:AEAEAEAE]
[2026-04-02 17:07:50.849] 在线连接:   1  |  收到数据:    28056 B  |  解析完整帧:   1002 帧  |  发送帧:   1002 帧  (   52104 B)  [帧头:EAEAEAEA  帧尾:AEAEAEAE]
[2026-04-02 17:07:51.850] 在线连接:   1  |  收到数据:    28028 B  |  解析完整帧:   1001 帧  |  发送帧:   1000 帧  (   52000 B)  [帧头:EAEAEAEA  帧尾:AEAEAEAE]
[2026-04-02 17:07:52.851] 在线连接:   1  |  收到数据:    28028 B  |  解析完整帧:   1001 帧  |  发送帧:   1002 帧  (   52104 B)  [帧头:EAEAEAEA  帧尾:AEAEAEAE]
[2026-04-02 17:07:53.851] 在线连接:   1  |  收到数据:    28000 B  |  解析完整帧:   1000 帧  |  发送帧:   1000 帧  (   52000 B)  [帧头:EAEAEAEA  帧尾:AEAEAEAE]
[2026-04-02 17:07:54.852] 在线连接:   1  |  收到数据:    27664 B  |  解析完整帧:    988 帧  |  发送帧:    988 帧  (   51376 B)  [帧头:EAEAEAEA  帧尾:AEAEAEAE]
[2026-04-02 17:07:55.853] 在线连接:   1  |  收到数据:    28252 B  |  解析完整帧:   1009 帧  |  发送帧:   1009 帧  (   52468 B)  [帧头:EAEAEAEA  帧尾:AEAEAEAE]
[2026-04-02 17:07:56.854] 在线连接:   1  |  收到数据:    28140 B  |  解析完整帧:   1005 帧  |  发送帧:   1005 帧  (   52260 B)  [帧头:EAEAEAEA  帧尾:AEAEAEAE]
[2026-04-02 17:07:57.854] 在线连接:   1  |  收到数据:    28028 B  |  解析完整帧:   1001 帧  |  发送帧:   1001 帧  (   52052 B)  [帧头:EAEAEAEA  帧尾:AEAEAEAE]
[2026-04-02 17:07:58.855] 在线连接:   1  |  收到数据:    28028 B  |  解析完整帧:   1001 帧  |  发送帧:   1001 帧  (   52052 B)  [帧头:EAEAEAEA  帧尾:AEAEAEAE]
[2026-04-02 17:07:59.856] 在线连接:   1  |  收到数据:    27636 B  |  解析完整帧:    987 帧  |  发送帧:    987 帧  (   51324 B)  [帧头:EAEAEAEA  帧尾:AEAEAEAE]
[2026-04-02 17:08:00.857] 在线连接:   1  |  收到数据:    28028 B  |  解析完整帧:   1001 帧  |  发送帧:   1001 帧  (   52052 B)  [帧头:EAEAEAEA  帧尾:AEAEAEAE]
[2026-04-02 17:08:01.857] 在线连接:   1  |  收到数据:    28168 B  |  解析完整帧:   1006 帧  |  发送帧:   1006 帧  (   52312 B)  [帧头:EAEAEAEA  帧尾:AEAEAEAE]
[2026-04-02 17:08:02.858] 在线连接:   1  |  收到数据:    27916 B  |  解析完整帧:    997 帧  |  发送帧:    997 帧  (   51844 B)  [帧头:EAEAEAEA  帧尾:AEAEAEAE]
[2026-04-02 17:08:03.859] 在线连接:   1  |  收到数据:    28168 B  |  解析完整帧:   1006 帧  |  发送帧:   1004 帧  (   52208 B)  [帧头:EAEAEAEA  帧尾:AEAEAEAE]
[2026-04-02 17:08:04.860] 在线连接:   1  |  收到数据:    27860 B  |  解析完整帧:    995 帧  |  发送帧:    997 帧  (   51844 B)  [帧头:EAEAEAEA  帧尾:AEAEAEAE]
[2026-04-02 17:08:05.861] 在线连接:   1  |  收到数据:    28000 B  |  解析完整帧:   1000 帧  |  发送帧:   1000 帧  (   52000 B)  [帧头:EAEAEAEA  帧尾:AEAEAEAE]
[2026-04-02 17:08:06.863] 在线连接:   1  |  收到数据:    27888 B  |  解析完整帧:    996 帧  |  发送帧:    996 帧  (   51792 B)  [帧头:EAEAEAEA  帧尾:AEAEAEAE]
[2026-04-02 17:08:07.871] 在线连接:   1  |  收到数据:    28084 B  |  解析完整帧:   1003 帧  |  发送帧:   1003 帧  (   52156 B)  [帧头:EAEAEAEA  帧尾:AEAEAEAE]
[2026-04-02 17:08:08.872] 在线连接:   1  |  收到数据:    28420 B  |  解析完整帧:   1015 帧  |  发送帧:   1015 帧  (   52780 B)  [帧头:EAEAEAEA  帧尾:AEAEAEAE]
[2026-04-02 17:08:09.873] 在线连接:   1  |  收到数据:    28028 B  |  解析完整帧:   1001 帧  |  发送帧:   1001 帧  (   52052 B)  [帧头:EAEAEAEA  帧尾:AEAEAEAE]
[2026-04-02 17:08:10.873] 在线连接:   1  |  收到数据:    28028 B  |  解析完整帧:   1001 帧  |  发送帧:   1001 帧  (   52052 B)  [帧头:EAEAEAEA  帧尾:AEAEAEAE]
[2026-04-02 17:08:11.874] 在线连接:   1  |  收到数据:    27916 B  |  解析完整帧:    997 帧  |  发送帧:    997 帧  (   51844 B)  [帧头:EAEAEAEA  帧尾:AEAEAEAE]
[2026-04-02 17:08:12.875] 在线连接:   1  |  收到数据:    28140 B  |  解析完整帧:   1005 帧  |  发送帧:   1005 帧  (   52260 B)  [帧头:EAEAEAEA  帧尾:AEAEAEAE]
[2026-04-02 17:08:13.876] 在线连接:   1  |  收到数据:    28000 B  |  解析完整帧:   1000 帧  |  发送帧:   1000 帧  (   52000 B)  [帧头:EAEAEAEA  帧尾:AEAEAEAE]
[2026-04-02 17:08:14.877] 在线连接:   1  |  收到数据:    27916 B  |  解析完整帧:    997 帧  |  发送帧:    997 帧  (   51844 B)  [帧头:EAEAEAEA  帧尾:AEAEAEAE]
[2026-04-02 17:08:15.878] 在线连接:   1  |  收到数据:    27860 B  |  解析完整帧:    995 帧  |  发送帧:    995 帧  (   51740 B)  [帧头:EAEAEAEA  帧尾:AEAEAEAE]
[2026-04-02 17:08:16.878] 在线连接:   1  |  收到数据:    28308 B  |  解析完整帧:   1011 帧  |  发送帧:   1011 帧  (   52572 B)  [帧头:EAEAEAEA  帧尾:AEAEAEAE]
[2026-04-02 17:08:17.879] 在线连接:   1  |  收到数据:    27636 B  |  解析完整帧:    987 帧  |  发送帧:    987 帧  (   51324 B)  [帧头:EAEAEAEA  帧尾:AEAEAEAE]
[2026-04-02 17:08:18.880] 在线连接:   1  |  收到数据:    28392 B  |  解析完整帧:   1014 帧  |  发送帧:   1014 帧  (   52728 B)  [帧头:EAEAEAEA  帧尾:AEAEAEAE]
[2026-04-02 17:08:19.881] 在线连接:   1  |  收到数据:    27916 B  |  解析完整帧:    997 帧  |  发送帧:    997 帧  (   51844 B)  [帧头:EAEAEAEA  帧尾:AEAEAEAE]
[2026-04-02 17:08:20.881] 在线连接:   1  |  收到数据:    27860 B  |  解析完整帧:    995 帧  |  发送帧:    995 帧  (   51740 B)  [帧头:EAEAEAEA  帧尾:AEAEAEAE]
[2026-04-02 17:08:21.882] 在线连接:   1  |  收到数据:    28308 B  |  解析完整帧:   1011 帧  |  发送帧:   1011 帧  (   52572 B)  [帧头:EAEAEAEA  帧尾:AEAEAEAE]
[2026-04-02 17:08:22.885] 在线连接:   1  |  收到数据:    27860 B  |  解析完整帧:    995 帧  |  发送帧:    995 帧  (   51740 B)  [帧头:EAEAEAEA  帧尾:AEAEAEAE]
[2026-04-02 17:08:23.888] 在线连接:   1  |  收到数据:    28280 B  |  解析完整帧:   1010 帧  |  发送帧:   1010 帧  (   52520 B)  [帧头:EAEAEAEA  帧尾:AEAEAEAE]
[2026-04-02 17:08:24.888] 在线连接:   1  |  收到数据:    28056 B  |  解析完整帧:   1002 帧  |  发送帧:   1002 帧  (   52104 B)  [帧头:EAEAEAEA  帧尾:AEAEAEAE]
[2026-04-02 17:08:25.889] 在线连接:   1  |  收到数据:    27972 B  |  解析完整帧:    999 帧  |  发送帧:    999 帧  (   51948 B)  [帧头:EAEAEAEA  帧尾:AEAEAEAE]
[2026-04-02 17:08:26.890] 在线连接:   1  |  收到数据:    28000 B  |  解析完整帧:   1000 帧  |  发送帧:   1000 帧  (   52000 B)  [帧头:EAEAEAEA  帧尾:AEAEAEAE]
[2026-04-02 17:08:27.890] 在线连接:   1  |  收到数据:    28084 B  |  解析完整帧:   1003 帧  |  发送帧:   1001 帧  (   52052 B)  [帧头:EAEAEAEA  帧尾:AEAEAEAE]
[2026-04-02 17:08:28.893] 在线连接:   1  |  收到数据:    28000 B  |  解析完整帧:   1000 帧  |  发送帧:   1002 帧  (   52104 B)  [帧头:EAEAEAEA  帧尾:AEAEAEAE]
[2026-04-02 17:08:29.904] 在线连接:   1  |  收到数据:    28392 B  |  解析完整帧:   1014 帧  |  发送帧:   1014 帧  (   52728 B)  [帧头:EAEAEAEA  帧尾:AEAEAEAE]
[2026-04-02 17:08:30.905] 在线连接:   1  |  收到数据:    27972 B  |  解析完整帧:    999 帧  |  发送帧:    999 帧  (   51948 B)  [帧头:EAEAEAEA  帧尾:AEAEAEAE]
[2026-04-02 17:08:31.906] 在线连接:   1  |  收到数据:    28028 B  |  解析完整帧:   1001 帧  |  发送帧:   1001 帧  (   52052 B)  [帧头:EAEAEAEA  帧尾:AEAEAEAE]
[2026-04-02 17:08:32.907] 在线连接:   1  |  收到数据:    28000 B  |  解析完整帧:   1000 帧  |  发送帧:   1000 帧  (   52000 B)  [帧头:EAEAEAEA  帧尾:AEAEAEAE]
[2026-04-02 17:08:33.909] 在线连接:   1  |  收到数据:    28056 B  |  解析完整帧:   1002 帧  |  发送帧:   1001 帧  (   52052 B)  [帧头:EAEAEAEA  帧尾:AEAEAEAE]
[2026-04-02 17:08:34.909] 在线连接:   1  |  收到数据:    28028 B  |  解析完整帧:   1001 帧  |  发送帧:   1002 帧  (   52104 B)  [帧头:EAEAEAEA  帧尾:AEAEAEAE]
[2026-04-02 17:08:35.918] 在线连接:   1  |  收到数据:    28168 B  |  解析完整帧:   1006 帧  |  发送帧:   1006 帧  (   52312 B)  [帧头:EAEAEAEA  帧尾:AEAEAEAE]
[2026-04-02 17:08:36.941] 在线连接:   1  |  收到数据:    28728 B  |  解析完整帧:   1026 帧  |  发送帧:   1026 帧  (   53352 B)  [帧头:EAEAEAEA  帧尾:AEAEAEAE]
[2026-04-02 17:08:37.942] 在线连接:   1  |  收到数据:    27804 B  |  解析完整帧:    993 帧  |  发送帧:    993 帧  (   51636 B)  [帧头:EAEAEAEA  帧尾:AEAEAEAE]
[2026-04-02 17:08:38.942] 在线连接:   1  |  收到数据:    28224 B  |  解析完整帧:   1008 帧  |  发送帧:   1008 帧  (   52416 B)  [帧头:EAEAEAEA  帧尾:AEAEAEAE]
[2026-04-02 17:08:39.943] 在线连接:   1  |  收到数据:    27580 B  |  解析完整帧:    985 帧  |  发送帧:    985 帧  (   51220 B)  [帧头:EAEAEAEA  帧尾:AEAEAEAE]
[2026-04-02 17:08:40.947] 在线连接:   1  |  收到数据:    28420 B  |  解析完整帧:   1015 帧  |  发送帧:   1015 帧  (   52780 B)  [帧头:EAEAEAEA  帧尾:AEAEAEAE]
[2026-04-02 17:08:41.951] 在线连接:   1  |  收到数据:    27916 B  |  解析完整帧:    997 帧  |  发送帧:    997 帧  (   51844 B)  [帧头:EAEAEAEA  帧尾:AEAEAEAE]
[2026-04-02 17:08:42.952] 在线连接:   1  |  收到数据:    27832 B  |  解析完整帧:    994 帧  |  发送帧:    994 帧  (   51688 B)  [帧头:EAEAEAEA  帧尾:AEAEAEAE]
[2026-04-02 17:08:43.953] 在线连接:   1  |  收到数据:    28448 B  |  解析完整帧:   1016 帧  |  发送帧:   1016 帧  (   52832 B)  [帧头:EAEAEAEA  帧尾:AEAEAEAE]
[2026-04-02 17:08:44.953] 在线连接:   1  |  收到数据:    28028 B  |  解析完整帧:   1001 帧  |  发送帧:   1001 帧  (   52052 B)  [帧头:EAEAEAEA  帧尾:AEAEAEAE]
[2026-04-02 17:08:45.954] 在线连接:   1  |  收到数据:    28056 B  |  解析完整帧:   1002 帧  |  发送帧:   1002 帧  (   52104 B)  [帧头:EAEAEAEA  帧尾:AEAEAEAE]
[2026-04-02 17:08:46.955] 在线连接:   1  |  收到数据:    27860 B  |  解析完整帧:    995 帧  |  发送帧:    995 帧  (   51740 B)  [帧头:EAEAEAEA  帧尾:AEAEAEAE]
[2026-04-02 17:08:47.960] 在线连接:   1  |  收到数据:    28280 B  |  解析完整帧:   1010 帧  |  发送帧:   1010 帧  (   52520 B)  [帧头:EAEAEAEA  帧尾:AEAEAEAE]
[2026-04-02 17:08:48.961] 在线连接:   1  |  收到数据:    28028 B  |  解析完整帧:   1001 帧  |  发送帧:   1001 帧  (   52052 B)  [帧头:EAEAEAEA  帧尾:AEAEAEAE]
[2026-04-02 17:08:49.961] 在线连接:   1  |  收到数据:    27888 B  |  解析完整帧:    996 帧  |  发送帧:    996 帧  (   51792 B)  [帧头:EAEAEAEA  帧尾:AEAEAEAE]
[2026-04-02 17:08:50.962] 在线连接:   1  |  收到数据:    28028 B  |  解析完整帧:   1001 帧  |  发送帧:   1001 帧  (   52052 B)  [帧头:EAEAEAEA  帧尾:AEAEAEAE]
[2026-04-02 17:08:51.963] 在线连接:   1  |  收到数据:    28140 B  |  解析完整帧:   1005 帧  |  发送帧:   1005 帧  (   52260 B)  [帧头:EAEAEAEA  帧尾:AEAEAEAE]
[2026-04-02 17:08:52.964] 在线连接:   1  |  收到数据:    27972 B  |  解析完整帧:    999 帧  |  发送帧:    999 帧  (   51948 B)  [帧头:EAEAEAEA  帧尾:AEAEAEAE]
[2026-04-02 17:08:53.964] 在线连接:   1  |  收到数据:    28084 B  |  解析完整帧:   1003 帧  |  发送帧:   1003 帧  (   52156 B)  [帧头:EAEAEAEA  帧尾:AEAEAEAE]
[2026-04-02 17:08:54.965] 在线连接:   1  |  收到数据:    27944 B  |  解析完整帧:    998 帧  |  发送帧:    998 帧  (   51896 B)  [帧头:EAEAEAEA  帧尾:AEAEAEAE]
[2026-04-02 17:08:55.965] 在线连接:   1  |  收到数据:    27496 B  |  解析完整帧:    982 帧  |  发送帧:    982 帧  (   51064 B)  [帧头:EAEAEAEA  帧尾:AEAEAEAE]
[2026-04-02 17:08:56.966] 在线连接:   1  |  收到数据:    28532 B  |  解析完整帧:   1019 帧  |  发送帧:   1019 帧  (   52988 B)  [帧头:EAEAEAEA  帧尾:AEAEAEAE]
[2026-04-02 17:08:57.967] 在线连接:   1  |  收到数据:    27636 B  |  解析完整帧:    987 帧  |  发送帧:    987 帧  (   51324 B)  [帧头:EAEAEAEA  帧尾:AEAEAEAE]
[2026-04-02 17:08:58.968] 在线连接:   1  |  收到数据:    28476 B  |  解析完整帧:   1017 帧  |  发送帧:   1017 帧  (   52884 B)  [帧头:EAEAEAEA  帧尾:AEAEAEAE]
[2026-04-02 17:08:59.968] 在线连接:   1  |  收到数据:    27944 B  |  解析完整帧:    998 帧  |  发送帧:    998 帧  (   51896 B)  [帧头:EAEAEAEA  帧尾:AEAEAEAE]
[2026-04-02 17:09:00.969] 在线连接:   1  |  收到数据:    28112 B  |  解析完整帧:   1004 帧  |  发送帧:   1004 帧  (   52208 B)  [帧头:EAEAEAEA  帧尾:AEAEAEAE]
[2026-04-02 17:09:01.970] 在线连接:   1  |  收到数据:    28000 B  |  解析完整帧:   1000 帧  |  发送帧:   1000 帧  (   52000 B)  [帧头:EAEAEAEA  帧尾:AEAEAEAE]
[2026-04-02 17:09:02.971] 在线连接:   1  |  收到数据:    28056 B  |  解析完整帧:   1002 帧  |  发送帧:   1000 帧  (   52000 B)  [帧头:EAEAEAEA  帧尾:AEAEAEAE]
[2026-04-02 17:09:03.971] 在线连接:   1  |  收到数据:    27972 B  |  解析完整帧:    999 帧  |  发送帧:   1001 帧  (   52052 B)  [帧头:EAEAEAEA  帧尾:AEAEAEAE]
[2026-04-02 17:09:04.972] 在线连接:   1  |  收到数据:    28028 B  |  解析完整帧:   1001 帧  |  发送帧:   1001 帧  (   52052 B)  [帧头:EAEAEAEA  帧尾:AEAEAEAE]
[2026-04-02 17:09:05.973] 在线连接:   1  |  收到数据:    28028 B  |  解析完整帧:   1001 帧  |  发送帧:   1001 帧  (   52052 B)  [帧头:EAEAEAEA  帧尾:AEAEAEAE]
[2026-04-02 17:09:06.974] 在线连接:   1  |  收到数据:    27804 B  |  解析完整帧:    993 帧  |  发送帧:    993 帧  (   51636 B)  [帧头:EAEAEAEA  帧尾:AEAEAEAE]
[2026-04-02 17:09:07.975] 在线连接:   1  |  收到数据:    28224 B  |  解析完整帧:   1008 帧  |  发送帧:   1008 帧  (   52416 B)  [帧头:EAEAEAEA  帧尾:AEAEAEAE]
[2026-04-02 17:09:08.976] 在线连接:   1  |  收到数据:    27776 B  |  解析完整帧:    992 帧  |  发送帧:    992 帧  (   51584 B)  [帧头:EAEAEAEA  帧尾:AEAEAEAE]
[2026-04-02 17:09:09.977] 在线连接:   1  |  收到数据:    28252 B  |  解析完整帧:   1009 帧  |  发送帧:   1009 帧  (   52468 B)  [帧头:EAEAEAEA  帧尾:AEAEAEAE]
[2026-04-02 17:09:10.977] 在线连接:   1  |  收到数据:    28056 B  |  解析完整帧:   1002 帧  |  发送帧:   1002 帧  (   52104 B)  [帧头:EAEAEAEA  帧尾:AEAEAEAE]
[2026-04-02 17:09:11.978] 在线连接:   1  |  收到数据:    27888 B  |  解析完整帧:    996 帧  |  发送帧:    994 帧  (   51688 B)  [帧头:EAEAEAEA  帧尾:AEAEAEAE]
[2026-04-02 17:09:12.979] 在线连接:   1  |  收到数据:    28084 B  |  解析完整帧:   1003 帧  |  发送帧:   1003 帧  (   52156 B)  [帧头:EAEAEAEA  帧尾:AEAEAEAE]
[2026-04-02 17:09:13.979] 在线连接:   1  |  收到数据:    27972 B  |  解析完整帧:    999 帧  |  发送帧:   1001 帧  (   52052 B)  [帧头:EAEAEAEA  帧尾:AEAEAEAE]
[2026-04-02 17:09:14.980] 在线连接:   1  |  收到数据:    28112 B  |  解析完整帧:   1004 帧  |  发送帧:   1004 帧  (   52208 B)  [帧头:EAEAEAEA  帧尾:AEAEAEAE]
[2026-04-02 17:09:15.981] 在线连接:   1  |  收到数据:    28028 B  |  解析完整帧:   1001 帧  |  发送帧:   1001 帧  (   52052 B)  [帧头:EAEAEAEA  帧尾:AEAEAEAE]
[2026-04-02 17:09:16.981] 在线连接:   1  |  收到数据:    27972 B  |  解析完整帧:    999 帧  |  发送帧:    999 帧  (   51948 B)  [帧头:EAEAEAEA  帧尾:AEAEAEAE]
[2026-04-02 17:09:17.982] 在线连接:   1  |  收到数据:    28112 B  |  解析完整帧:   1004 帧  |  发送帧:    990 帧  (   51480 B)  [帧头:EAEAEAEA  帧尾:AEAEAEAE]
[2026-04-02 17:09:18.983] 在线连接:   1  |  收到数据:    28028 B  |  解析完整帧:   1001 帧  |  发送帧:   1015 帧  (   52780 B)  [帧头:EAEAEAEA  帧尾:AEAEAEAE]
[2026-04-02 17:09:19.984] 在线连接:   1  |  收到数据:    28000 B  |  解析完整帧:   1000 帧  |  发送帧:   1000 帧  (   52000 B)  [帧头:EAEAEAEA  帧尾:AEAEAEAE]
[2026-04-02 17:09:20.984] 在线连接:   1  |  收到数据:    27748 B  |  解析完整帧:    991 帧  |  发送帧:    991 帧  (   51532 B)  [帧头:EAEAEAEA  帧尾:AEAEAEAE]
[2026-04-02 17:09:21.985] 在线连接:   1  |  收到数据:    28308 B  |  解析完整帧:   1011 帧  |  发送帧:   1011 帧  (   52572 B)  [帧头:EAEAEAEA  帧尾:AEAEAEAE]
[2026-04-02 17:09:22.985] 在线连接:   1  |  收到数据:    27524 B  |  解析完整帧:    983 帧  |  发送帧:    983 帧  (   51116 B)  [帧头:EAEAEAEA  帧尾:AEAEAEAE]
[2026-04-02 17:09:23.986] 在线连接:   1  |  收到数据:    28224 B  |  解析完整帧:   1008 帧  |  发送帧:   1008 帧  (   52416 B)  [帧头:EAEAEAEA  帧尾:AEAEAEAE]
[2026-04-02 17:09:24.987] 在线连接:   1  |  收到数据:    28280 B  |  解析完整帧:   1010 帧  |  发送帧:   1010 帧  (   52520 B)  [帧头:EAEAEAEA  帧尾:AEAEAEAE]
[2026-04-02 17:09:25.988] 在线连接:   1  |  收到数据:    27692 B  |  解析完整帧:    989 帧  |  发送帧:    989 帧  (   51428 B)  [帧头:EAEAEAEA  帧尾:AEAEAEAE]
[2026-04-02 17:09:26.989] 在线连接:   1  |  收到数据:    28252 B  |  解析完整帧:   1009 帧  |  发送帧:   1009 帧  (   52468 B)  [帧头:EAEAEAEA  帧尾:AEAEAEAE]
[2026-04-02 17:09:27.989] 在线连接:   1  |  收到数据:    28084 B  |  解析完整帧:   1003 帧  |  发送帧:   1003 帧  (   52156 B)  [帧头:EAEAEAEA  帧尾:AEAEAEAE]
[2026-04-02 17:09:28.990] 在线连接:   1  |  收到数据:    27804 B  |  解析完整帧:    993 帧  |  发送帧:    993 帧  (   51636 B)  [帧头:EAEAEAEA  帧尾:AEAEAEAE]
[2026-04-02 17:09:29.998] 在线连接:   1  |  收到数据:    28168 B  |  解析完整帧:   1006 帧  |  发送帧:   1006 帧  (   52312 B)  [帧头:EAEAEAEA  帧尾:AEAEAEAE]
[2026-04-02 17:09:31.001] 在线连接:   1  |  收到数据:    28392 B  |  解析完整帧:   1014 帧  |  发送帧:   1014 帧  (   52728 B)  [帧头:EAEAEAEA  帧尾:AEAEAEAE]
[2026-04-02 17:09:32.001] 在线连接:   1  |  收到数据:    27860 B  |  解析完整帧:    995 帧  |  发送帧:    995 帧  (   51740 B)  [帧头:EAEAEAEA  帧尾:AEAEAEAE]
[2026-04-02 17:09:33.002] 在线连接:   1  |  收到数据:    28196 B  |  解析完整帧:   1007 帧  |  发送帧:   1007 帧  (   52364 B)  [帧头:EAEAEAEA  帧尾:AEAEAEAE]
[2026-04-02 17:09:34.002] 在线连接:   1  |  收到数据:    27860 B  |  解析完整帧:    995 帧  |  发送帧:    995 帧  (   51740 B)  [帧头:EAEAEAEA  帧尾:AEAEAEAE]
[2026-04-02 17:09:35.003] 在线连接:   1  |  收到数据:    27916 B  |  解析完整帧:    997 帧  |  发送帧:    997 帧  (   51844 B)  [帧头:EAEAEAEA  帧尾:AEAEAEAE]
[2026-04-02 17:09:36.004] 在线连接:   1  |  收到数据:    28224 B  |  解析完整帧:   1008 帧  |  发送帧:   1008 帧  (   52416 B)  [帧头:EAEAEAEA  帧尾:AEAEAEAE]
[2026-04-02 17:09:37.005] 在线连接:   1  |  收到数据:    28028 B  |  解析完整帧:   1001 帧  |  发送帧:    985 帧  (   51220 B)  [帧头:EAEAEAEA  帧尾:AEAEAEAE]
[2026-04-02 17:09:38.005] 在线连接:   1  |  收到数据:    27804 B  |  解析完整帧:    993 帧  |  发送帧:   1009 帧  (   52468 B)  [帧头:EAEAEAEA  帧尾:AEAEAEAE]
[2026-04-02 17:09:39.006] 在线连接:   1  |  收到数据:    28196 B  |  解析完整帧:   1007 帧  |  发送帧:   1007 帧  (   52364 B)  [帧头:EAEAEAEA  帧尾:AEAEAEAE]
[2026-04-02 17:09:40.007] 在线连接:   1  |  收到数据:    27832 B  |  解析完整帧:    994 帧  |  发送帧:    994 帧  (   51688 B)  [帧头:EAEAEAEA  帧尾:AEAEAEAE]
[2026-04-02 17:09:41.008] 在线连接:   1  |  收到数据:    28308 B  |  解析完整帧:   1011 帧  |  发送帧:   1011 帧  (   52572 B)  [帧头:EAEAEAEA  帧尾:AEAEAEAE]
[2026-04-02 17:09:42.009] 在线连接:   1  |  收到数据:    28000 B  |  解析完整帧:   1000 帧  |  发送帧:   1000 帧  (   52000 B)  [帧头:EAEAEAEA  帧尾:AEAEAEAE]
[2026-04-02 17:09:43.010] 在线连接:   1  |  收到数据:    27608 B  |  解析完整帧:    986 帧  |  发送帧:    986 帧  (   51272 B)  [帧头:EAEAEAEA  帧尾:AEAEAEAE]
[2026-04-02 17:09:44.011] 在线连接:   1  |  收到数据:    28420 B  |  解析完整帧:   1015 帧  |  发送帧:   1015 帧  (   52780 B)  [帧头:EAEAEAEA  帧尾:AEAEAEAE]
[2026-04-02 17:09:45.015] 在线连接:   1  |  收到数据:    27916 B  |  解析完整帧:    997 帧  |  发送帧:    997 帧  (   51844 B)  [帧头:EAEAEAEA  帧尾:AEAEAEAE]
[2026-04-02 17:09:46.016] 在线连接:   1  |  收到数据:    28140 B  |  解析完整帧:   1005 帧  |  发送帧:   1005 帧  (   52260 B)  [帧头:EAEAEAEA  帧尾:AEAEAEAE]
[2026-04-02 17:09:47.022] 在线连接:   1  |  收到数据:    28196 B  |  解析完整帧:   1007 帧  |  发送帧:   1007 帧  (   52364 B)  [帧头:EAEAEAEA  帧尾:AEAEAEAE]
[2026-04-02 17:09:48.033] 在线连接:   1  |  收到数据:    28364 B  |  解析完整帧:   1013 帧  |  发送帧:   1013 帧  (   52676 B)  [帧头:EAEAEAEA  帧尾:AEAEAEAE]
[2026-04-02 17:09:49.034] 在线连接:   1  |  收到数据:    28112 B  |  解析完整帧:   1004 帧  |  发送帧:   1004 帧  (   52208 B)  [帧头:EAEAEAEA  帧尾:AEAEAEAE]
[2026-04-02 17:09:50.035] 在线连接:   1  |  收到数据:    27944 B  |  解析完整帧:    998 帧  |  发送帧:    998 帧  (   51896 B)  [帧头:EAEAEAEA  帧尾:AEAEAEAE]
[2026-04-02 17:09:51.035] 在线连接:   1  |  收到数据:    27804 B  |  解析完整帧:    993 帧  |  发送帧:    993 帧  (   51636 B)  [帧头:EAEAEAEA  帧尾:AEAEAEAE]
[2026-04-02 17:09:52.036] 在线连接:   1  |  收到数据:    28280 B  |  解析完整帧:   1010 帧  |  发送帧:   1010 帧  (   52520 B)  [帧头:EAEAEAEA  帧尾:AEAEAEAE]
[2026-04-02 17:09:53.036] 在线连接:   1  |  收到数据:    27776 B  |  解析完整帧:    992 帧  |  发送帧:    992 帧  (   51584 B)  [帧头:EAEAEAEA  帧尾:AEAEAEAE]
[2026-04-02 17:09:54.037] 在线连接:   1  |  收到数据:    27944 B  |  解析完整帧:    998 帧  |  发送帧:    998 帧  (   51896 B)  [帧头:EAEAEAEA  帧尾:AEAEAEAE]
[2026-04-02 17:09:55.038] 在线连接:   1  |  收到数据:    28280 B  |  解析完整帧:   1010 帧  |  发送帧:   1010 帧  (   52520 B)  [帧头:EAEAEAEA  帧尾:AEAEAEAE]
[2026-04-02 17:09:56.038] 在线连接:   1  |  收到数据:    27944 B  |  解析完整帧:    998 帧  |  发送帧:    998 帧  (   51896 B)  [帧头:EAEAEAEA  帧尾:AEAEAEAE]
[2026-04-02 17:09:57.039] 在线连接:   1  |  收到数据:    27608 B  |  解析完整帧:    986 帧  |  发送帧:    986 帧  (   51272 B)  [帧头:EAEAEAEA  帧尾:AEAEAEAE]
[2026-04-02 17:09:58.040] 在线连接:   1  |  收到数据:    28532 B  |  解析完整帧:   1019 帧  |  发送帧:   1019 帧  (   52988 B)  [帧头:EAEAEAEA  帧尾:AEAEAEAE]
[2026-04-02 17:09:59.041] 在线连接:   1  |  收到数据:    27972 B  |  解析完整帧:    999 帧  |  发送帧:    999 帧  (   51948 B)  [帧头:EAEAEAEA  帧尾:AEAEAEAE]
[2026-04-02 17:10:00.041] 在线连接:   1  |  收到数据:    27916 B  |  解析完整帧:    997 帧  |  发送帧:    997 帧  (   51844 B)  [帧头:EAEAEAEA  帧尾:AEAEAEAE]
[2026-04-02 17:10:01.042] 在线连接:   1  |  收到数据:    27720 B  |  解析完整帧:    990 帧  |  发送帧:    990 帧  (   51480 B)  [帧头:EAEAEAEA  帧尾:AEAEAEAE]
[2026-04-02 17:10:02.043] 在线连接:   1  |  收到数据:    28308 B  |  解析完整帧:   1011 帧  |  发送帧:   1011 帧  (   52572 B)  [帧头:EAEAEAEA  帧尾:AEAEAEAE]
[2026-04-02 17:10:03.049] 在线连接:   1  |  收到数据:    28028 B  |  解析完整帧:   1001 帧  |  发送帧:   1001 帧  (   52052 B)  [帧头:EAEAEAEA  帧尾:AEAEAEAE]
[2026-04-02 17:10:04.049] 在线连接:   1  |  收到数据:    28000 B  |  解析完整帧:   1000 帧  |  发送帧:   1000 帧  (   52000 B)  [帧头:EAEAEAEA  帧尾:AEAEAEAE]
[2026-04-02 17:10:05.056] 在线连接:   1  |  收到数据:    28364 B  |  解析完整帧:   1013 帧  |  发送帧:    998 帧  (   51896 B)  [帧头:EAEAEAEA  帧尾:AEAEAEAE]
[2026-04-02 17:10:06.058] 在线连接:   1  |  收到数据:    27972 B  |  解析完整帧:    999 帧  |  发送帧:   1014 帧  (   52728 B)  [帧头:EAEAEAEA  帧尾:AEAEAEAE]
[2026-04-02 17:10:07.059] 在线连接:   1  |  收到数据:    27916 B  |  解析完整帧:    997 帧  |  发送帧:    997 帧  (   51844 B)  [帧头:EAEAEAEA  帧尾:AEAEAEAE]
[2026-04-02 17:10:08.059] 在线连接:   1  |  收到数据:    28224 B  |  解析完整帧:   1008 帧  |  发送帧:   1008 帧  (   52416 B)  [帧头:EAEAEAEA  帧尾:AEAEAEAE]
[2026-04-02 17:10:09.059] 在线连接:   1  |  收到数据:    27832 B  |  解析完整帧:    994 帧  |  发送帧:    994 帧  (   51688 B)  [帧头:EAEAEAEA  帧尾:AEAEAEAE]
[2026-04-02 17:10:10.060] 在线连接:   1  |  收到数据:    28168 B  |  解析完整帧:   1006 帧  |  发送帧:   1006 帧  (   52312 B)  [帧头:EAEAEAEA  帧尾:AEAEAEAE]
[2026-04-02 17:10:11.061] 在线连接:   1  |  收到数据:    27916 B  |  解析完整帧:    997 帧  |  发送帧:    997 帧  (   51844 B)  [帧头:EAEAEAEA  帧尾:AEAEAEAE]
[2026-04-02 17:10:12.061] 在线连接:   1  |  收到数据:    27972 B  |  解析完整帧:    999 帧  |  发送帧:    999 帧  (   51948 B)  [帧头:EAEAEAEA  帧尾:AEAEAEAE]
[2026-04-02 17:10:13.062] 在线连接:   1  |  收到数据:    27608 B  |  解析完整帧:    986 帧  |  发送帧:    986 帧  (   51272 B)  [帧头:EAEAEAEA  帧尾:AEAEAEAE]
[2026-04-02 17:10:14.063] 在线连接:   1  |  收到数据:    28280 B  |  解析完整帧:   1010 帧  |  发送帧:   1010 帧  (   52520 B)  [帧头:EAEAEAEA  帧尾:AEAEAEAE]
[2026-04-02 17:10:15.064] 在线连接:   1  |  收到数据:    28336 B  |  解析完整帧:   1012 帧  |  发送帧:   1012 帧  (   52624 B)  [帧头:EAEAEAEA  帧尾:AEAEAEAE]
[2026-04-02 17:10:16.064] 在线连接:   1  |  收到数据:    27916 B  |  解析完整帧:    997 帧  |  发送帧:    997 帧  (   51844 B)  [帧头:EAEAEAEA  帧尾:AEAEAEAE]
[2026-04-02 17:10:17.065] 在线连接:   1  |  收到数据:    28000 B  |  解析完整帧:   1000 帧  |  发送帧:   1000 帧  (   52000 B)  [帧头:EAEAEAEA  帧尾:AEAEAEAE]
[2026-04-02 17:10:18.066] 在线连接:   1  |  收到数据:    28056 B  |  解析完整帧:   1002 帧  |  发送帧:   1002 帧  (   52104 B)  [帧头:EAEAEAEA  帧尾:AEAEAEAE]
[2026-04-02 17:10:19.076] 在线连接:   1  |  收到数据:    28392 B  |  解析完整帧:   1014 帧  |  发送帧:   1014 帧  (   52728 B)  [帧头:EAEAEAEA  帧尾:AEAEAEAE]
[2026-04-02 17:10:20.089] 在线连接:   1  |  收到数据:    27888 B  |  解析完整帧:    996 帧  |  发送帧:    996 帧  (   51792 B)  [帧头:EAEAEAEA  帧尾:AEAEAEAE]
[2026-04-02 17:10:21.097] 在线连接:   1  |  收到数据:    28644 B  |  解析完整帧:   1023 帧  |  发送帧:   1023 帧  (   53196 B)  [帧头:EAEAEAEA  帧尾:AEAEAEAE]
[2026-04-02 17:10:22.098] 在线连接:   1  |  收到数据:    28000 B  |  解析完整帧:   1000 帧  |  发送帧:   1000 帧  (   52000 B)  [帧头:EAEAEAEA  帧尾:AEAEAEAE]
[2026-04-02 17:10:23.098] 在线连接:   1  |  收到数据:    27972 B  |  解析完整帧:    999 帧  |  发送帧:    999 帧  (   51948 B)  [帧头:EAEAEAEA  帧尾:AEAEAEAE]
[2026-04-02 17:10:24.099] 在线连接:   1  |  收到数据:    28168 B  |  解析完整帧:   1006 帧  |  发送帧:   1006 帧  (   52312 B)  [帧头:EAEAEAEA  帧尾:AEAEAEAE]
[2026-04-02 17:10:25.101] 在线连接:   1  |  收到数据:    28000 B  |  解析完整帧:   1000 帧  |  发送帧:   1000 帧  (   52000 B)  [帧头:EAEAEAEA  帧尾:AEAEAEAE]
[2026-04-02 17:10:26.109] 在线连接:   1  |  收到数据:    28000 B  |  解析完整帧:   1000 帧  |  发送帧:   1000 帧  (   52000 B)  [帧头:EAEAEAEA  帧尾:AEAEAEAE]
[2026-04-02 17:10:27.125] 在线连接:   1  |  收到数据:    28672 B  |  解析完整帧:   1024 帧  |  发送帧:   1024 帧  (   53248 B)  [帧头:EAEAEAEA  帧尾:AEAEAEAE]
[2026-04-02 17:10:28.125] 在线连接:   1  |  收到数据:    27972 B  |  解析完整帧:    999 帧  |  发送帧:    999 帧  (   51948 B)  [帧头:EAEAEAEA  帧尾:AEAEAEAE]
[2026-04-02 17:10:29.126] 在线连接:   1  |  收到数据:    27664 B  |  解析完整帧:    988 帧  |  发送帧:    988 帧  (   51376 B)  [帧头:EAEAEAEA  帧尾:AEAEAEAE]
[2026-04-02 17:10:30.127] 在线连接:   1  |  收到数据:    28252 B  |  解析完整帧:   1009 帧  |  发送帧:   1009 帧  (   52468 B)  [帧头:EAEAEAEA  帧尾:AEAEAEAE]
[2026-04-02 17:10:31.128] 在线连接:   1  |  收到数据:    27944 B  |  解析完整帧:    998 帧  |  发送帧:    998 帧  (   51896 B)  [帧头:EAEAEAEA  帧尾:AEAEAEAE]
[2026-04-02 17:10:32.128] 在线连接:   1  |  收到数据:    28084 B  |  解析完整帧:   1003 帧  |  发送帧:   1003 帧  (   52156 B)  [帧头:EAEAEAEA  帧尾:AEAEAEAE]
[2026-04-02 17:10:33.130] 在线连接:   1  |  收到数据:    27776 B  |  解析完整帧:    992 帧  |  发送帧:    992 帧  (   51584 B)  [帧头:EAEAEAEA  帧尾:AEAEAEAE]
[2026-04-02 17:10:34.130] 在线连接:   1  |  收到数据:    28420 B  |  解析完整帧:   1015 帧  |  发送帧:   1015 帧  (   52780 B)  [帧头:EAEAEAEA  帧尾:AEAEAEAE]
[2026-04-02 17:10:35.131] 在线连接:   1  |  收到数据:    27608 B  |  解析完整帧:    986 帧  |  发送帧:    986 帧  (   51272 B)  [帧头:EAEAEAEA  帧尾:AEAEAEAE]
[2026-04-02 17:10:36.132] 在线连接:   1  |  收到数据:    27888 B  |  解析完整帧:    996 帧  |  发送帧:    996 帧  (   51792 B)  [帧头:EAEAEAEA  帧尾:AEAEAEAE]
[2026-04-02 17:10:37.133] 在线连接:   1  |  收到数据:    28028 B  |  解析完整帧:   1001 帧  |  发送帧:   1001 帧  (   52052 B)  [帧头:EAEAEAEA  帧尾:AEAEAEAE]
[2026-04-02 17:10:38.133] 在线连接:   1  |  收到数据:    28028 B  |  解析完整帧:   1001 帧  |  发送帧:   1001 帧  (   52052 B)  [帧头:EAEAEAEA  帧尾:AEAEAEAE]
[2026-04-02 17:10:39.134] 在线连接:   1  |  收到数据:    27356 B  |  解析完整帧:    977 帧  |  发送帧:    977 帧  (   50804 B)  [帧头:EAEAEAEA  帧尾:AEAEAEAE]
[2026-04-02 17:10:40.135] 在线连接:   1  |  收到数据:    28588 B  |  解析完整帧:   1021 帧  |  发送帧:   1021 帧  (   53092 B)  [帧头:EAEAEAEA  帧尾:AEAEAEAE]
[2026-04-02 17:10:41.136] 在线连接:   1  |  收到数据:    28112 B  |  解析完整帧:   1004 帧  |  发送帧:   1004 帧  (   52208 B)  [帧头:EAEAEAEA  帧尾:AEAEAEAE]
[2026-04-02 17:10:42.136] 在线连接:   1  |  收到数据:    27860 B  |  解析完整帧:    995 帧  |  发送帧:    995 帧  (   51740 B)  [帧头:EAEAEAEA  帧尾:AEAEAEAE]
[2026-04-02 17:10:43.137] 在线连接:   1  |  收到数据:    27944 B  |  解析完整帧:    998 帧  |  发送帧:    998 帧  (   51896 B)  [帧头:EAEAEAEA  帧尾:AEAEAEAE]
[2026-04-02 17:10:44.137] 在线连接:   1  |  收到数据:    27944 B  |  解析完整帧:    998 帧  |  发送帧:    998 帧  (   51896 B)  [帧头:EAEAEAEA  帧尾:AEAEAEAE]
[2026-04-02 17:10:45.139] 在线连接:   1  |  收到数据:    28168 B  |  解析完整帧:   1006 帧  |  发送帧:   1006 帧  (   52312 B)  [帧头:EAEAEAEA  帧尾:AEAEAEAE]
[2026-04-02 17:10:46.144] 在线连接:   1  |  收到数据:    28084 B  |  解析完整帧:   1003 帧  |  发送帧:   1003 帧  (   52156 B)  [帧头:EAEAEAEA  帧尾:AEAEAEAE]
[2026-04-02 17:10:47.145] 在线连接:   1  |  收到数据:    27664 B  |  解析完整帧:    988 帧  |  发送帧:    988 帧  (   51376 B)  [帧头:EAEAEAEA  帧尾:AEAEAEAE]
[2026-04-02 17:10:48.145] 在线连接:   1  |  收到数据:    28560 B  |  解析完整帧:   1020 帧  |  发送帧:   1020 帧  (   53040 B)  [帧头:EAEAEAEA  帧尾:AEAEAEAE]
[2026-04-02 17:10:49.146] 在线连接:   1  |  收到数据:    27384 B  |  解析完整帧:    978 帧  |  发送帧:    978 帧  (   50856 B)  [帧头:EAEAEAEA  帧尾:AEAEAEAE]
[2026-04-02 17:10:50.147] 在线连接:   1  |  收到数据:    28308 B  |  解析完整帧:   1011 帧  |  发送帧:   1011 帧  (   52572 B)  [帧头:EAEAEAEA  帧尾:AEAEAEAE]
[2026-04-02 17:10:51.149] 在线连接:   1  |  收到数据:    28364 B  |  解析完整帧:   1013 帧  |  发送帧:   1013 帧  (   52676 B)  [帧头:EAEAEAEA  帧尾:AEAEAEAE]
[2026-04-02 17:10:52.151] 在线连接:   1  |  收到数据:    28084 B  |  解析完整帧:   1003 帧  |  发送帧:   1003 帧  (   52156 B)  [帧头:EAEAEAEA  帧尾:AEAEAEAE]
[2026-04-02 17:10:53.153] 在线连接:   1  |  收到数据:    27664 B  |  解析完整帧:    988 帧  |  发送帧:    988 帧  (   51376 B)  [帧头:EAEAEAEA  帧尾:AEAEAEAE]
[2026-04-02 17:10:54.154] 在线连接:   1  |  收到数据:    28112 B  |  解析完整帧:   1004 帧  |  发送帧:   1004 帧  (   52208 B)  [帧头:EAEAEAEA  帧尾:AEAEAEAE]
[2026-04-02 17:10:55.155] 在线连接:   1  |  收到数据:    28308 B  |  解析完整帧:   1011 帧  |  发送帧:   1011 帧  (   52572 B)  [帧头:EAEAEAEA  帧尾:AEAEAEAE]
[2026-04-02 17:10:56.156] 在线连接:   1  |  收到数据:    27832 B  |  解析完整帧:    994 帧  |  发送帧:    994 帧  (   51688 B)  [帧头:EAEAEAEA  帧尾:AEAEAEAE]
[2026-04-02 17:10:57.157] 在线连接:   1  |  收到数据:    28196 B  |  解析完整帧:   1007 帧  |  发送帧:   1007 帧  (   52364 B)  [帧头:EAEAEAEA  帧尾:AEAEAEAE]
[2026-04-02 17:10:58.158] 在线连接:   1  |  收到数据:    28056 B  |  解析完整帧:   1002 帧  |  发送帧:   1002 帧  (   52104 B)  [帧头:EAEAEAEA  帧尾:AEAEAEAE]
[2026-04-02 17:10:59.160] 在线连接:   1  |  收到数据:    27944 B  |  解析完整帧:    998 帧  |  发送帧:    998 帧  (   51896 B)  [帧头:EAEAEAEA  帧尾:AEAEAEAE]
[2026-04-02 17:11:00.160] 在线连接:   1  |  收到数据:    27860 B  |  解析完整帧:    995 帧  |  发送帧:    995 帧  (   51740 B)  [帧头:EAEAEAEA  帧尾:AEAEAEAE]
[2026-04-02 17:11:01.161] 在线连接:   1  |  收到数据:    28140 B  |  解析完整帧:   1005 帧  |  发送帧:   1005 帧  (   52260 B)  [帧头:EAEAEAEA  帧尾:AEAEAEAE]
[2026-04-02 17:11:02.161] 在线连接:   1  |  收到数据:    28084 B  |  解析完整帧:   1003 帧  |  发送帧:   1003 帧  (   52156 B)  [帧头:EAEAEAEA  帧尾:AEAEAEAE]
[2026-04-02 17:11:03.162] 在线连接:   1  |  收到数据:    28084 B  |  解析完整帧:   1003 帧  |  发送帧:   1001 帧  (   52052 B)  [帧头:EAEAEAEA  帧尾:AEAEAEAE]
[2026-04-02 17:11:04.163] 在线连接:   1  |  收到数据:    27412 B  |  解析完整帧:    979 帧  |  发送帧:    981 帧  (   51012 B)  [帧头:EAEAEAEA  帧尾:AEAEAEAE]
[2026-04-02 17:11:05.164] 在线连接:   1  |  收到数据:    28336 B  |  解析完整帧:   1012 帧  |  发送帧:   1012 帧  (   52624 B)  [帧头:EAEAEAEA  帧尾:AEAEAEAE]
[2026-04-02 17:11:06.164] 在线连接:   1  |  收到数据:    28028 B  |  解析完整帧:   1001 帧  |  发送帧:   1001 帧  (   52052 B)  [帧头:EAEAEAEA  帧尾:AEAEAEAE]
[2026-04-02 17:11:07.165] 在线连接:   1  |  收到数据:    28140 B  |  解析完整帧:   1005 帧  |  发送帧:   1005 帧  (   52260 B)  [帧头:EAEAEAEA  帧尾:AEAEAEAE]
[2026-04-02 17:11:08.166] 在线连接:   1  |  收到数据:    27664 B  |  解析完整帧:    988 帧  |  发送帧:    988 帧  (   51376 B)  [帧头:EAEAEAEA  帧尾:AEAEAEAE]
[2026-04-02 17:11:09.167] 在线连接:   1  |  收到数据:    28504 B  |  解析完整帧:   1018 帧  |  发送帧:   1018 帧  (   52936 B)  [帧头:EAEAEAEA  帧尾:AEAEAEAE]
[2026-04-02 17:11:10.167] 在线连接:   1  |  收到数据:    28000 B  |  解析完整帧:   1000 帧  |  发送帧:   1000 帧  (   52000 B)  [帧头:EAEAEAEA  帧尾:AEAEAEAE]
[2026-04-02 17:11:11.168] 在线连接:   1  |  收到数据:    27860 B  |  解析完整帧:    995 帧  |  发送帧:    995 帧  (   51740 B)  [帧头:EAEAEAEA  帧尾:AEAEAEAE]
[2026-04-02 17:11:12.169] 在线连接:   1  |  收到数据:    27636 B  |  解析完整帧:    987 帧  |  发送帧:    987 帧  (   51324 B)  [帧头:EAEAEAEA  帧尾:AEAEAEAE]
[2026-04-02 17:11:13.170] 在线连接:   1  |  收到数据:    28196 B  |  解析完整帧:   1007 帧  |  发送帧:   1007 帧  (   52364 B)  [帧头:EAEAEAEA  帧尾:AEAEAEAE]
[2026-04-02 17:11:14.171] 在线连接:   1  |  收到数据:    28252 B  |  解析完整帧:   1009 帧  |  发送帧:   1009 帧  (   52468 B)  [帧头:EAEAEAEA  帧尾:AEAEAEAE]
[2026-04-02 17:11:15.171] 在线连接:   1  |  收到数据:    28028 B  |  解析完整帧:   1001 帧  |  发送帧:   1001 帧  (   52052 B)  [帧头:EAEAEAEA  帧尾:AEAEAEAE]
[2026-04-02 17:11:16.172] 在线连接:   1  |  收到数据:    28168 B  |  解析完整帧:   1006 帧  |  发送帧:   1006 帧  (   52312 B)  [帧头:EAEAEAEA  帧尾:AEAEAEAE]
[2026-04-02 17:11:17.172] 在线连接:   1  |  收到数据:    27944 B  |  解析完整帧:    998 帧  |  发送帧:    998 帧  (   51896 B)  [帧头:EAEAEAEA  帧尾:AEAEAEAE]
[2026-04-02 17:11:18.175] 在线连接:   1  |  收到数据:    27916 B  |  解析完整帧:    997 帧  |  发送帧:    997 帧  (   51844 B)  [帧头:EAEAEAEA  帧尾:AEAEAEAE]
[2026-04-02 17:11:19.187] 在线连接:   1  |  收到数据:    28588 B  |  解析完整帧:   1021 帧  |  发送帧:   1021 帧  (   53092 B)  [帧头:EAEAEAEA  帧尾:AEAEAEAE]
[2026-04-02 17:11:20.187] 在线连接:   1  |  收到数据:    27888 B  |  解析完整帧:    996 帧  |  发送帧:    996 帧  (   51792 B)  [帧头:EAEAEAEA  帧尾:AEAEAEAE]
[2026-04-02 17:11:21.188] 在线连接:   1  |  收到数据:    28168 B  |  解析完整帧:   1006 帧  |  发送帧:   1006 帧  (   52312 B)  [帧头:EAEAEAEA  帧尾:AEAEAEAE]
[2026-04-02 17:11:22.189] 在线连接:   1  |  收到数据:    27860 B  |  解析完整帧:    995 帧  |  发送帧:    995 帧  (   51740 B)  [帧头:EAEAEAEA  帧尾:AEAEAEAE]
[2026-04-02 17:11:23.190] 在线连接:   1  |  收到数据:    28168 B  |  解析完整帧:   1006 帧  |  发送帧:   1006 帧  (   52312 B)  [帧头:EAEAEAEA  帧尾:AEAEAEAE]
[2026-04-02 17:11:24.191] 在线连接:   1  |  收到数据:    27972 B  |  解析完整帧:    999 帧  |  发送帧:    999 帧  (   51948 B)  [帧头:EAEAEAEA  帧尾:AEAEAEAE]
[2026-04-02 17:11:25.192] 在线连接:   1  |  收到数据:    27944 B  |  解析完整帧:    998 帧  |  发送帧:    998 帧  (   51896 B)  [帧头:EAEAEAEA  帧尾:AEAEAEAE]
[2026-04-02 17:11:26.193] 在线连接:   1  |  收到数据:    28112 B  |  解析完整帧:   1004 帧  |  发送帧:   1004 帧  (   52208 B)  [帧头:EAEAEAEA  帧尾:AEAEAEAE]
[2026-04-02 17:11:27.194] 在线连接:   1  |  收到数据:    27972 B  |  解析完整帧:    999 帧  |  发送帧:    999 帧  (   51948 B)  [帧头:EAEAEAEA  帧尾:AEAEAEAE]
[2026-04-02 17:11:28.198] 在线连接:   1  |  收到数据:    28056 B  |  解析完整帧:   1002 帧  |  发送帧:    998 帧  (   51896 B)  [帧头:EAEAEAEA  帧尾:AEAEAEAE]
[2026-04-02 17:11:29.199] 在线连接:   1  |  收到数据:    28084 B  |  解析完整帧:   1003 帧  |  发送帧:   1007 帧  (   52364 B)  [帧头:EAEAEAEA  帧尾:AEAEAEAE]
[2026-04-02 17:11:30.200] 在线连接:   1  |  收到数据:    28084 B  |  解析完整帧:   1003 帧  |  发送帧:   1003 帧  (   52156 B)  [帧头:EAEAEAEA  帧尾:AEAEAEAE]
[2026-04-02 17:11:31.201] 在线连接:   1  |  收到数据:    28028 B  |  解析完整帧:   1001 帧  |  发送帧:   1001 帧  (   52052 B)  [帧头:EAEAEAEA  帧尾:AEAEAEAE]
[2026-04-02 17:11:32.201] 在线连接:   1  |  收到数据:    27972 B  |  解析完整帧:    999 帧  |  发送帧:    999 帧  (   51948 B)  [帧头:EAEAEAEA  帧尾:AEAEAEAE]
[2026-04-02 17:11:33.203] 在线连接:   1  |  收到数据:    27888 B  |  解析完整帧:    996 帧  |  发送帧:    996 帧  (   51792 B)  [帧头:EAEAEAEA  帧尾:AEAEAEAE]
[2026-04-02 17:11:34.214] 在线连接:   1  |  收到数据:    28532 B  |  解析完整帧:   1019 帧  |  发送帧:   1019 帧  (   52988 B)  [帧头:EAEAEAEA  帧尾:AEAEAEAE]
[2026-04-02 17:11:35.215] 在线连接:   1  |  收到数据:    27664 B  |  解析完整帧:    988 帧  |  发送帧:    988 帧  (   51376 B)  [帧头:EAEAEAEA  帧尾:AEAEAEAE]
[2026-04-02 17:11:36.216] 在线连接:   1  |  收到数据:    28364 B  |  解析完整帧:   1013 帧  |  发送帧:   1013 帧  (   52676 B)  [帧头:EAEAEAEA  帧尾:AEAEAEAE]
[2026-04-02 17:11:37.217] 在线连接:   1  |  收到数据:    27832 B  |  解析完整帧:    994 帧  |  发送帧:    994 帧  (   51688 B)  [帧头:EAEAEAEA  帧尾:AEAEAEAE]
[2026-04-02 17:11:38.218] 在线连接:   1  |  收到数据:    28084 B  |  解析完整帧:   1003 帧  |  发送帧:   1003 帧  (   52156 B)  [帧头:EAEAEAEA  帧尾:AEAEAEAE]
[2026-04-02 17:11:39.219] 在线连接:   1  |  收到数据:    28168 B  |  解析完整帧:   1006 帧  |  发送帧:   1006 帧  (   52312 B)  [帧头:EAEAEAEA  帧尾:AEAEAEAE]
[2026-04-02 17:11:40.219] 在线连接:   1  |  收到数据:    28000 B  |  解析完整帧:   1000 帧  |  发送帧:   1000 帧  (   52000 B)  [帧头:EAEAEAEA  帧尾:AEAEAEAE]
[2026-04-02 17:11:41.226] 在线连接:   1  |  收到数据:    27748 B  |  解析完整帧:    991 帧  |  发送帧:    991 帧  (   51532 B)  [帧头:EAEAEAEA  帧尾:AEAEAEAE]
[2026-04-02 17:11:42.230] 在线连接:   1  |  收到数据:    28476 B  |  解析完整帧:   1017 帧  |  发送帧:   1017 帧  (   52884 B)  [帧头:EAEAEAEA  帧尾:AEAEAEAE]
[2026-04-02 17:11:43.230] 在线连接:   1  |  收到数据:    28056 B  |  解析完整帧:   1002 帧  |  发送帧:   1002 帧  (   52104 B)  [帧头:EAEAEAEA  帧尾:AEAEAEAE]
[2026-04-02 17:11:44.231] 在线连接:   1  |  收到数据:    28000 B  |  解析完整帧:   1000 帧  |  发送帧:   1000 帧  (   52000 B)  [帧头:EAEAEAEA  帧尾:AEAEAEAE]
[2026-04-02 17:11:45.232] 在线连接:   1  |  收到数据:    27832 B  |  解析完整帧:    994 帧  |  发送帧:    994 帧  (   51688 B)  [帧头:EAEAEAEA  帧尾:AEAEAEAE]
[2026-04-02 17:11:46.232] 在线连接:   1  |  收到数据:    28252 B  |  解析完整帧:   1009 帧  |  发送帧:   1009 帧  (   52468 B)  [帧头:EAEAEAEA  帧尾:AEAEAEAE]
[2026-04-02 17:11:47.233] 在线连接:   1  |  收到数据:    27972 B  |  解析完整帧:    999 帧  |  发送帧:    999 帧  (   51948 B)  [帧头:EAEAEAEA  帧尾:AEAEAEAE]
[2026-04-02 17:11:48.234] 在线连接:   1  |  收到数据:    27972 B  |  解析完整帧:    999 帧  |  发送帧:    999 帧  (   51948 B)  [帧头:EAEAEAEA  帧尾:AEAEAEAE]
[2026-04-02 17:11:49.236] 在线连接:   1  |  收到数据:    28084 B  |  解析完整帧:   1003 帧  |  发送帧:   1003 帧  (   52156 B)  [帧头:EAEAEAEA  帧尾:AEAEAEAE]
[2026-04-02 17:11:50.237] 在线连接:   1  |  收到数据:    28028 B  |  解析完整帧:   1001 帧  |  发送帧:   1001 帧  (   52052 B)  [帧头:EAEAEAEA  帧尾:AEAEAEAE]
[2026-04-02 17:11:51.248] 在线连接:   1  |  收到数据:    28336 B  |  解析完整帧:   1012 帧  |  发送帧:   1012 帧  (   52624 B)  [帧头:EAEAEAEA  帧尾:AEAEAEAE]
[2026-04-02 17:11:52.261] 在线连接:   1  |  收到数据:    28336 B  |  解析完整帧:   1012 帧  |  发送帧:   1012 帧  (   52624 B)  [帧头:EAEAEAEA  帧尾:AEAEAEAE]
[2026-04-02 17:11:53.263] 在线连接:   1  |  收到数据:    27832 B  |  解析完整帧:    994 帧  |  发送帧:    994 帧  (   51688 B)  [帧头:EAEAEAEA  帧尾:AEAEAEAE]
[2026-04-02 17:11:54.276] 在线连接:   1  |  收到数据:    28336 B  |  解析完整帧:   1012 帧  |  发送帧:   1012 帧  (   52624 B)  [帧头:EAEAEAEA  帧尾:AEAEAEAE]
[2026-04-02 17:11:55.286] 在线连接:   1  |  收到数据:    28560 B  |  解析完整帧:   1020 帧  |  发送帧:   1020 帧  (   53040 B)  [帧头:EAEAEAEA  帧尾:AEAEAEAE]
[2026-04-02 17:11:56.287] 在线连接:   1  |  收到数据:    27860 B  |  解析完整帧:    995 帧  |  发送帧:    995 帧  (   51740 B)  [帧头:EAEAEAEA  帧尾:AEAEAEAE]
[2026-04-02 17:11:57.288] 在线连接:   1  |  收到数据:    28280 B  |  解析完整帧:   1010 帧  |  发送帧:   1010 帧  (   52520 B)  [帧头:EAEAEAEA  帧尾:AEAEAEAE]
[2026-04-02 17:11:58.294] 在线连接:   1  |  收到数据:    27972 B  |  解析完整帧:    999 帧  |  发送帧:    999 帧  (   51948 B)  [帧头:EAEAEAEA  帧尾:AEAEAEAE]
[2026-04-02 17:11:59.303] 在线连接:   1  |  收到数据:    28140 B  |  解析完整帧:   1005 帧  |  发送帧:   1005 帧  (   52260 B)  [帧头:EAEAEAEA  帧尾:AEAEAEAE]
[2026-04-02 17:12:00.305] 在线连接:   1  |  收到数据:    28308 B  |  解析完整帧:   1011 帧  |  发送帧:   1011 帧  (   52572 B)  [帧头:EAEAEAEA  帧尾:AEAEAEAE]
[2026-04-02 17:12:01.307] 在线连接:   1  |  收到数据:    27916 B  |  解析完整帧:    997 帧  |  发送帧:    997 帧  (   51844 B)  [帧头:EAEAEAEA  帧尾:AEAEAEAE]
[2026-04-02 17:12:02.307] 在线连接:   1  |  收到数据:    28056 B  |  解析完整帧:   1002 帧  |  发送帧:   1002 帧  (   52104 B)  [帧头:EAEAEAEA  帧尾:AEAEAEAE]
[2026-04-02 17:12:03.308] 在线连接:   1  |  收到数据:    28056 B  |  解析完整帧:   1002 帧  |  发送帧:   1002 帧  (   52104 B)  [帧头:EAEAEAEA  帧尾:AEAEAEAE]
[2026-04-02 17:12:04.309] 在线连接:   1  |  收到数据:    27944 B  |  解析完整帧:    998 帧  |  发送帧:    998 帧  (   51896 B)  [帧头:EAEAEAEA  帧尾:AEAEAEAE]
[2026-04-02 17:12:05.309] 在线连接:   1  |  收到数据:    28112 B  |  解析完整帧:   1004 帧  |  发送帧:   1004 帧  (   52208 B)  [帧头:EAEAEAEA  帧尾:AEAEAEAE]
[2026-04-02 17:12:06.310] 在线连接:   1  |  收到数据:    28056 B  |  解析完整帧:   1002 帧  |  发送帧:    998 帧  (   51896 B)  [帧头:EAEAEAEA  帧尾:AEAEAEAE]
[2026-04-02 17:12:07.311] 在线连接:   1  |  收到数据:    27888 B  |  解析完整帧:    996 帧  |  发送帧:   1000 帧  (   52000 B)  [帧头:EAEAEAEA  帧尾:AEAEAEAE]
[2026-04-02 17:12:08.312] 在线连接:   1  |  收到数据:    28056 B  |  解析完整帧:   1002 帧  |  发送帧:   1002 帧  (   52104 B)  [帧头:EAEAEAEA  帧尾:AEAEAEAE]
[2026-04-02 17:12:09.312] 在线连接:   1  |  收到数据:    28084 B  |  解析完整帧:   1003 帧  |  发送帧:   1003 帧  (   52156 B)  [帧头:EAEAEAEA  帧尾:AEAEAEAE]
[2026-04-02 17:12:10.313] 在线连接:   1  |  收到数据:    28000 B  |  解析完整帧:   1000 帧  |  发送帧:   1000 帧  (   52000 B)  [帧头:EAEAEAEA  帧尾:AEAEAEAE]
[2026-04-02 17:12:11.314] 在线连接:   1  |  收到数据:    27972 B  |  解析完整帧:    999 帧  |  发送帧:    999 帧  (   51948 B)  [帧头:EAEAEAEA  帧尾:AEAEAEAE]
[2026-04-02 17:12:12.315] 在线连接:   1  |  收到数据:    27916 B  |  解析完整帧:    997 帧  |  发送帧:    997 帧  (   51844 B)  [帧头:EAEAEAEA  帧尾:AEAEAEAE]
[2026-04-02 17:12:13.316] 在线连接:   1  |  收到数据:    28112 B  |  解析完整帧:   1004 帧  |  发送帧:   1004 帧  (   52208 B)  [帧头:EAEAEAEA  帧尾:AEAEAEAE]
[2026-04-02 17:12:14.317] 在线连接:   1  |  收到数据:    28084 B  |  解析完整帧:   1003 帧  |  发送帧:   1003 帧  (   52156 B)  [帧头:EAEAEAEA  帧尾:AEAEAEAE]
[2026-04-02 17:12:15.317] 在线连接:   1  |  收到数据:    27720 B  |  解析完整帧:    990 帧  |  发送帧:    990 帧  (   51480 B)  [帧头:EAEAEAEA  帧尾:AEAEAEAE]
[2026-04-02 17:12:16.318] 在线连接:   1  |  收到数据:    28336 B  |  解析完整帧:   1012 帧  |  发送帧:   1010 帧  (   52520 B)  [帧头:EAEAEAEA  帧尾:AEAEAEAE]
[2026-04-02 17:12:17.319] 在线连接:   1  |  收到数据:    28028 B  |  解析完整帧:   1001 帧  |  发送帧:   1003 帧  (   52156 B)  [帧头:EAEAEAEA  帧尾:AEAEAEAE]
[2026-04-02 17:12:18.320] 在线连接:   1  |  收到数据:    28028 B  |  解析完整帧:   1001 帧  |  发送帧:   1001 帧  (   52052 B)  [帧头:EAEAEAEA  帧尾:AEAEAEAE]
[2026-04-02 17:12:19.320] 在线连接:   1  |  收到数据:    27972 B  |  解析完整帧:    999 帧  |  发送帧:    999 帧  (   51948 B)  [帧头:EAEAEAEA  帧尾:AEAEAEAE]
[2026-04-02 17:12:20.327] 在线连接:   1  |  收到数据:    28196 B  |  解析完整帧:   1007 帧  |  发送帧:   1007 帧  (   52364 B)  [帧头:EAEAEAEA  帧尾:AEAEAEAE]
[2026-04-02 17:12:21.328] 在线连接:   1  |  收到数据:    27972 B  |  解析完整帧:    999 帧  |  发送帧:    999 帧  (   51948 B)  [帧头:EAEAEAEA  帧尾:AEAEAEAE]
[2026-04-02 17:12:22.329] 在线连接:   1  |  收到数据:    28028 B  |  解析完整帧:   1001 帧  |  发送帧:   1001 帧  (   52052 B)  [帧头:EAEAEAEA  帧尾:AEAEAEAE]
[2026-04-02 17:12:23.329] 在线连接:   1  |  收到数据:    27804 B  |  解析完整帧:    993 帧  |  发送帧:    991 帧  (   51532 B)  [帧头:EAEAEAEA  帧尾:AEAEAEAE]
[2026-04-02 17:12:24.333] 在线连接:   1  |  收到数据:    28336 B  |  解析完整帧:   1012 帧  |  发送帧:   1014 帧  (   52728 B)  [帧头:EAEAEAEA  帧尾:AEAEAEAE]
[2026-04-02 17:12:25.347] 在线连接:   1  |  收到数据:    27944 B  |  解析完整帧:    998 帧  |  发送帧:    998 帧  (   51896 B)  [帧头:EAEAEAEA  帧尾:AEAEAEAE]
[2026-04-02 17:12:26.350] 在线连接:   1  |  收到数据:    28392 B  |  解析完整帧:   1014 帧  |  发送帧:   1014 帧  (   52728 B)  [帧头:EAEAEAEA  帧尾:AEAEAEAE]
[2026-04-02 17:12:27.351] 在线连接:   1  |  收到数据:    28252 B  |  解析完整帧:   1009 帧  |  发送帧:   1009 帧  (   52468 B)  [帧头:EAEAEAEA  帧尾:AEAEAEAE]
[2026-04-02 17:12:28.351] 在线连接:   1  |  收到数据:    28056 B  |  解析完整帧:   1002 帧  |  发送帧:    999 帧  (   51948 B)  [帧头:EAEAEAEA  帧尾:AEAEAEAE]
[2026-04-02 17:12:29.353] 在线连接:   1  |  收到数据:    27888 B  |  解析完整帧:    996 帧  |  发送帧:    999 帧  (   51948 B)  [帧头:EAEAEAEA  帧尾:AEAEAEAE]
[2026-04-02 17:12:30.354] 在线连接:   1  |  收到数据:    28168 B  |  解析完整帧:   1006 帧  |  发送帧:   1004 帧  (   52208 B)  [帧头:EAEAEAEA  帧尾:AEAEAEAE]
[2026-04-02 17:12:31.355] 在线连接:   1  |  收到数据:    27664 B  |  解析完整帧:    988 帧  |  发送帧:    990 帧  (   51480 B)  [帧头:EAEAEAEA  帧尾:AEAEAEAE]
[2026-04-02 17:12:32.355] 在线连接:   1  |  收到数据:    28392 B  |  解析完整帧:   1014 帧  |  发送帧:   1014 帧  (   52728 B)  [帧头:EAEAEAEA  帧尾:AEAEAEAE]
[2026-04-02 17:12:33.356] 在线连接:   1  |  收到数据:    27972 B  |  解析完整帧:    999 帧  |  发送帧:    999 帧  (   51948 B)  [帧头:EAEAEAEA  帧尾:AEAEAEAE]
[2026-04-02 17:12:34.357] 在线连接:   1  |  收到数据:    27832 B  |  解析完整帧:    994 帧  |  发送帧:    994 帧  (   51688 B)  [帧头:EAEAEAEA  帧尾:AEAEAEAE]
[2026-04-02 17:12:35.357] 在线连接:   1  |  收到数据:    28168 B  |  解析完整帧:   1006 帧  |  发送帧:   1006 帧  (   52312 B)  [帧头:EAEAEAEA  帧尾:AEAEAEAE]
[2026-04-02 17:12:36.358] 在线连接:   1  |  收到数据:    27636 B  |  解析完整帧:    987 帧  |  发送帧:    987 帧  (   51324 B)  [帧头:EAEAEAEA  帧尾:AEAEAEAE]
[2026-04-02 17:12:37.359] 在线连接:   1  |  收到数据:    28364 B  |  解析完整帧:   1013 帧  |  发送帧:   1013 帧  (   52676 B)  [帧头:EAEAEAEA  帧尾:AEAEAEAE]
[2026-04-02 17:12:38.359] 在线连接:   1  |  收到数据:    27804 B  |  解析完整帧:    993 帧  |  发送帧:    993 帧  (   51636 B)  [帧头:EAEAEAEA  帧尾:AEAEAEAE]
[2026-04-02 17:12:39.360] 在线连接:   1  |  收到数据:    28252 B  |  解析完整帧:   1009 帧  |  发送帧:   1009 帧  (   52468 B)  [帧头:EAEAEAEA  帧尾:AEAEAEAE]
[2026-04-02 17:12:40.361] 在线连接:   1  |  收到数据:    27972 B  |  解析完整帧:    999 帧  |  发送帧:    999 帧  (   51948 B)  [帧头:EAEAEAEA  帧尾:AEAEAEAE]
[2026-04-02 17:12:41.362] 在线连接:   1  |  收到数据:    27972 B  |  解析完整帧:    999 帧  |  发送帧:    999 帧  (   51948 B)  [帧头:EAEAEAEA  帧尾:AEAEAEAE]
[2026-04-02 17:12:42.362] 在线连接:   1  |  收到数据:    27832 B  |  解析完整帧:    994 帧  |  发送帧:    994 帧  (   51688 B)  [帧头:EAEAEAEA  帧尾:AEAEAEAE]
[2026-04-02 17:12:43.363] 在线连接:   1  |  收到数据:    28336 B  |  解析完整帧:   1012 帧  |  发送帧:   1012 帧  (   52624 B)  [帧头:EAEAEAEA  帧尾:AEAEAEAE]
[2026-04-02 17:12:44.364] 在线连接:   1  |  收到数据:    27384 B  |  解析完整帧:    978 帧  |  发送帧:    978 帧  (   50856 B)  [帧头:EAEAEAEA  帧尾:AEAEAEAE]
[2026-04-02 17:12:45.364] 在线连接:   1  |  收到数据:    28196 B  |  解析完整帧:   1007 帧  |  发送帧:   1007 帧  (   52364 B)  [帧头:EAEAEAEA  帧尾:AEAEAEAE]
[2026-04-02 17:12:46.365] 在线连接:   1  |  收到数据:    28140 B  |  解析完整帧:   1005 帧  |  发送帧:   1005 帧  (   52260 B)  [帧头:EAEAEAEA  帧尾:AEAEAEAE]
[2026-04-02 17:12:47.365] 在线连接:   1  |  收到数据:    27860 B  |  解析完整帧:    995 帧  |  发送帧:    995 帧  (   51740 B)  [帧头:EAEAEAEA  帧尾:AEAEAEAE]
[2026-04-02 17:12:48.366] 在线连接:   1  |  收到数据:    28476 B  |  解析完整帧:   1017 帧  |  发送帧:   1017 帧  (   52884 B)  [帧头:EAEAEAEA  帧尾:AEAEAEAE]
[2026-04-02 17:12:49.367] 在线连接:   1  |  收到数据:    27720 B  |  解析完整帧:    990 帧  |  发送帧:    990 帧  (   51480 B)  [帧头:EAEAEAEA  帧尾:AEAEAEAE]
[2026-04-02 17:12:50.368] 在线连接:   1  |  收到数据:    27972 B  |  解析完整帧:    999 帧  |  发送帧:    999 帧  (   51948 B)  [帧头:EAEAEAEA  帧尾:AEAEAEAE]
[2026-04-02 17:12:51.369] 在线连接:   1  |  收到数据:    28252 B  |  解析完整帧:   1009 帧  |  发送帧:   1009 帧  (   52468 B)  [帧头:EAEAEAEA  帧尾:AEAEAEAE]
[2026-04-02 17:12:52.370] 在线连接:   1  |  收到数据:    28000 B  |  解析完整帧:   1000 帧  |  发送帧:   1000 帧  (   52000 B)  [帧头:EAEAEAEA  帧尾:AEAEAEAE]
[2026-04-02 17:12:53.381] 在线连接:   1  |  收到数据:    28308 B  |  解析完整帧:   1011 帧  |  发送帧:   1011 帧  (   52572 B)  [帧头:EAEAEAEA  帧尾:AEAEAEAE]
[2026-04-02 17:12:54.402] 在线连接:   1  |  收到数据:    28672 B  |  解析完整帧:   1024 帧  |  发送帧:   1024 帧  (   53248 B)  [帧头:EAEAEAEA  帧尾:AEAEAEAE]
[2026-04-02 17:12:55.403] 在线连接:   1  |  收到数据:    27580 B  |  解析完整帧:    985 帧  |  发送帧:    985 帧  (   51220 B)  [帧头:EAEAEAEA  帧尾:AEAEAEAE]
[2026-04-02 17:12:56.404] 在线连接:   1  |  收到数据:    28224 B  |  解析完整帧:   1008 帧  |  发送帧:   1008 帧  (   52416 B)  [帧头:EAEAEAEA  帧尾:AEAEAEAE]
[2026-04-02 17:12:57.405] 在线连接:   1  |  收到数据:    28364 B  |  解析完整帧:   1013 帧  |  发送帧:   1013 帧  (   52676 B)  [帧头:EAEAEAEA  帧尾:AEAEAEAE]
[2026-04-02 17:12:58.405] 在线连接:   1  |  收到数据:    27972 B  |  解析完整帧:    999 帧  |  发送帧:    999 帧  (   51948 B)  [帧头:EAEAEAEA  帧尾:AEAEAEAE]
[2026-04-02 17:12:59.406] 在线连接:   1  |  收到数据:    28056 B  |  解析完整帧:   1002 帧  |  发送帧:    998 帧  (   51896 B)  [帧头:EAEAEAEA  帧尾:AEAEAEAE]
[2026-04-02 17:13:00.407] 在线连接:   1  |  收到数据:    27384 B  |  解析完整帧:    978 帧  |  发送帧:    982 帧  (   51064 B)  [帧头:EAEAEAEA  帧尾:AEAEAEAE]
[2026-04-02 17:13:01.407] 在线连接:   1  |  收到数据:    28588 B  |  解析完整帧:   1021 帧  |  发送帧:   1021 帧  (   53092 B)  [帧头:EAEAEAEA  帧尾:AEAEAEAE]
[2026-04-02 17:13:02.408] 在线连接:   1  |  收到数据:    27468 B  |  解析完整帧:    981 帧  |  发送帧:    981 帧  (   51012 B)  [帧头:EAEAEAEA  帧尾:AEAEAEAE]
[2026-04-02 17:13:03.409] 在线连接:   1  |  收到数据:    28616 B  |  解析完整帧:   1022 帧  |  发送帧:   1022 帧  (   53144 B)  [帧头:EAEAEAEA  帧尾:AEAEAEAE]
[2026-04-02 17:13:04.409] 在线连接:   1  |  收到数据:    27916 B  |  解析完整帧:    997 帧  |  发送帧:    997 帧  (   51844 B)  [帧头:EAEAEAEA  帧尾:AEAEAEAE]
[2026-04-02 17:13:05.410] 在线连接:   1  |  收到数据:    28028 B  |  解析完整帧:   1001 帧  |  发送帧:   1001 帧  (   52052 B)  [帧头:EAEAEAEA  帧尾:AEAEAEAE]
[2026-04-02 17:13:06.411] 在线连接:   1  |  收到数据:    28140 B  |  解析完整帧:   1005 帧  |  发送帧:   1005 帧  (   52260 B)  [帧头:EAEAEAEA  帧尾:AEAEAEAE]
[2026-04-02 17:13:07.412] 在线连接:   1  |  收到数据:    28000 B  |  解析完整帧:   1000 帧  |  发送帧:    996 帧  (   51792 B)  [帧头:EAEAEAEA  帧尾:AEAEAEAE]
[2026-04-02 17:13:08.412] 在线连接:   1  |  收到数据:    28056 B  |  解析完整帧:   1002 帧  |  发送帧:   1006 帧  (   52312 B)  [帧头:EAEAEAEA  帧尾:AEAEAEAE]
[2026-04-02 17:13:09.413] 在线连接:   1  |  收到数据:    27972 B  |  解析完整帧:    999 帧  |  发送帧:    999 帧  (   51948 B)  [帧头:EAEAEAEA  帧尾:AEAEAEAE]
[2026-04-02 17:13:10.414] 在线连接:   1  |  收到数据:    27944 B  |  解析完整帧:    998 帧  |  发送帧:    998 帧  (   51896 B)  [帧头:EAEAEAEA  帧尾:AEAEAEAE]
[2026-04-02 17:13:11.415] 在线连接:   1  |  收到数据:    28000 B  |  解析完整帧:   1000 帧  |  发送帧:   1000 帧  (   52000 B)  [帧头:EAEAEAEA  帧尾:AEAEAEAE]
[2026-04-02 17:13:12.416] 在线连接:   1  |  收到数据:    28196 B  |  解析完整帧:   1007 帧  |  发送帧:   1007 帧  (   52364 B)  [帧头:EAEAEAEA  帧尾:AEAEAEAE]
[2026-04-02 17:13:13.424] 在线连接:   1  |  收到数据:    28084 B  |  解析完整帧:   1003 帧  |  发送帧:   1003 帧  (   52156 B)  [帧头:EAEAEAEA  帧尾:AEAEAEAE]
[2026-04-02 17:13:14.428] 在线连接:   1  |  收到数据:    27580 B  |  解析完整帧:    985 帧  |  发送帧:    985 帧  (   51220 B)  [帧头:EAEAEAEA  帧尾:AEAEAEAE]
[2026-04-02 17:13:15.428] 在线连接:   1  |  收到数据:    28364 B  |  解析完整帧:   1013 帧  |  发送帧:   1013 帧  (   52676 B)  [帧头:EAEAEAEA  帧尾:AEAEAEAE]
[2026-04-02 17:13:16.429] 在线连接:   1  |  收到数据:    28196 B  |  解析完整帧:   1007 帧  |  发送帧:   1007 帧  (   52364 B)  [帧头:EAEAEAEA  帧尾:AEAEAEAE]
[2026-04-02 17:13:17.430] 在线连接:   1  |  收到数据:    28000 B  |  解析完整帧:   1000 帧  |  发送帧:   1000 帧  (   52000 B)  [帧头:EAEAEAEA  帧尾:AEAEAEAE]
[2026-04-02 17:13:18.432] 在线连接:   1  |  收到数据:    28224 B  |  解析完整帧:   1008 帧  |  发送帧:   1008 帧  (   52416 B)  [帧头:EAEAEAEA  帧尾:AEAEAEAE]
[2026-04-02 17:13:19.434] 在线连接:   1  |  收到数据:    27832 B  |  解析完整帧:    994 帧  |  发送帧:    994 帧  (   51688 B)  [帧头:EAEAEAEA  帧尾:AEAEAEAE]
[2026-04-02 17:13:20.434] 在线连接:   1  |  收到数据:    28252 B  |  解析完整帧:   1009 帧  |  发送帧:   1009 帧  (   52468 B)  [帧头:EAEAEAEA  帧尾:AEAEAEAE]
[2026-04-02 17:13:21.435] 在线连接:   1  |  收到数据:    28028 B  |  解析完整帧:   1001 帧  |  发送帧:   1001 帧  (   52052 B)  [帧头:EAEAEAEA  帧尾:AEAEAEAE]
[2026-04-02 17:13:22.436] 在线连接:   1  |  收到数据:    27972 B  |  解析完整帧:    999 帧  |  发送帧:    999 帧  (   51948 B)  [帧头:EAEAEAEA  帧尾:AEAEAEAE]
[2026-04-02 17:13:23.436] 在线连接:   1  |  收到数据:    27916 B  |  解析完整帧:    997 帧  |  发送帧:    997 帧  (   51844 B)  [帧头:EAEAEAEA  帧尾:AEAEAEAE]
[2026-04-02 17:13:24.438] 在线连接:   1  |  收到数据:    27916 B  |  解析完整帧:    997 帧  |  发送帧:    997 帧  (   51844 B)  [帧头:EAEAEAEA  帧尾:AEAEAEAE]
[2026-04-02 17:13:25.444] 在线连接:   1  |  收到数据:    28476 B  |  解析完整帧:   1017 帧  |  发送帧:   1015 帧  (   52780 B)  [帧头:EAEAEAEA  帧尾:AEAEAEAE]
[2026-04-02 17:13:26.445] 在线连接:   1  |  收到数据:    28000 B  |  解析完整帧:   1000 帧  |  发送帧:   1002 帧  (   52104 B)  [帧头:EAEAEAEA  帧尾:AEAEAEAE]
[2026-04-02 17:13:27.446] 在线连接:   1  |  收到数据:    27804 B  |  解析完整帧:    993 帧  |  发送帧:    993 帧  (   51636 B)  [帧头:EAEAEAEA  帧尾:AEAEAEAE]
[2026-04-02 17:13:28.455] 在线连接:   1  |  收到数据:    28364 B  |  解析完整帧:   1013 帧  |  发送帧:   1013 帧  (   52676 B)  [帧头:EAEAEAEA  帧尾:AEAEAEAE]
[2026-04-02 17:13:29.456] 在线连接:   1  |  收到数据:    28028 B  |  解析完整帧:   1001 帧  |  发送帧:   1001 帧  (   52052 B)  [帧头:EAEAEAEA  帧尾:AEAEAEAE]
[2026-04-02 17:13:30.456] 在线连接:   1  |  收到数据:    27888 B  |  解析完整帧:    996 帧  |  发送帧:    996 帧  (   51792 B)  [帧头:EAEAEAEA  帧尾:AEAEAEAE]
[2026-04-02 17:13:31.457] 在线连接:   1  |  收到数据:    27972 B  |  解析完整帧:    999 帧  |  发送帧:    999 帧  (   51948 B)  [帧头:EAEAEAEA  帧尾:AEAEAEAE]
[2026-04-02 17:13:32.458] 在线连接:   1  |  收到数据:    28252 B  |  解析完整帧:   1009 帧  |  发送帧:   1009 帧  (   52468 B)  [帧头:EAEAEAEA  帧尾:AEAEAEAE]
[2026-04-02 17:13:33.459] 在线连接:   1  |  收到数据:    27776 B  |  解析完整帧:    992 帧  |  发送帧:    992 帧  (   51584 B)  [帧头:EAEAEAEA  帧尾:AEAEAEAE]
[2026-04-02 17:13:34.460] 在线连接:   1  |  收到数据:    28028 B  |  解析完整帧:   1001 帧  |  发送帧:   1001 帧  (   52052 B)  [帧头:EAEAEAEA  帧尾:AEAEAEAE]
[2026-04-02 17:13:35.462] 在线连接:   1  |  收到数据:    28224 B  |  解析完整帧:   1008 帧  |  发送帧:   1008 帧  (   52416 B)  [帧头:EAEAEAEA  帧尾:AEAEAEAE]
[2026-04-02 17:13:36.463] 在线连接:   1  |  收到数据:    27328 B  |  解析完整帧:    976 帧  |  发送帧:    976 帧  (   50752 B)  [帧头:EAEAEAEA  帧尾:AEAEAEAE]
[2026-04-02 17:13:37.463] 在线连接:   1  |  收到数据:    28308 B  |  解析完整帧:   1011 帧  |  发送帧:   1011 帧  (   52572 B)  [帧头:EAEAEAEA  帧尾:AEAEAEAE]
[2026-04-02 17:13:38.464] 在线连接:   1  |  收到数据:    28196 B  |  解析完整帧:   1007 帧  |  发送帧:   1007 帧  (   52364 B)  [帧头:EAEAEAEA  帧尾:AEAEAEAE]
[2026-04-02 17:13:39.465] 在线连接:   1  |  收到数据:    28252 B  |  解析完整帧:   1009 帧  |  发送帧:   1009 帧  (   52468 B)  [帧头:EAEAEAEA  帧尾:AEAEAEAE]
[2026-04-02 17:13:40.465] 在线连接:   1  |  收到数据:    28084 B  |  解析完整帧:   1003 帧  |  发送帧:   1003 帧  (   52156 B)  [帧头:EAEAEAEA  帧尾:AEAEAEAE]
[2026-04-02 17:13:41.466] 在线连接:   1  |  收到数据:    27776 B  |  解析完整帧:    992 帧  |  发送帧:    992 帧  (   51584 B)  [帧头:EAEAEAEA  帧尾:AEAEAEAE]
[2026-04-02 17:13:42.467] 在线连接:   1  |  收到数据:    28000 B  |  解析完整帧:   1000 帧  |  发送帧:   1000 帧  (   52000 B)  [帧头:EAEAEAEA  帧尾:AEAEAEAE]
[2026-04-02 17:13:43.468] 在线连接:   1  |  收到数据:    27860 B  |  解析完整帧:    995 帧  |  发送帧:    995 帧  (   51740 B)  [帧头:EAEAEAEA  帧尾:AEAEAEAE]
[2026-04-02 17:13:44.469] 在线连接:   1  |  收到数据:    28448 B  |  解析完整帧:   1016 帧  |  发送帧:   1016 帧  (   52832 B)  [帧头:EAEAEAEA  帧尾:AEAEAEAE]
[2026-04-02 17:13:45.469] 在线连接:   1  |  收到数据:    28028 B  |  解析完整帧:   1001 帧  |  发送帧:    997 帧  (   51844 B)  [帧头:EAEAEAEA  帧尾:AEAEAEAE]
[2026-04-02 17:13:46.470] 在线连接:   1  |  收到数据:    27860 B  |  解析完整帧:    995 帧  |  发送帧:    999 帧  (   51948 B)  [帧头:EAEAEAEA  帧尾:AEAEAEAE]
[2026-04-02 17:13:47.471] 在线连接:   1  |  收到数据:    28084 B  |  解析完整帧:   1003 帧  |  发送帧:   1003 帧  (   52156 B)  [帧头:EAEAEAEA  帧尾:AEAEAEAE]
[2026-04-02 17:13:48.471] 在线连接:   1  |  收到数据:    28000 B  |  解析完整帧:   1000 帧  |  发送帧:   1000 帧  (   52000 B)  [帧头:EAEAEAEA  帧尾:AEAEAEAE]
[2026-04-02 17:13:49.472] 在线连接:   1  |  收到数据:    28084 B  |  解析完整帧:   1003 帧  |  发送帧:   1003 帧  (   52156 B)  [帧头:EAEAEAEA  帧尾:AEAEAEAE]
[2026-04-02 17:13:50.473] 在线连接:   1  |  收到数据:    28000 B  |  解析完整帧:   1000 帧  |  发送帧:   1000 帧  (   52000 B)  [帧头:EAEAEAEA  帧尾:AEAEAEAE]
[2026-04-02 17:13:51.474] 在线连接:   1  |  收到数据:    28056 B  |  解析完整帧:   1002 帧  |  发送帧:   1002 帧  (   52104 B)  [帧头:EAEAEAEA  帧尾:AEAEAEAE]
[2026-04-02 17:13:52.474] 在线连接:   1  |  收到数据:    27972 B  |  解析完整帧:    999 帧  |  发送帧:    999 帧  (   51948 B)  [帧头:EAEAEAEA  帧尾:AEAEAEAE]
[2026-04-02 17:13:53.475] 在线连接:   1  |  收到数据:    27356 B  |  解析完整帧:    977 帧  |  发送帧:    977 帧  (   50804 B)  [帧头:EAEAEAEA  帧尾:AEAEAEAE]
[2026-04-02 17:13:54.476] 在线连接:   1  |  收到数据:    28756 B  |  解析完整帧:   1027 帧  |  发送帧:   1027 帧  (   53404 B)  [帧头:EAEAEAEA  帧尾:AEAEAEAE]
[2026-04-02 17:13:55.477] 在线连接:   1  |  收到数据:    27720 B  |  解析完整帧:    990 帧  |  发送帧:    990 帧  (   51480 B)  [帧头:EAEAEAEA  帧尾:AEAEAEAE]
[2026-04-02 17:13:56.478] 在线连接:   1  |  收到数据:    28252 B  |  解析完整帧:   1009 帧  |  发送帧:   1009 帧  (   52468 B)  [帧头:EAEAEAEA  帧尾:AEAEAEAE]
[2026-04-02 17:13:57.478] 在线连接:   1  |  收到数据:    27944 B  |  解析完整帧:    998 帧  |  发送帧:    998 帧  (   51896 B)  [帧头:EAEAEAEA  帧尾:AEAEAEAE]
[2026-04-02 17:13:58.479] 在线连接:   1  |  收到数据:    28028 B  |  解析完整帧:   1001 帧  |  发送帧:   1001 帧  (   52052 B)  [帧头:EAEAEAEA  帧尾:AEAEAEAE]
[2026-04-02 17:13:59.480] 在线连接:   1  |  收到数据:    28056 B  |  解析完整帧:   1002 帧  |  发送帧:   1002 帧  (   52104 B)  [帧头:EAEAEAEA  帧尾:AEAEAEAE]
[2026-04-02 17:14:00.481] 在线连接:   1  |  收到数据:    27832 B  |  解析完整帧:    994 帧  |  发送帧:    994 帧  (   51688 B)  [帧头:EAEAEAEA  帧尾:AEAEAEAE]
[2026-04-02 17:14:01.487] 在线连接:   1  |  收到数据:    27916 B  |  解析完整帧:    997 帧  |  发送帧:    997 帧  (   51844 B)  [帧头:EAEAEAEA  帧尾:AEAEAEAE]
[2026-04-02 17:14:02.499] 在线连接:   1  |  收到数据:    28896 B  |  解析完整帧:   1032 帧  |  发送帧:   1032 帧  (   53664 B)  [帧头:EAEAEAEA  帧尾:AEAEAEAE]
[2026-04-02 17:14:03.500] 在线连接:   1  |  收到数据:    27944 B  |  解析完整帧:    998 帧  |  发送帧:    998 帧  (   51896 B)  [帧头:EAEAEAEA  帧尾:AEAEAEAE]
[2026-04-02 17:14:04.501] 在线连接:   1  |  收到数据:    27888 B  |  解析完整帧:    996 帧  |  发送帧:    996 帧  (   51792 B)  [帧头:EAEAEAEA  帧尾:AEAEAEAE]
[2026-04-02 17:14:05.501] 在线连接:   1  |  收到数据:    28224 B  |  解析完整帧:   1008 帧  |  发送帧:   1008 帧  (   52416 B)  [帧头:EAEAEAEA  帧尾:AEAEAEAE]
[2026-04-02 17:14:06.502] 在线连接:   1  |  收到数据:    28000 B  |  解析完整帧:   1000 帧  |  发送帧:   1000 帧  (   52000 B)  [帧头:EAEAEAEA  帧尾:AEAEAEAE]
[2026-04-02 17:14:07.502] 在线连接:   1  |  收到数据:    27720 B  |  解析完整帧:    990 帧  |  发送帧:    990 帧  (   51480 B)  [帧头:EAEAEAEA  帧尾:AEAEAEAE]
[2026-04-02 17:14:08.503] 在线连接:   1  |  收到数据:    27776 B  |  解析完整帧:    992 帧  |  发送帧:    992 帧  (   51584 B)  [帧头:EAEAEAEA  帧尾:AEAEAEAE]
[2026-04-02 17:14:09.504] 在线连接:   1  |  收到数据:    28392 B  |  解析完整帧:   1014 帧  |  发送帧:   1014 帧  (   52728 B)  [帧头:EAEAEAEA  帧尾:AEAEAEAE]
[2026-04-02 17:14:10.504] 在线连接:   1  |  收到数据:    28168 B  |  解析完整帧:   1006 帧  |  发送帧:   1006 帧  (   52312 B)  [帧头:EAEAEAEA  帧尾:AEAEAEAE]
[2026-04-02 17:14:11.505] 在线连接:   1  |  收到数据:    28028 B  |  解析完整帧:   1001 帧  |  发送帧:   1001 帧  (   52052 B)  [帧头:EAEAEAEA  帧尾:AEAEAEAE]
[2026-04-02 17:14:12.510] 在线连接:   1  |  收到数据:    28056 B  |  解析完整帧:   1002 帧  |  发送帧:   1002 帧  (   52104 B)  [帧头:EAEAEAEA  帧尾:AEAEAEAE]
[2026-04-02 17:14:13.510] 在线连接:   1  |  收到数据:    28028 B  |  解析完整帧:   1001 帧  |  发送帧:   1001 帧  (   52052 B)  [帧头:EAEAEAEA  帧尾:AEAEAEAE]
[2026-04-02 17:14:14.511] 在线连接:   1  |  收到数据:    28084 B  |  解析完整帧:   1003 帧  |  发送帧:   1003 帧  (   52156 B)  [帧头:EAEAEAEA  帧尾:AEAEAEAE]
[2026-04-02 17:14:15.512] 在线连接:   1  |  收到数据:    27972 B  |  解析完整帧:    999 帧  |  发送帧:    999 帧  (   51948 B)  [帧头:EAEAEAEA  帧尾:AEAEAEAE]
[2026-04-02 17:14:16.517] 在线连接:   1  |  收到数据:    28168 B  |  解析完整帧:   1006 帧  |  发送帧:   1006 帧  (   52312 B)  [帧头:EAEAEAEA  帧尾:AEAEAEAE]
[2026-04-02 17:14:17.518] 在线连接:   1  |  收到数据:    28028 B  |  解析完整帧:   1001 帧  |  发送帧:   1001 帧  (   52052 B)  [帧头:EAEAEAEA  帧尾:AEAEAEAE]
[2026-04-02 17:14:18.519] 在线连接:   1  |  收到数据:    27972 B  |  解析完整帧:    999 帧  |  发送帧:    999 帧  (   51948 B)  [帧头:EAEAEAEA  帧尾:AEAEAEAE]
[2026-04-02 17:14:19.519] 在线连接:   1  |  收到数据:    28140 B  |  解析完整帧:   1005 帧  |  发送帧:   1005 帧  (   52260 B)  [帧头:EAEAEAEA  帧尾:AEAEAEAE]
[2026-04-02 17:14:20.520] 在线连接:   1  |  收到数据:    28000 B  |  解析完整帧:   1000 帧  |  发送帧:   1000 帧  (   52000 B)  [帧头:EAEAEAEA  帧尾:AEAEAEAE]
[2026-04-02 17:14:21.521] 在线连接:   1  |  收到数据:    28028 B  |  解析完整帧:   1001 帧  |  发送帧:   1001 帧  (   52052 B)  [帧头:EAEAEAEA  帧尾:AEAEAEAE]
[2026-04-02 17:14:22.521] 在线连接:   1  |  收到数据:    27748 B  |  解析完整帧:    991 帧  |  发送帧:    991 帧  (   51532 B)  [帧头:EAEAEAEA  帧尾:AEAEAEAE]
[2026-04-02 17:14:23.522] 在线连接:   1  |  收到数据:    28308 B  |  解析完整帧:   1011 帧  |  发送帧:   1011 帧  (   52572 B)  [帧头:EAEAEAEA  帧尾:AEAEAEAE]
[2026-04-02 17:14:24.523] 在线连接:   1  |  收到数据:    28028 B  |  解析完整帧:   1001 帧  |  发送帧:   1001 帧  (   52052 B)  [帧头:EAEAEAEA  帧尾:AEAEAEAE]
[2026-04-02 17:14:25.524] 在线连接:   1  |  收到数据:    27832 B  |  解析完整帧:    994 帧  |  发送帧:    994 帧  (   51688 B)  [帧头:EAEAEAEA  帧尾:AEAEAEAE]
[2026-04-02 17:14:26.526] 在线连接:   1  |  收到数据:    27972 B  |  解析完整帧:    999 帧  |  发送帧:    985 帧  (   51220 B)  [帧头:EAEAEAEA  帧尾:AEAEAEAE]
[2026-04-02 17:14:27.528] 在线连接:   1  |  收到数据:    27384 B  |  解析完整帧:    978 帧  |  发送帧:    992 帧  (   51584 B)  [帧头:EAEAEAEA  帧尾:AEAEAEAE]
[2026-04-02 17:14:28.528] 在线连接:   1  |  收到数据:    28588 B  |  解析完整帧:   1021 帧  |  发送帧:   1021 帧  (   53092 B)  [帧头:EAEAEAEA  帧尾:AEAEAEAE]
[2026-04-02 17:14:29.529] 在线连接:   1  |  收到数据:    28028 B  |  解析完整帧:   1001 帧  |  发送帧:   1001 帧  (   52052 B)  [帧头:EAEAEAEA  帧尾:AEAEAEAE]
[2026-04-02 17:14:30.530] 在线连接:   1  |  收到数据:    28308 B  |  解析完整帧:   1011 帧  |  发送帧:   1009 帧  (   52468 B)  [帧头:EAEAEAEA  帧尾:AEAEAEAE]
[2026-04-02 17:14:31.530] 在线连接:   1  |  收到数据:    27944 B  |  解析完整帧:    998 帧  |  发送帧:    999 帧  (   51948 B)  [帧头:EAEAEAEA  帧尾:AEAEAEAE]
[2026-04-02 17:14:32.531] 在线连接:   1  |  收到数据:    27692 B  |  解析完整帧:    989 帧  |  发送帧:    990 帧  (   51480 B)  [帧头:EAEAEAEA  帧尾:AEAEAEAE]
[2026-04-02 17:14:33.532] 在线连接:   1  |  收到数据:    28224 B  |  解析完整帧:   1008 帧  |  发送帧:   1008 帧  (   52416 B)  [帧头:EAEAEAEA  帧尾:AEAEAEAE]
[2026-04-02 17:14:34.533] 在线连接:   1  |  收到数据:    28084 B  |  解析完整帧:   1003 帧  |  发送帧:   1003 帧  (   52156 B)  [帧头:EAEAEAEA  帧尾:AEAEAEAE]
[2026-04-02 17:14:35.533] 在线连接:   1  |  收到数据:    27916 B  |  解析完整帧:    997 帧  |  发送帧:    997 帧  (   51844 B)  [帧头:EAEAEAEA  帧尾:AEAEAEAE]
[2026-04-02 17:14:36.534] 在线连接:   1  |  收到数据:    27804 B  |  解析完整帧:    993 帧  |  发送帧:    993 帧  (   51636 B)  [帧头:EAEAEAEA  帧尾:AEAEAEAE]
[2026-04-02 17:14:37.535] 在线连接:   1  |  收到数据:    28224 B  |  解析完整帧:   1008 帧  |  发送帧:   1008 帧  (   52416 B)  [帧头:EAEAEAEA  帧尾:AEAEAEAE]
[2026-04-02 17:14:38.536] 在线连接:   1  |  收到数据:    28140 B  |  解析完整帧:   1005 帧  |  发送帧:   1005 帧  (   52260 B)  [帧头:EAEAEAEA  帧尾:AEAEAEAE]
[2026-04-02 17:14:39.536] 在线连接:   1  |  收到数据:    27664 B  |  解析完整帧:    988 帧  |  发送帧:    988 帧  (   51376 B)  [帧头:EAEAEAEA  帧尾:AEAEAEAE]
[2026-04-02 17:14:40.547] 在线连接:   1  |  收到数据:    28308 B  |  解析完整帧:   1011 帧  |  发送帧:   1010 帧  (   52520 B)  [帧头:EAEAEAEA  帧尾:AEAEAEAE]
[2026-04-02 17:14:41.575] 在线连接:   1  |  收到数据:    28756 B  |  解析完整帧:   1027 帧  |  发送帧:   1028 帧  (   53456 B)  [帧头:EAEAEAEA  帧尾:AEAEAEAE]
[2026-04-02 17:14:42.576] 在线连接:   1  |  收到数据:    28392 B  |  解析完整帧:   1014 帧  |  发送帧:   1014 帧  (   52728 B)  [帧头:EAEAEAEA  帧尾:AEAEAEAE]
[2026-04-02 17:14:43.577] 在线连接:   1  |  收到数据:    28000 B  |  解析完整帧:   1000 帧  |  发送帧:   1000 帧  (   52000 B)  [帧头:EAEAEAEA  帧尾:AEAEAEAE]
[2026-04-02 17:14:44.577] 在线连接:   1  |  收到数据:    27720 B  |  解析完整帧:    990 帧  |  发送帧:    990 帧  (   51480 B)  [帧头:EAEAEAEA  帧尾:AEAEAEAE]
[2026-04-02 17:14:45.578] 在线连接:   1  |  收到数据:    28056 B  |  解析完整帧:   1002 帧  |  发送帧:   1002 帧  (   52104 B)  [帧头:EAEAEAEA  帧尾:AEAEAEAE]
[2026-04-02 17:14:46.579] 在线连接:   1  |  收到数据:    28280 B  |  解析完整帧:   1010 帧  |  发送帧:   1010 帧  (   52520 B)  [帧头:EAEAEAEA  帧尾:AEAEAEAE]
[2026-04-02 17:14:47.579] 在线连接:   1  |  收到数据:    27832 B  |  解析完整帧:    994 帧  |  发送帧:    994 帧  (   51688 B)  [帧头:EAEAEAEA  帧尾:AEAEAEAE]
[2026-04-02 17:14:48.580] 在线连接:   1  |  收到数据:    28252 B  |  解析完整帧:   1009 帧  |  发送帧:   1005 帧  (   52260 B)  [帧头:EAEAEAEA  帧尾:AEAEAEAE]
[2026-04-02 17:14:49.580] 在线连接:   1  |  收到数据:    28000 B  |  解析完整帧:   1000 帧  |  发送帧:   1004 帧  (   52208 B)  [帧头:EAEAEAEA  帧尾:AEAEAEAE]
[2026-04-02 17:14:50.581] 在线连接:   1  |  收到数据:    28028 B  |  解析完整帧:   1001 帧  |  发送帧:    990 帧  (   51480 B)  [帧头:EAEAEAEA  帧尾:AEAEAEAE]
[2026-04-02 17:14:51.582] 在线连接:   1  |  收到数据:    27608 B  |  解析完整帧:    986 帧  |  发送帧:    997 帧  (   51844 B)  [帧头:EAEAEAEA  帧尾:AEAEAEAE]
[2026-04-02 17:14:52.583] 在线连接:   1  |  收到数据:    28336 B  |  解析完整帧:   1012 帧  |  发送帧:   1012 帧  (   52624 B)  [帧头:EAEAEAEA  帧尾:AEAEAEAE]
[2026-04-02 17:14:53.584] 在线连接:   1  |  收到数据:    27832 B  |  解析完整帧:    994 帧  |  发送帧:    994 帧  (   51688 B)  [帧头:EAEAEAEA  帧尾:AEAEAEAE]
[2026-04-02 17:14:54.584] 在线连接:   1  |  收到数据:    28252 B  |  解析完整帧:   1009 帧  |  发送帧:   1009 帧  (   52468 B)  [帧头:EAEAEAEA  帧尾:AEAEAEAE]
[2026-04-02 17:14:55.585] 在线连接:   1  |  收到数据:    27748 B  |  解析完整帧:    991 帧  |  发送帧:    991 帧  (   51532 B)  [帧头:EAEAEAEA  帧尾:AEAEAEAE]
[2026-04-02 17:14:56.585] 在线连接:   1  |  收到数据:    28280 B  |  解析完整帧:   1010 帧  |  发送帧:   1010 帧  (   52520 B)  [帧头:EAEAEAEA  帧尾:AEAEAEAE]
[2026-04-02 17:14:57.586] 在线连接:   1  |  收到数据:    28000 B  |  解析完整帧:   1000 帧  |  发送帧:   1000 帧  (   52000 B)  [帧头:EAEAEAEA  帧尾:AEAEAEAE]
[2026-04-02 17:14:58.587] 在线连接:   1  |  收到数据:    27776 B  |  解析完整帧:    992 帧  |  发送帧:    992 帧  (   51584 B)  [帧头:EAEAEAEA  帧尾:AEAEAEAE]
[2026-04-02 17:14:59.588] 在线连接:   1  |  收到数据:    28364 B  |  解析完整帧:   1013 帧  |  发送帧:   1012 帧  (   52624 B)  [帧头:EAEAEAEA  帧尾:AEAEAEAE]
[2026-04-02 17:15:00.589] 在线连接:   1  |  收到数据:    27944 B  |  解析完整帧:    998 帧  |  发送帧:    999 帧  (   51948 B)  [帧头:EAEAEAEA  帧尾:AEAEAEAE]
[2026-04-02 17:15:01.590] 在线连接:   1  |  收到数据:    27860 B  |  解析完整帧:    995 帧  |  发送帧:    995 帧  (   51740 B)  [帧头:EAEAEAEA  帧尾:AEAEAEAE]
[2026-04-02 17:15:02.591] 在线连接:   1  |  收到数据:    28252 B  |  解析完整帧:   1009 帧  |  发送帧:   1009 帧  (   52468 B)  [帧头:EAEAEAEA  帧尾:AEAEAEAE]
[2026-04-02 17:15:03.591] 在线连接:   1  |  收到数据:    27468 B  |  解析完整帧:    981 帧  |  发送帧:    981 帧  (   51012 B)  [帧头:EAEAEAEA  帧尾:AEAEAEAE]
[2026-04-02 17:15:04.592] 在线连接:   1  |  收到数据:    28588 B  |  解析完整帧:   1021 帧  |  发送帧:   1021 帧  (   53092 B)  [帧头:EAEAEAEA  帧尾:AEAEAEAE]
[2026-04-02 17:15:05.593] 在线连接:   1  |  收到数据:    27972 B  |  解析完整帧:    999 帧  |  发送帧:    999 帧  (   51948 B)  [帧头:EAEAEAEA  帧尾:AEAEAEAE]
[2026-04-02 17:15:06.595] 在线连接:   1  |  收到数据:    28112 B  |  解析完整帧:   1004 帧  |  发送帧:   1003 帧  (   52156 B)  [帧头:EAEAEAEA  帧尾:AEAEAEAE]
[2026-04-02 17:15:07.596] 在线连接:   1  |  收到数据:    28000 B  |  解析完整帧:   1000 帧  |  发送帧:   1001 帧  (   52052 B)  [帧头:EAEAEAEA  帧尾:AEAEAEAE]
[2026-04-02 17:15:08.597] 在线连接:   1  |  收到数据:    27384 B  |  解析完整帧:    978 帧  |  发送帧:    978 帧  (   50856 B)  [帧头:EAEAEAEA  帧尾:AEAEAEAE]
[2026-04-02 17:15:09.598] 在线连接:   1  |  收到数据:    28196 B  |  解析完整帧:   1007 帧  |  发送帧:   1007 帧  (   52364 B)  [帧头:EAEAEAEA  帧尾:AEAEAEAE]
[2026-04-02 17:15:10.598] 在线连接:   1  |  收到数据:    27888 B  |  解析完整帧:    996 帧  |  发送帧:    996 帧  (   51792 B)  [帧头:EAEAEAEA  帧尾:AEAEAEAE]
[2026-04-02 17:15:11.599] 在线连接:   1  |  收到数据:    28336 B  |  解析完整帧:   1012 帧  |  发送帧:    998 帧  (   51896 B)  [帧头:EAEAEAEA  帧尾:AEAEAEAE]
[2026-04-02 17:15:12.600] 在线连接:   1  |  收到数据:    28140 B  |  解析完整帧:   1005 帧  |  发送帧:   1019 帧  (   52988 B)  [帧头:EAEAEAEA  帧尾:AEAEAEAE]
[2026-04-02 17:15:13.600] 在线连接:   1  |  收到数据:    28112 B  |  解析完整帧:   1004 帧  |  发送帧:   1004 帧  (   52208 B)  [帧头:EAEAEAEA  帧尾:AEAEAEAE]
[2026-04-02 17:15:14.601] 在线连接:   1  |  收到数据:    28056 B  |  解析完整帧:   1002 帧  |  发送帧:   1002 帧  (   52104 B)  [帧头:EAEAEAEA  帧尾:AEAEAEAE]
[2026-04-02 17:15:15.602] 在线连接:   1  |  收到数据:    27972 B  |  解析完整帧:    999 帧  |  发送帧:    992 帧  (   51584 B)  [帧头:EAEAEAEA  帧尾:AEAEAEAE]
[2026-04-02 17:15:16.602] 在线连接:   1  |  收到数据:    28084 B  |  解析完整帧:   1003 帧  |  发送帧:   1010 帧  (   52520 B)  [帧头:EAEAEAEA  帧尾:AEAEAEAE]
[2026-04-02 17:15:17.603] 在线连接:   1  |  收到数据:    28056 B  |  解析完整帧:   1002 帧  |  发送帧:   1002 帧  (   52104 B)  [帧头:EAEAEAEA  帧尾:AEAEAEAE]
[2026-04-02 17:15:18.604] 在线连接:   1  |  收到数据:    27132 B  |  解析完整帧:    969 帧  |  发送帧:    969 帧  (   50388 B)  [帧头:EAEAEAEA  帧尾:AEAEAEAE]
[2026-04-02 17:15:19.604] 在线连接:   1  |  收到数据:    28336 B  |  解析完整帧:   1012 帧  |  发送帧:   1012 帧  (   52624 B)  [帧头:EAEAEAEA  帧尾:AEAEAEAE]
[2026-04-02 17:15:20.605] 在线连接:   1  |  收到数据:    27944 B  |  解析完整帧:    998 帧  |  发送帧:    998 帧  (   51896 B)  [帧头:EAEAEAEA  帧尾:AEAEAEAE]
[2026-04-02 17:15:21.606] 在线连接:   1  |  收到数据:    28560 B  |  解析完整帧:   1020 帧  |  发送帧:   1020 帧  (   53040 B)  [帧头:EAEAEAEA  帧尾:AEAEAEAE]
[2026-04-02 17:15:22.606] 在线连接:   1  |  收到数据:    27580 B  |  解析完整帧:    985 帧  |  发送帧:    985 帧  (   51220 B)  [帧头:EAEAEAEA  帧尾:AEAEAEAE]
[2026-04-02 17:15:23.607] 在线连接:   1  |  收到数据:    27580 B  |  解析完整帧:    985 帧  |  发送帧:    985 帧  (   51220 B)  [帧头:EAEAEAEA  帧尾:AEAEAEAE]
[2026-04-02 17:15:24.607] 在线连接:   1  |  收到数据:    28112 B  |  解析完整帧:   1004 帧  |  发送帧:   1004 帧  (   52208 B)  [帧头:EAEAEAEA  帧尾:AEAEAEAE]
[2026-04-02 17:15:25.608] 在线连接:   1  |  收到数据:    28056 B  |  解析完整帧:   1002 帧  |  发送帧:   1000 帧  (   52000 B)  [帧头:EAEAEAEA  帧尾:AEAEAEAE]
[2026-04-02 17:15:26.609] 在线连接:   1  |  收到数据:    27888 B  |  解析完整帧:    996 帧  |  发送帧:    998 帧  (   51896 B)  [帧头:EAEAEAEA  帧尾:AEAEAEAE]
[2026-04-02 17:15:27.610] 在线连接:   1  |  收到数据:    28196 B  |  解析完整帧:   1007 帧  |  发送帧:   1007 帧  (   52364 B)  [帧头:EAEAEAEA  帧尾:AEAEAEAE]
[2026-04-02 17:15:28.610] 在线连接:   1  |  收到数据:    27972 B  |  解析完整帧:    999 帧  |  发送帧:    999 帧  (   51948 B)  [帧头:EAEAEAEA  帧尾:AEAEAEAE]
[2026-04-02 17:15:29.611] 在线连接:   1  |  收到数据:    28112 B  |  解析完整帧:   1004 帧  |  发送帧:   1004 帧  (   52208 B)  [帧头:EAEAEAEA  帧尾:AEAEAEAE]
[2026-04-02 17:15:30.612] 在线连接:   1  |  收到数据:    27272 B  |  解析完整帧:    974 帧  |  发送帧:    974 帧  (   50648 B)  [帧头:EAEAEAEA  帧尾:AEAEAEAE]
[2026-04-02 17:15:31.612] 在线连接:   1  |  收到数据:    28448 B  |  解析完整帧:   1016 帧  |  发送帧:   1016 帧  (   52832 B)  [帧头:EAEAEAEA  帧尾:AEAEAEAE]
[2026-04-02 17:15:32.613] 在线连接:   1  |  收到数据:    28252 B  |  解析完整帧:   1009 帧  |  发送帧:   1009 帧  (   52468 B)  [帧头:EAEAEAEA  帧尾:AEAEAEAE]
[2026-04-02 17:15:33.614] 在线连接:   1  |  收到数据:    28000 B  |  解析完整帧:   1000 帧  |  发送帧:   1000 帧  (   52000 B)  [帧头:EAEAEAEA  帧尾:AEAEAEAE]
[2026-04-02 17:15:34.615] 在线连接:   1  |  收到数据:    27748 B  |  解析完整帧:    991 帧  |  发送帧:    991 帧  (   51532 B)  [帧头:EAEAEAEA  帧尾:AEAEAEAE]
[2026-04-02 17:15:35.615] 在线连接:   1  |  收到数据:    28252 B  |  解析完整帧:   1009 帧  |  发送帧:   1009 帧  (   52468 B)  [帧头:EAEAEAEA  帧尾:AEAEAEAE]
[2026-04-02 17:15:36.616] 在线连接:   1  |  收到数据:    27916 B  |  解析完整帧:    997 帧  |  发送帧:    997 帧  (   51844 B)  [帧头:EAEAEAEA  帧尾:AEAEAEAE]
[2026-04-02 17:15:37.617] 在线连接:   1  |  收到数据:    28084 B  |  解析完整帧:   1003 帧  |  发送帧:   1003 帧  (   52156 B)  [帧头:EAEAEAEA  帧尾:AEAEAEAE]
[2026-04-02 17:15:38.618] 在线连接:   1  |  收到数据:    27524 B  |  解析完整帧:    983 帧  |  发送帧:    983 帧  (   51116 B)  [帧头:EAEAEAEA  帧尾:AEAEAEAE]
[2026-04-02 17:15:39.618] 在线连接:   1  |  收到数据:    28336 B  |  解析完整帧:   1012 帧  |  发送帧:   1012 帧  (   52624 B)  [帧头:EAEAEAEA  帧尾:AEAEAEAE]
[2026-04-02 17:15:40.619] 在线连接:   1  |  收到数据:    28308 B  |  解析完整帧:   1011 帧  |  发送帧:   1011 帧  (   52572 B)  [帧头:EAEAEAEA  帧尾:AEAEAEAE]
[2026-04-02 17:15:41.619] 在线连接:   1  |  收到数据:    28028 B  |  解析完整帧:   1001 帧  |  发送帧:   1001 帧  (   52052 B)  [帧头:EAEAEAEA  帧尾:AEAEAEAE]
[2026-04-02 17:15:42.620] 在线连接:   1  |  收到数据:    28000 B  |  解析完整帧:   1000 帧  |  发送帧:   1000 帧  (   52000 B)  [帧头:EAEAEAEA  帧尾:AEAEAEAE]
[2026-04-02 17:15:43.621] 在线连接:   1  |  收到数据:    28056 B  |  解析完整帧:   1002 帧  |  发送帧:   1002 帧  (   52104 B)  [帧头:EAEAEAEA  帧尾:AEAEAEAE]
[2026-04-02 17:15:44.622] 在线连接:   1  |  收到数据:    28056 B  |  解析完整帧:   1002 帧  |  发送帧:   1001 帧  (   52052 B)  [帧头:EAEAEAEA  帧尾:AEAEAEAE]
[2026-04-02 17:15:45.623] 在线连接:   1  |  收到数据:    27608 B  |  解析完整帧:    986 帧  |  发送帧:    987 帧  (   51324 B)  [帧头:EAEAEAEA  帧尾:AEAEAEAE]
[2026-04-02 17:15:46.624] 在线连接:   1  |  收到数据:    28392 B  |  解析完整帧:   1014 帧  |  发送帧:   1014 帧  (   52728 B)  [帧头:EAEAEAEA  帧尾:AEAEAEAE]
[2026-04-02 17:15:47.624] 在线连接:   1  |  收到数据:    28056 B  |  解析完整帧:   1002 帧  |  发送帧:   1002 帧  (   52104 B)  [帧头:EAEAEAEA  帧尾:AEAEAEAE]
[2026-04-02 17:15:48.625] 在线连接:   1  |  收到数据:    27944 B  |  解析完整帧:    998 帧  |  发送帧:    998 帧  (   51896 B)  [帧头:EAEAEAEA  帧尾:AEAEAEAE]
[2026-04-02 17:15:49.626] 在线连接:   1  |  收到数据:    27972 B  |  解析完整帧:    999 帧  |  发送帧:    999 帧  (   51948 B)  [帧头:EAEAEAEA  帧尾:AEAEAEAE]
[2026-04-02 17:15:50.626] 在线连接:   1  |  收到数据:    28196 B  |  解析完整帧:   1007 帧  |  发送帧:   1005 帧  (   52260 B)  [帧头:EAEAEAEA  帧尾:AEAEAEAE]
[2026-04-02 17:15:51.627] 在线连接:   1  |  收到数据:    27972 B  |  解析完整帧:    999 帧  |  发送帧:   1001 帧  (   52052 B)  [帧头:EAEAEAEA  帧尾:AEAEAEAE]
[2026-04-02 17:15:52.628] 在线连接:   1  |  收到数据:    27916 B  |  解析完整帧:    997 帧  |  发送帧:    997 帧  (   51844 B)  [帧头:EAEAEAEA  帧尾:AEAEAEAE]
[2026-04-02 17:15:53.629] 在线连接:   1  |  收到数据:    27972 B  |  解析完整帧:    999 帧  |  发送帧:    999 帧  (   51948 B)  [帧头:EAEAEAEA  帧尾:AEAEAEAE]
[2026-04-02 17:15:54.629] 在线连接:   1  |  收到数据:    27608 B  |  解析完整帧:    986 帧  |  发送帧:    986 帧  (   51272 B)  [帧头:EAEAEAEA  帧尾:AEAEAEAE]
[2026-04-02 17:15:55.630] 在线连接:   1  |  收到数据:    28532 B  |  解析完整帧:   1019 帧  |  发送帧:   1019 帧  (   52988 B)  [帧头:EAEAEAEA  帧尾:AEAEAEAE]
[2026-04-02 17:15:56.631] 在线连接:   1  |  收到数据:    28056 B  |  解析完整帧:   1002 帧  |  发送帧:   1002 帧  (   52104 B)  [帧头:EAEAEAEA  帧尾:AEAEAEAE]
[2026-04-02 17:15:57.632] 在线连接:   1  |  收到数据:    28056 B  |  解析完整帧:   1002 帧  |  发送帧:   1002 帧  (   52104 B)  [帧头:EAEAEAEA  帧尾:AEAEAEAE]
[2026-04-02 17:15:58.632] 在线连接:   1  |  收到数据:    27692 B  |  解析完整帧:    989 帧  |  发送帧:    989 帧  (   51428 B)  [帧头:EAEAEAEA  帧尾:AEAEAEAE]
[2026-04-02 17:15:59.633] 在线连接:   1  |  收到数据:    28280 B  |  解析完整帧:   1010 帧  |  发送帧:   1010 帧  (   52520 B)  [帧头:EAEAEAEA  帧尾:AEAEAEAE]
[2026-04-02 17:16:00.634] 在线连接:   1  |  收到数据:    27720 B  |  解析完整帧:    990 帧  |  发送帧:    990 帧  (   51480 B)  [帧头:EAEAEAEA  帧尾:AEAEAEAE]
[2026-04-02 17:16:01.634] 在线连接:   1  |  收到数据:    28196 B  |  解析完整帧:   1007 帧  |  发送帧:   1007 帧  (   52364 B)  [帧头:EAEAEAEA  帧尾:AEAEAEAE]
[2026-04-02 17:16:02.635] 在线连接:   1  |  收到数据:    28084 B  |  解析完整帧:   1003 帧  |  发送帧:   1003 帧  (   52156 B)  [帧头:EAEAEAEA  帧尾:AEAEAEAE]
[2026-04-02 17:16:03.636] 在线连接:   1  |  收到数据:    27972 B  |  解析完整帧:    999 帧  |  发送帧:    999 帧  (   51948 B)  [帧头:EAEAEAEA  帧尾:AEAEAEAE]
[2026-04-02 17:16:04.644] 在线连接:   1  |  收到数据:    28280 B  |  解析完整帧:   1010 帧  |  发送帧:   1008 帧  (   52416 B)  [帧头:EAEAEAEA  帧尾:AEAEAEAE]
[2026-04-02 17:16:05.645] 在线连接:   1  |  收到数据:    27748 B  |  解析完整帧:    991 帧  |  发送帧:    993 帧  (   51636 B)  [帧头:EAEAEAEA  帧尾:AEAEAEAE]
[2026-04-02 17:16:06.646] 在线连接:   1  |  收到数据:    28112 B  |  解析完整帧:   1004 帧  |  发送帧:   1004 帧  (   52208 B)  [帧头:EAEAEAEA  帧尾:AEAEAEAE]
[2026-04-02 17:16:07.646] 在线连接:   1  |  收到数据:    28196 B  |  解析完整帧:   1007 帧  |  发送帧:   1007 帧  (   52364 B)  [帧头:EAEAEAEA  帧尾:AEAEAEAE]
[2026-04-02 17:16:08.647] 在线连接:   1  |  收到数据:    27916 B  |  解析完整帧:    997 帧  |  发送帧:    997 帧  (   51844 B)  [帧头:EAEAEAEA  帧尾:AEAEAEAE]
[2026-04-02 17:16:09.648] 在线连接:   1  |  收到数据:    28000 B  |  解析完整帧:   1000 帧  |  发送帧:   1000 帧  (   52000 B)  [帧头:EAEAEAEA  帧尾:AEAEAEAE]
[2026-04-02 17:16:10.648] 在线连接:   1  |  收到数据:    28196 B  |  解析完整帧:   1007 帧  |  发送帧:   1007 帧  (   52364 B)  [帧头:EAEAEAEA  帧尾:AEAEAEAE]
[2026-04-02 17:16:11.649] 在线连接:   1  |  收到数据:    27720 B  |  解析完整帧:    990 帧  |  发送帧:    990 帧  (   51480 B)  [帧头:EAEAEAEA  帧尾:AEAEAEAE]
[2026-04-02 17:16:12.651] 在线连接:   1  |  收到数据:    27888 B  |  解析完整帧:    996 帧  |  发送帧:    996 帧  (   51792 B)  [帧头:EAEAEAEA  帧尾:AEAEAEAE]
[2026-04-02 17:16:13.652] 在线连接:   1  |  收到数据:    28224 B  |  解析完整帧:   1008 帧  |  发送帧:   1008 帧  (   52416 B)  [帧头:EAEAEAEA  帧尾:AEAEAEAE]
[2026-04-02 17:16:14.653] 在线连接:   1  |  收到数据:    27664 B  |  解析完整帧:    988 帧  |  发送帧:    988 帧  (   51376 B)  [帧头:EAEAEAEA  帧尾:AEAEAEAE]
[2026-04-02 17:16:15.653] 在线连接:   1  |  收到数据:    28616 B  |  解析完整帧:   1022 帧  |  发送帧:   1022 帧  (   53144 B)  [帧头:EAEAEAEA  帧尾:AEAEAEAE]
[2026-04-02 17:16:16.654] 在线连接:   1  |  收到数据:    27944 B  |  解析完整帧:    998 帧  |  发送帧:    998 帧  (   51896 B)  [帧头:EAEAEAEA  帧尾:AEAEAEAE]
[2026-04-02 17:16:17.655] 在线连接:   1  |  收到数据:    28084 B  |  解析完整帧:   1003 帧  |  发送帧:   1003 帧  (   52156 B)  [帧头:EAEAEAEA  帧尾:AEAEAEAE]
[2026-04-02 17:16:18.656] 在线连接:   1  |  收到数据:    27580 B  |  解析完整帧:    985 帧  |  发送帧:    985 帧  (   51220 B)  [帧头:EAEAEAEA  帧尾:AEAEAEAE]
[2026-04-02 17:16:19.657] 在线连接:   1  |  收到数据:    28448 B  |  解析完整帧:   1016 帧  |  发送帧:   1016 帧  (   52832 B)  [帧头:EAEAEAEA  帧尾:AEAEAEAE]
[2026-04-02 17:16:20.658] 在线连接:   1  |  收到数据:    28000 B  |  解析完整帧:   1000 帧  |  发送帧:   1000 帧  (   52000 B)  [帧头:EAEAEAEA  帧尾:AEAEAEAE]
[2026-04-02 17:16:21.659] 在线连接:   1  |  收到数据:    27888 B  |  解析完整帧:    996 帧  |  发送帧:    996 帧  (   51792 B)  [帧头:EAEAEAEA  帧尾:AEAEAEAE]
[2026-04-02 17:16:22.659] 在线连接:   1  |  收到数据:    27944 B  |  解析完整帧:    998 帧  |  发送帧:    998 帧  (   51896 B)  [帧头:EAEAEAEA  帧尾:AEAEAEAE]
[2026-04-02 17:16:23.660] 在线连接:   1  |  收到数据:    27860 B  |  解析完整帧:    995 帧  |  发送帧:    995 帧  (   51740 B)  [帧头:EAEAEAEA  帧尾:AEAEAEAE]
[2026-04-02 17:16:24.661] 在线连接:   1  |  收到数据:    28280 B  |  解析完整帧:   1010 帧  |  发送帧:   1010 帧  (   52520 B)  [帧头:EAEAEAEA  帧尾:AEAEAEAE]
[2026-04-02 17:16:25.661] 在线连接:   1  |  收到数据:    28168 B  |  解析完整帧:   1006 帧  |  发送帧:   1006 帧  (   52312 B)  [帧头:EAEAEAEA  帧尾:AEAEAEAE]
[2026-04-02 17:16:26.662] 在线连接:   1  |  收到数据:    27916 B  |  解析完整帧:    997 帧  |  发送帧:    997 帧  (   51844 B)  [帧头:EAEAEAEA  帧尾:AEAEAEAE]
[2026-04-02 17:16:27.663] 在线连接:   1  |  收到数据:    27888 B  |  解析完整帧:    996 帧  |  发送帧:    996 帧  (   51792 B)  [帧头:EAEAEAEA  帧尾:AEAEAEAE]
[2026-04-02 17:16:28.663] 在线连接:   1  |  收到数据:    28252 B  |  解析完整帧:   1009 帧  |  发送帧:   1009 帧  (   52468 B)  [帧头:EAEAEAEA  帧尾:AEAEAEAE]
[2026-04-02 17:16:29.664] 在线连接:   1  |  收到数据:    27972 B  |  解析完整帧:    999 帧  |  发送帧:    999 帧  (   51948 B)  [帧头:EAEAEAEA  帧尾:AEAEAEAE]
[2026-04-02 17:16:30.665] 在线连接:   1  |  收到数据:    28084 B  |  解析完整帧:   1003 帧  |  发送帧:   1003 帧  (   52156 B)  [帧头:EAEAEAEA  帧尾:AEAEAEAE]
[2026-04-02 17:16:31.665] 在线连接:   1  |  收到数据:    27972 B  |  解析完整帧:    999 帧  |  发送帧:    999 帧  (   51948 B)  [帧头:EAEAEAEA  帧尾:AEAEAEAE]
[2026-04-02 17:16:32.667] 在线连接:   1  |  收到数据:    27664 B  |  解析完整帧:    988 帧  |  发送帧:    988 帧  (   51376 B)  [帧头:EAEAEAEA  帧尾:AEAEAEAE]
[2026-04-02 17:16:33.667] 在线连接:   1  |  收到数据:    28336 B  |  解析完整帧:   1012 帧  |  发送帧:   1012 帧  (   52624 B)  [帧头:EAEAEAEA  帧尾:AEAEAEAE]
[2026-04-02 17:16:34.668] 在线连接:   1  |  收到数据:    28112 B  |  解析完整帧:   1004 帧  |  发送帧:   1004 帧  (   52208 B)  [帧头:EAEAEAEA  帧尾:AEAEAEAE]
[2026-04-02 17:16:35.668] 在线连接:   1  |  收到数据:    28000 B  |  解析完整帧:   1000 帧  |  发送帧:   1000 帧  (   52000 B)  [帧头:EAEAEAEA  帧尾:AEAEAEAE]
[2026-04-02 17:16:36.669] 在线连接:   1  |  收到数据:    28028 B  |  解析完整帧:   1001 帧  |  发送帧:   1001 帧  (   52052 B)  [帧头:EAEAEAEA  帧尾:AEAEAEAE]
[2026-04-02 17:16:37.669] 在线连接:   1  |  收到数据:    27552 B  |  解析完整帧:    984 帧  |  发送帧:    984 帧  (   51168 B)  [帧头:EAEAEAEA  帧尾:AEAEAEAE]
[2026-04-02 17:16:38.670] 在线连接:   1  |  收到数据:    27860 B  |  解析完整帧:    995 帧  |  发送帧:    995 帧  (   51740 B)  [帧头:EAEAEAEA  帧尾:AEAEAEAE]
[2026-04-02 17:16:39.670] 在线连接:   1  |  收到数据:    28644 B  |  解析完整帧:   1023 帧  |  发送帧:   1023 帧  (   53196 B)  [帧头:EAEAEAEA  帧尾:AEAEAEAE]
[2026-04-02 17:16:40.671] 在线连接:   1  |  收到数据:    27776 B  |  解析完整帧:    992 帧  |  发送帧:    992 帧  (   51584 B)  [帧头:EAEAEAEA  帧尾:AEAEAEAE]
[2026-04-02 17:16:41.672] 在线连接:   1  |  收到数据:    28252 B  |  解析完整帧:   1009 帧  |  发送帧:   1009 帧  (   52468 B)  [帧头:EAEAEAEA  帧尾:AEAEAEAE]
[2026-04-02 17:16:42.673] 在线连接:   1  |  收到数据:    27356 B  |  解析完整帧:    977 帧  |  发送帧:    977 帧  (   50804 B)  [帧头:EAEAEAEA  帧尾:AEAEAEAE]
[2026-04-02 17:16:43.673] 在线连接:   1  |  收到数据:    28308 B  |  解析完整帧:   1011 帧  |  发送帧:   1011 帧  (   52572 B)  [帧头:EAEAEAEA  帧尾:AEAEAEAE]
[2026-04-02 17:16:44.674] 在线连接:   1  |  收到数据:    28392 B  |  解析完整帧:   1014 帧  |  发送帧:   1014 帧  (   52728 B)  [帧头:EAEAEAEA  帧尾:AEAEAEAE]
[2026-04-02 17:16:45.675] 在线连接:   1  |  收到数据:    28028 B  |  解析完整帧:   1001 帧  |  发送帧:   1001 帧  (   52052 B)  [帧头:EAEAEAEA  帧尾:AEAEAEAE]
[2026-04-02 17:16:46.676] 在线连接:   1  |  收到数据:    27636 B  |  解析完整帧:    987 帧  |  发送帧:    987 帧  (   51324 B)  [帧头:EAEAEAEA  帧尾:AEAEAEAE]
[2026-04-02 17:16:47.676] 在线连接:   1  |  收到数据:    28336 B  |  解析完整帧:   1012 帧  |  发送帧:   1012 帧  (   52624 B)  [帧头:EAEAEAEA  帧尾:AEAEAEAE]
[2026-04-02 17:16:48.677] 在线连接:   1  |  收到数据:    27944 B  |  解析完整帧:    998 帧  |  发送帧:    998 帧  (   51896 B)  [帧头:EAEAEAEA  帧尾:AEAEAEAE]
[2026-04-02 17:16:49.678] 在线连接:   1  |  收到数据:    28196 B  |  解析完整帧:   1007 帧  |  发送帧:   1007 帧  (   52364 B)  [帧头:EAEAEAEA  帧尾:AEAEAEAE]
[2026-04-02 17:16:50.679] 在线连接:   1  |  收到数据:    27692 B  |  解析完整帧:    989 帧  |  发送帧:    989 帧  (   51428 B)  [帧头:EAEAEAEA  帧尾:AEAEAEAE]
[2026-04-02 17:16:51.681] 在线连接:   1  |  收到数据:    28000 B  |  解析完整帧:   1000 帧  |  发送帧:   1000 帧  (   52000 B)  [帧头:EAEAEAEA  帧尾:AEAEAEAE]
[2026-04-02 17:16:52.681] 在线连接:   1  |  收到数据:    28364 B  |  解析完整帧:   1013 帧  |  发送帧:   1013 帧  (   52676 B)  [帧头:EAEAEAEA  帧尾:AEAEAEAE]
[2026-04-02 17:16:53.682] 在线连接:   1  |  收到数据:    27636 B  |  解析完整帧:    987 帧  |  发送帧:    987 帧  (   51324 B)  [帧头:EAEAEAEA  帧尾:AEAEAEAE]
[2026-04-02 17:16:54.683] 在线连接:   1  |  收到数据:    27748 B  |  解析完整帧:    991 帧  |  发送帧:    991 帧  (   51532 B)  [帧头:EAEAEAEA  帧尾:AEAEAEAE]
[2026-04-02 17:16:55.684] 在线连接:   1  |  收到数据:    28392 B  |  解析完整帧:   1014 帧  |  发送帧:   1014 帧  (   52728 B)  [帧头:EAEAEAEA  帧尾:AEAEAEAE]
[2026-04-02 17:16:56.685] 在线连接:   1  |  收到数据:    27972 B  |  解析完整帧:    999 帧  |  发送帧:    999 帧  (   51948 B)  [帧头:EAEAEAEA  帧尾:AEAEAEAE]
[2026-04-02 17:16:57.685] 在线连接:   1  |  收到数据:    28140 B  |  解析完整帧:   1005 帧  |  发送帧:   1005 帧  (   52260 B)  [帧头:EAEAEAEA  帧尾:AEAEAEAE]
[2026-04-02 17:16:58.686] 在线连接:   1  |  收到数据:    28280 B  |  解析完整帧:   1010 帧  |  发送帧:   1010 帧  (   52520 B)  [帧头:EAEAEAEA  帧尾:AEAEAEAE]
[2026-04-02 17:16:59.687] 在线连接:   1  |  收到数据:    27860 B  |  解析完整帧:    995 帧  |  发送帧:    995 帧  (   51740 B)  [帧头:EAEAEAEA  帧尾:AEAEAEAE]
[2026-04-02 17:17:00.688] 在线连接:   1  |  收到数据:    27944 B  |  解析完整帧:    998 帧  |  发送帧:    998 帧  (   51896 B)  [帧头:EAEAEAEA  帧尾:AEAEAEAE]
[2026-04-02 17:17:01.689] 在线连接:   1  |  收到数据:    28252 B  |  解析完整帧:   1009 帧  |  发送帧:   1007 帧  (   52364 B)  [帧头:EAEAEAEA  帧尾:AEAEAEAE]
[2026-04-02 17:17:02.689] 在线连接:   1  |  收到数据:    27944 B  |  解析完整帧:    998 帧  |  发送帧:   1000 帧  (   52000 B)  [帧头:EAEAEAEA  帧尾:AEAEAEAE]
[2026-04-02 17:17:03.690] 在线连接:   1  |  收到数据:    28112 B  |  解析完整帧:   1004 帧  |  发送帧:   1004 帧  (   52208 B)  [帧头:EAEAEAEA  帧尾:AEAEAEAE]
[2026-04-02 17:17:04.691] 在线连接:   1  |  收到数据:    28028 B  |  解析完整帧:   1001 帧  |  发送帧:   1001 帧  (   52052 B)  [帧头:EAEAEAEA  帧尾:AEAEAEAE]
[2026-04-02 17:17:05.694] 在线连接:   1  |  收到数据:    28084 B  |  解析完整帧:   1003 帧  |  发送帧:   1003 帧  (   52156 B)  [帧头:EAEAEAEA  帧尾:AEAEAEAE]
[2026-04-02 17:17:06.705] 在线连接:   1  |  收到数据:    28336 B  |  解析完整帧:   1012 帧  |  发送帧:   1012 帧  (   52624 B)  [帧头:EAEAEAEA  帧尾:AEAEAEAE]
[2026-04-02 17:17:07.706] 在线连接:   1  |  收到数据:    27552 B  |  解析完整帧:    984 帧  |  发送帧:    984 帧  (   51168 B)  [帧头:EAEAEAEA  帧尾:AEAEAEAE]
[2026-04-02 17:17:08.707] 在线连接:   1  |  收到数据:    28504 B  |  解析完整帧:   1018 帧  |  发送帧:   1017 帧  (   52884 B)  [帧头:EAEAEAEA  帧尾:AEAEAEAE]
[2026-04-02 17:17:09.708] 在线连接:   1  |  收到数据:    27944 B  |  解析完整帧:    998 帧  |  发送帧:    999 帧  (   51948 B)  [帧头:EAEAEAEA  帧尾:AEAEAEAE]
[2026-04-02 17:17:10.708] 在线连接:   1  |  收到数据:    27636 B  |  解析完整帧:    987 帧  |  发送帧:    987 帧  (   51324 B)  [帧头:EAEAEAEA  帧尾:AEAEAEAE]
[2026-04-02 17:17:11.709] 在线连接:   1  |  收到数据:    28084 B  |  解析完整帧:   1003 帧  |  发送帧:   1003 帧  (   52156 B)  [帧头:EAEAEAEA  帧尾:AEAEAEAE]
[2026-04-02 17:17:12.710] 在线连接:   1  |  收到数据:    28280 B  |  解析完整帧:   1010 帧  |  发送帧:   1010 帧  (   52520 B)  [帧头:EAEAEAEA  帧尾:AEAEAEAE]
[2026-04-02 17:17:13.711] 在线连接:   1  |  收到数据:    28140 B  |  解析完整帧:   1005 帧  |  发送帧:    991 帧  (   51532 B)  [帧头:EAEAEAEA  帧尾:AEAEAEAE]
[2026-04-02 17:17:14.711] 在线连接:   1  |  收到数据:    27608 B  |  解析完整帧:    986 帧  |  发送帧:   1000 帧  (   52000 B)  [帧头:EAEAEAEA  帧尾:AEAEAEAE]
[2026-04-02 17:17:15.712] 在线连接:   1  |  收到数据:    28336 B  |  解析完整帧:   1012 帧  |  发送帧:   1012 帧  (   52624 B)  [帧头:EAEAEAEA  帧尾:AEAEAEAE]
[2026-04-02 17:17:16.714] 在线连接:   1  |  收到数据:    27692 B  |  解析完整帧:    989 帧  |  发送帧:    989 帧  (   51428 B)  [帧头:EAEAEAEA  帧尾:AEAEAEAE]
[2026-04-02 17:17:17.715] 在线连接:   1  |  收到数据:    28392 B  |  解析完整帧:   1014 帧  |  发送帧:   1014 帧  (   52728 B)  [帧头:EAEAEAEA  帧尾:AEAEAEAE]
[2026-04-02 17:17:18.729] 在线连接:   1  |  收到数据:    28364 B  |  解析完整帧:   1013 帧  |  发送帧:   1013 帧  (   52676 B)  [帧头:EAEAEAEA  帧尾:AEAEAEAE]
[2026-04-02 17:17:19.730] 在线连接:   1  |  收到数据:    28000 B  |  解析完整帧:   1000 帧  |  发送帧:    985 帧  (   51220 B)  [帧头:EAEAEAEA  帧尾:AEAEAEAE]
[2026-04-02 17:17:20.730] 在线连接:   1  |  收到数据:    28168 B  |  解析完整帧:   1006 帧  |  发送帧:   1021 帧  (   53092 B)  [帧头:EAEAEAEA  帧尾:AEAEAEAE]
[2026-04-02 17:17:21.731] 在线连接:   1  |  收到数据:    27804 B  |  解析完整帧:    993 帧  |  发送帧:    993 帧  (   51636 B)  [帧头:EAEAEAEA  帧尾:AEAEAEAE]
[2026-04-02 17:17:22.732] 在线连接:   1  |  收到数据:    28056 B  |  解析完整帧:   1002 帧  |  发送帧:   1002 帧  (   52104 B)  [帧头:EAEAEAEA  帧尾:AEAEAEAE]
[2026-04-02 17:17:23.733] 在线连接:   1  |  收到数据:    28000 B  |  解析完整帧:   1000 帧  |  发送帧:   1000 帧  (   52000 B)  [帧头:EAEAEAEA  帧尾:AEAEAEAE]
[2026-04-02 17:17:24.733] 在线连接:   1  |  收到数据:    28196 B  |  解析完整帧:   1007 帧  |  发送帧:   1007 帧  (   52364 B)  [帧头:EAEAEAEA  帧尾:AEAEAEAE]
[2026-04-02 17:17:25.734] 在线连接:   1  |  收到数据:    27916 B  |  解析完整帧:    997 帧  |  发送帧:    997 帧  (   51844 B)  [帧头:EAEAEAEA  帧尾:AEAEAEAE]
[2026-04-02 17:17:26.735] 在线连接:   1  |  收到数据:    27972 B  |  解析完整帧:    999 帧  |  发送帧:    999 帧  (   51948 B)  [帧头:EAEAEAEA  帧尾:AEAEAEAE]
[2026-04-02 17:17:27.735] 在线连接:   1  |  收到数据:    28140 B  |  解析完整帧:   1005 帧  |  发送帧:   1005 帧  (   52260 B)  [帧头:EAEAEAEA  帧尾:AEAEAEAE]
[2026-04-02 17:17:28.736] 在线连接:   1  |  收到数据:    27972 B  |  解析完整帧:    999 帧  |  发送帧:    999 帧  (   51948 B)  [帧头:EAEAEAEA  帧尾:AEAEAEAE]
[2026-04-02 17:17:29.737] 在线连接:   1  |  收到数据:    27860 B  |  解析完整帧:    995 帧  |  发送帧:    995 帧  (   51740 B)  [帧头:EAEAEAEA  帧尾:AEAEAEAE]
[2026-04-02 17:17:30.737] 在线连接:   1  |  收到数据:    27860 B  |  解析完整帧:    995 帧  |  发送帧:    995 帧  (   51740 B)  [帧头:EAEAEAEA  帧尾:AEAEAEAE]
[2026-04-02 17:17:31.738] 在线连接:   1  |  收到数据:    27972 B  |  解析完整帧:    999 帧  |  发送帧:    999 帧  (   51948 B)  [帧头:EAEAEAEA  帧尾:AEAEAEAE]
[2026-04-02 17:17:32.739] 在线连接:   1  |  收到数据:    27860 B  |  解析完整帧:    995 帧  |  发送帧:    995 帧  (   51740 B)  [帧头:EAEAEAEA  帧尾:AEAEAEAE]
[2026-04-02 17:17:33.740] 在线连接:   1  |  收到数据:    28252 B  |  解析完整帧:   1009 帧  |  发送帧:   1009 帧  (   52468 B)  [帧头:EAEAEAEA  帧尾:AEAEAEAE]
[2026-04-02 17:17:34.741] 在线连接:   1  |  收到数据:    27860 B  |  解析完整帧:    995 帧  |  发送帧:    995 帧  (   51740 B)  [帧头:EAEAEAEA  帧尾:AEAEAEAE]
[2026-04-02 17:17:35.742] 在线连接:   1  |  收到数据:    27916 B  |  解析完整帧:    997 帧  |  发送帧:    997 帧  (   51844 B)  [帧头:EAEAEAEA  帧尾:AEAEAEAE]
[2026-04-02 17:17:36.742] 在线连接:   1  |  收到数据:    28588 B  |  解析完整帧:   1021 帧  |  发送帧:   1020 帧  (   53040 B)  [帧头:EAEAEAEA  帧尾:AEAEAEAE]
[2026-04-02 17:17:37.743] 在线连接:   1  |  收到数据:    27552 B  |  解析完整帧:    984 帧  |  发送帧:    985 帧  (   51220 B)  [帧头:EAEAEAEA  帧尾:AEAEAEAE]
[2026-04-02 17:17:38.744] 在线连接:   1  |  收到数据:    28056 B  |  解析完整帧:   1002 帧  |  发送帧:   1002 帧  (   52104 B)  [帧头:EAEAEAEA  帧尾:AEAEAEAE]
[2026-04-02 17:17:39.745] 在线连接:   1  |  收到数据:    28448 B  |  解析完整帧:   1016 帧  |  发送帧:   1016 帧  (   52832 B)  [帧头:EAEAEAEA  帧尾:AEAEAEAE]
[2026-04-02 17:17:40.745] 在线连接:   1  |  收到数据:    27972 B  |  解析完整帧:    999 帧  |  发送帧:    999 帧  (   51948 B)  [帧头:EAEAEAEA  帧尾:AEAEAEAE]
[2026-04-02 17:17:41.746] 在线连接:   1  |  收到数据:    27664 B  |  解析完整帧:    988 帧  |  发送帧:    988 帧  (   51376 B)  [帧头:EAEAEAEA  帧尾:AEAEAEAE]
[2026-04-02 17:17:42.747] 在线连接:   1  |  收到数据:    28392 B  |  解析完整帧:   1014 帧  |  发送帧:   1014 帧  (   52728 B)  [帧头:EAEAEAEA  帧尾:AEAEAEAE]
[2026-04-02 17:17:43.748] 在线连接:   1  |  收到数据:    27860 B  |  解析完整帧:    995 帧  |  发送帧:    995 帧  (   51740 B)  [帧头:EAEAEAEA  帧尾:AEAEAEAE]
[2026-04-02 17:17:44.749] 在线连接:   1  |  收到数据:    28224 B  |  解析完整帧:   1008 帧  |  发送帧:   1008 帧  (   52416 B)  [帧头:EAEAEAEA  帧尾:AEAEAEAE]
[2026-04-02 17:17:45.750] 在线连接:   1  |  收到数据:    27748 B  |  解析完整帧:    991 帧  |  发送帧:    974 帧  (   50648 B)  [帧头:EAEAEAEA  帧尾:AEAEAEAE]
[2026-04-02 17:17:46.751] 在线连接:   1  |  收到数据:    28280 B  |  解析完整帧:   1010 帧  |  发送帧:   1027 帧  (   53404 B)  [帧头:EAEAEAEA  帧尾:AEAEAEAE]
[2026-04-02 17:17:47.751] 在线连接:   1  |  收到数据:    27524 B  |  解析完整帧:    983 帧  |  发送帧:    983 帧  (   51116 B)  [帧头:EAEAEAEA  帧尾:AEAEAEAE]
[2026-04-02 17:17:48.752] 在线连接:   1  |  收到数据:    28448 B  |  解析完整帧:   1016 帧  |  发送帧:   1016 帧  (   52832 B)  [帧头:EAEAEAEA  帧尾:AEAEAEAE]
[2026-04-02 17:17:49.753] 在线连接:   1  |  收到数据:    28084 B  |  解析完整帧:   1003 帧  |  发送帧:   1003 帧  (   52156 B)  [帧头:EAEAEAEA  帧尾:AEAEAEAE]
[2026-04-02 17:17:50.754] 在线连接:   1  |  收到数据:    27972 B  |  解析完整帧:    999 帧  |  发送帧:    999 帧  (   51948 B)  [帧头:EAEAEAEA  帧尾:AEAEAEAE]
[2026-04-02 17:17:51.755] 在线连接:   1  |  收到数据:    27720 B  |  解析完整帧:    990 帧  |  发送帧:    990 帧  (   51480 B)  [帧头:EAEAEAEA  帧尾:AEAEAEAE]
[2026-04-02 17:17:52.755] 在线连接:   1  |  收到数据:    28028 B  |  解析完整帧:   1001 帧  |  发送帧:   1001 帧  (   52052 B)  [帧头:EAEAEAEA  帧尾:AEAEAEAE]
[2026-04-02 17:17:53.756] 在线连接:   1  |  收到数据:    28364 B  |  解析完整帧:   1013 帧  |  发送帧:   1013 帧  (   52676 B)  [帧头:EAEAEAEA  帧尾:AEAEAEAE]
[2026-04-02 17:17:54.757] 在线连接:   1  |  收到数据:    27832 B  |  解析完整帧:    994 帧  |  发送帧:    994 帧  (   51688 B)  [帧头:EAEAEAEA  帧尾:AEAEAEAE]
[2026-04-02 17:17:55.762] 在线连接:   1  |  收到数据:    28308 B  |  解析完整帧:   1011 帧  |  发送帧:   1011 帧  (   52572 B)  [帧头:EAEAEAEA  帧尾:AEAEAEAE]
[2026-04-02 17:17:56.765] 在线连接:   1  |  收到数据:    27692 B  |  解析完整帧:    989 帧  |  发送帧:    989 帧  (   51428 B)  [帧头:EAEAEAEA  帧尾:AEAEAEAE]
[2026-04-02 17:17:57.765] 在线连接:   1  |  收到数据:    28224 B  |  解析完整帧:   1008 帧  |  发送帧:   1008 帧  (   52416 B)  [帧头:EAEAEAEA  帧尾:AEAEAEAE]
[2026-04-02 17:17:58.782] 在线连接:   1  |  收到数据:    27860 B  |  解析完整帧:    995 帧  |  发送帧:    995 帧  (   51740 B)  [帧头:EAEAEAEA  帧尾:AEAEAEAE]
[2026-04-02 17:17:59.783] 在线连接:   1  |  收到数据:    28700 B  |  解析完整帧:   1025 帧  |  发送帧:   1025 帧  (   53300 B)  [帧头:EAEAEAEA  帧尾:AEAEAEAE]
[2026-04-02 17:18:00.784] 在线连接:   1  |  收到数据:    27972 B  |  解析完整帧:    999 帧  |  发送帧:    999 帧  (   51948 B)  [帧头:EAEAEAEA  帧尾:AEAEAEAE]
[2026-04-02 17:18:01.785] 在线连接:   1  |  收到数据:    28028 B  |  解析完整帧:   1001 帧  |  发送帧:   1001 帧  (   52052 B)  [帧头:EAEAEAEA  帧尾:AEAEAEAE]
[2026-04-02 17:18:02.785] 在线连接:   1  |  收到数据:    28140 B  |  解析完整帧:   1005 帧  |  发送帧:    999 帧  (   51948 B)  [帧头:EAEAEAEA  帧尾:AEAEAEAE]
[2026-04-02 17:18:03.786] 在线连接:   1  |  收到数据:    27916 B  |  解析完整帧:    997 帧  |  发送帧:   1003 帧  (   52156 B)  [帧头:EAEAEAEA  帧尾:AEAEAEAE]
[2026-04-02 17:18:04.787] 在线连接:   1  |  收到数据:    27384 B  |  解析完整帧:    978 帧  |  发送帧:    978 帧  (   50856 B)  [帧头:EAEAEAEA  帧尾:AEAEAEAE]
[2026-04-02 17:18:05.789] 在线连接:   1  |  收到数据:    28756 B  |  解析完整帧:   1027 帧  |  发送帧:   1027 帧  (   53404 B)  [帧头:EAEAEAEA  帧尾:AEAEAEAE]
[2026-04-02 17:18:06.791] 在线连接:   1  |  收到数据:    27972 B  |  解析完整帧:    999 帧  |  发送帧:    999 帧  (   51948 B)  [帧头:EAEAEAEA  帧尾:AEAEAEAE]
[2026-04-02 17:18:07.792] 在线连接:   1  |  收到数据:    27412 B  |  解析完整帧:    979 帧  |  发送帧:    979 帧  (   50908 B)  [帧头:EAEAEAEA  帧尾:AEAEAEAE]
[2026-04-02 17:18:08.792] 在线连接:   1  |  收到数据:    28700 B  |  解析完整帧:   1025 帧  |  发送帧:   1025 帧  (   53300 B)  [帧头:EAEAEAEA  帧尾:AEAEAEAE]
[2026-04-02 17:18:09.793] 在线连接:   1  |  收到数据:    27720 B  |  解析完整帧:    990 帧  |  发送帧:    990 帧  (   51480 B)  [帧头:EAEAEAEA  帧尾:AEAEAEAE]
[2026-04-02 17:18:10.794] 在线连接:   1  |  收到数据:    27496 B  |  解析完整帧:    982 帧  |  发送帧:    982 帧  (   51064 B)  [帧头:EAEAEAEA  帧尾:AEAEAEAE]
[2026-04-02 17:18:11.794] 在线连接:   1  |  收到数据:    28616 B  |  解析完整帧:   1022 帧  |  发送帧:   1022 帧  (   53144 B)  [帧头:EAEAEAEA  帧尾:AEAEAEAE]
[2026-04-02 17:18:12.795] 在线连接:   1  |  收到数据:    28308 B  |  解析完整帧:   1011 帧  |  发送帧:   1011 帧  (   52572 B)  [帧头:EAEAEAEA  帧尾:AEAEAEAE]
[2026-04-02 17:18:13.796] 在线连接:   1  |  收到数据:    27580 B  |  解析完整帧:    985 帧  |  发送帧:    985 帧  (   51220 B)  [帧头:EAEAEAEA  帧尾:AEAEAEAE]
[2026-04-02 17:18:14.796] 在线连接:   1  |  收到数据:    28308 B  |  解析完整帧:   1011 帧  |  发送帧:   1011 帧  (   52572 B)  [帧头:EAEAEAEA  帧尾:AEAEAEAE]
[2026-04-02 17:18:15.797] 在线连接:   1  |  收到数据:    28140 B  |  解析完整帧:   1005 帧  |  发送帧:   1005 帧  (   52260 B)  [帧头:EAEAEAEA  帧尾:AEAEAEAE]
[2026-04-02 17:18:16.798] 在线连接:   1  |  收到数据:    27860 B  |  解析完整帧:    995 帧  |  发送帧:    995 帧  (   51740 B)  [帧头:EAEAEAEA  帧尾:AEAEAEAE]
[2026-04-02 17:18:17.799] 在线连接:   1  |  收到数据:    26964 B  |  解析完整帧:    963 帧  |  发送帧:    963 帧  (   50076 B)  [帧头:EAEAEAEA  帧尾:AEAEAEAE]
[2026-04-02 17:18:18.799] 在线连接:   1  |  收到数据:    28756 B  |  解析完整帧:   1027 帧  |  发送帧:   1027 帧  (   53404 B)  [帧头:EAEAEAEA  帧尾:AEAEAEAE]
[2026-04-02 17:18:19.800] 在线连接:   1  |  收到数据:    28280 B  |  解析完整帧:   1010 帧  |  发送帧:   1010 帧  (   52520 B)  [帧头:EAEAEAEA  帧尾:AEAEAEAE]
[2026-04-02 17:18:20.801] 在线连接:   1  |  收到数据:    28196 B  |  解析完整帧:   1007 帧  |  发送帧:   1007 帧  (   52364 B)  [帧头:EAEAEAEA  帧尾:AEAEAEAE]
[2026-04-02 17:18:21.801] 在线连接:   1  |  收到数据:    27468 B  |  解析完整帧:    981 帧  |  发送帧:    981 帧  (   51012 B)  [帧头:EAEAEAEA  帧尾:AEAEAEAE]
[2026-04-02 17:18:22.802] 在线连接:   1  |  收到数据:    27580 B  |  解析完整帧:    985 帧  |  发送帧:    985 帧  (   51220 B)  [帧头:EAEAEAEA  帧尾:AEAEAEAE]
[2026-04-02 17:18:23.803] 在线连接:   1  |  收到数据:    28364 B  |  解析完整帧:   1013 帧  |  发送帧:   1013 帧  (   52676 B)  [帧头:EAEAEAEA  帧尾:AEAEAEAE]
[2026-04-02 17:18:24.804] 在线连接:   1  |  收到数据:    28756 B  |  解析完整帧:   1027 帧  |  发送帧:   1023 帧  (   53196 B)  [帧头:EAEAEAEA  帧尾:AEAEAEAE]
[2026-04-02 17:18:25.805] 在线连接:   1  |  收到数据:    27384 B  |  解析完整帧:    978 帧  |  发送帧:    982 帧  (   51064 B)  [帧头:EAEAEAEA  帧尾:AEAEAEAE]
[2026-04-02 17:18:26.806] 在线连接:   1  |  收到数据:    28476 B  |  解析完整帧:   1017 帧  |  发送帧:   1017 帧  (   52884 B)  [帧头:EAEAEAEA  帧尾:AEAEAEAE]
[2026-04-02 17:18:27.807] 在线连接:   1  |  收到数据:    27104 B  |  解析完整帧:    968 帧  |  发送帧:    968 帧  (   50336 B)  [帧头:EAEAEAEA  帧尾:AEAEAEAE]
[2026-04-02 17:18:28.808] 在线连接:   1  |  收到数据:    29148 B  |  解析完整帧:   1041 帧  |  发送帧:   1039 帧  (   54028 B)  [帧头:EAEAEAEA  帧尾:AEAEAEAE]
[2026-04-02 17:18:29.809] 在线连接:   1  |  收到数据:    27496 B  |  解析完整帧:    982 帧  |  发送帧:    984 帧  (   51168 B)  [帧头:EAEAEAEA  帧尾:AEAEAEAE]
[2026-04-02 17:18:30.810] 在线连接:   1  |  收到数据:    28084 B  |  解析完整帧:   1003 帧  |  发送帧:   1003 帧  (   52156 B)  [帧头:EAEAEAEA  帧尾:AEAEAEAE]
[2026-04-02 17:18:31.810] 在线连接:   1  |  收到数据:    28280 B  |  解析完整帧:   1010 帧  |  发送帧:   1010 帧  (   52520 B)  [帧头:EAEAEAEA  帧尾:AEAEAEAE]
[2026-04-02 17:18:32.811] 在线连接:   1  |  收到数据:    28168 B  |  解析完整帧:   1006 帧  |  发送帧:   1003 帧  (   52156 B)  [帧头:EAEAEAEA  帧尾:AEAEAEAE]
[2026-04-02 17:18:33.812] 在线连接:   1  |  收到数据:    26880 B  |  解析完整帧:    960 帧  |  发送帧:    963 帧  (   50076 B)  [帧头:EAEAEAEA  帧尾:AEAEAEAE]
[2026-04-02 17:18:34.813] 在线连接:   1  |  收到数据:    29176 B  |  解析完整帧:   1042 帧  |  发送帧:   1042 帧  (   54184 B)  [帧头:EAEAEAEA  帧尾:AEAEAEAE]
[2026-04-02 17:18:35.816] 在线连接:   1  |  收到数据:    28140 B  |  解析完整帧:   1005 帧  |  发送帧:   1004 帧  (   52208 B)  [帧头:EAEAEAEA  帧尾:AEAEAEAE]
[2026-04-02 17:18:36.818] 在线连接:   1  |  收到数据:    27944 B  |  解析完整帧:    998 帧  |  发送帧:    999 帧  (   51948 B)  [帧头:EAEAEAEA  帧尾:AEAEAEAE]
[2026-04-02 17:18:37.818] 在线连接:   1  |  收到数据:    27580 B  |  解析完整帧:    985 帧  |  发送帧:    985 帧  (   51220 B)  [帧头:EAEAEAEA  帧尾:AEAEAEAE]
[2026-04-02 17:18:38.819] 在线连接:   1  |  收到数据:    27776 B  |  解析完整帧:    992 帧  |  发送帧:    992 帧  (   51584 B)  [帧头:EAEAEAEA  帧尾:AEAEAEAE]
[2026-04-02 17:18:39.820] 在线连接:   1  |  收到数据:    26852 B  |  解析完整帧:    959 帧  |  发送帧:    959 帧  (   49868 B)  [帧头:EAEAEAEA  帧尾:AEAEAEAE]
[2026-04-02 17:18:40.820] 在线连接:   1  |  收到数据:    29960 B  |  解析完整帧:   1070 帧  |  发送帧:   1070 帧  (   55640 B)  [帧头:EAEAEAEA  帧尾:AEAEAEAE]
[2026-04-02 17:18:41.821] 在线连接:   1  |  收到数据:    28000 B  |  解析完整帧:   1000 帧  |  发送帧:   1000 帧  (   52000 B)  [帧头:EAEAEAEA  帧尾:AEAEAEAE]
[2026-04-02 17:18:42.822] 在线连接:   1  |  收到数据:    28028 B  |  解析完整帧:   1001 帧  |  发送帧:   1001 帧  (   52052 B)  [帧头:EAEAEAEA  帧尾:AEAEAEAE]
[2026-04-02 17:18:43.822] 在线连接:   1  |  收到数据:    27916 B  |  解析完整帧:    997 帧  |  发送帧:    997 帧  (   51844 B)  [帧头:EAEAEAEA  帧尾:AEAEAEAE]
[2026-04-02 17:18:44.823] 在线连接:   1  |  收到数据:    26320 B  |  解析完整帧:    940 帧  |  发送帧:    940 帧  (   48880 B)  [帧头:EAEAEAEA  帧尾:AEAEAEAE]
[2026-04-02 17:18:45.824] 在线连接:   1  |  收到数据:    29400 B  |  解析完整帧:   1050 帧  |  发送帧:   1050 帧  (   54600 B)  [帧头:EAEAEAEA  帧尾:AEAEAEAE]
[2026-04-02 17:18:46.824] 在线连接:   1  |  收到数据:    28364 B  |  解析完整帧:   1013 帧  |  发送帧:   1013 帧  (   52676 B)  [帧头:EAEAEAEA  帧尾:AEAEAEAE]
[2026-04-02 17:18:47.825] 在线连接:   1  |  收到数据:    28028 B  |  解析完整帧:   1001 帧  |  发送帧:   1001 帧  (   52052 B)  [帧头:EAEAEAEA  帧尾:AEAEAEAE]
[2026-04-02 17:18:48.832] 在线连接:   1  |  收到数据:    28168 B  |  解析完整帧:   1006 帧  |  发送帧:   1006 帧  (   52312 B)  [帧头:EAEAEAEA  帧尾:AEAEAEAE]
[2026-04-02 17:18:49.833] 在线连接:   1  |  收到数据:    26264 B  |  解析完整帧:    938 帧  |  发送帧:    938 帧  (   48776 B)  [帧头:EAEAEAEA  帧尾:AEAEAEAE]
[2026-04-02 17:18:50.834] 在线连接:   1  |  收到数据:    29820 B  |  解析完整帧:   1065 帧  |  发送帧:   1065 帧  (   55380 B)  [帧头:EAEAEAEA  帧尾:AEAEAEAE]
[2026-04-02 17:18:51.835] 在线连接:   1  |  收到数据:    27832 B  |  解析完整帧:    994 帧  |  发送帧:    994 帧  (   51688 B)  [帧头:EAEAEAEA  帧尾:AEAEAEAE]
[2026-04-02 17:18:52.835] 在线连接:   1  |  收到数据:    28224 B  |  解析完整帧:   1008 帧  |  发送帧:   1008 帧  (   52416 B)  [帧头:EAEAEAEA  帧尾:AEAEAEAE]
[2026-04-02 17:18:53.836] 在线连接:   1  |  收到数据:    28056 B  |  解析完整帧:   1002 帧  |  发送帧:   1002 帧  (   52104 B)  [帧头:EAEAEAEA  帧尾:AEAEAEAE]
[2026-04-02 17:18:54.837] 在线连接:   1  |  收到数据:    28000 B  |  解析完整帧:   1000 帧  |  发送帧:   1000 帧  (   52000 B)  [帧头:EAEAEAEA  帧尾:AEAEAEAE]
[2026-04-02 17:18:55.838] 在线连接:   1  |  收到数据:    26012 B  |  解析完整帧:    929 帧  |  发送帧:    929 帧  (   48308 B)  [帧头:EAEAEAEA  帧尾:AEAEAEAE]
[2026-04-02 17:18:56.839] 在线连接:   1  |  收到数据:    29540 B  |  解析完整帧:   1055 帧  |  发送帧:   1055 帧  (   54860 B)  [帧头:EAEAEAEA  帧尾:AEAEAEAE]
[2026-04-02 17:18:57.840] 在线连接:   1  |  收到数据:    28448 B  |  解析完整帧:   1016 帧  |  发送帧:   1016 帧  (   52832 B)  [帧头:EAEAEAEA  帧尾:AEAEAEAE]
[2026-04-02 17:18:58.841] 在线连接:   1  |  收到数据:    28056 B  |  解析完整帧:   1002 帧  |  发送帧:   1002 帧  (   52104 B)  [帧头:EAEAEAEA  帧尾:AEAEAEAE]
[2026-04-02 17:18:59.841] 在线连接:   1  |  收到数据:    27944 B  |  解析完整帧:    998 帧  |  发送帧:    998 帧  (   51896 B)  [帧头:EAEAEAEA  帧尾:AEAEAEAE]
[2026-04-02 17:19:00.842] 在线连接:   1  |  收到数据:    28084 B  |  解析完整帧:   1003 帧  |  发送帧:   1003 帧  (   52156 B)  [帧头:EAEAEAEA  帧尾:AEAEAEAE]
[2026-04-02 17:19:01.843] 在线连接:   1  |  收到数据:    27272 B  |  解析完整帧:    974 帧  |  发送帧:    974 帧  (   50648 B)  [帧头:EAEAEAEA  帧尾:AEAEAEAE]
[2026-04-02 17:19:02.843] 在线连接:   1  |  收到数据:    28756 B  |  解析完整帧:   1027 帧  |  发送帧:   1027 帧  (   53404 B)  [帧头:EAEAEAEA  帧尾:AEAEAEAE]
[2026-04-02 17:19:03.844] 在线连接:   1  |  收到数据:    28028 B  |  解析完整帧:   1001 帧  |  发送帧:   1001 帧  (   52052 B)  [帧头:EAEAEAEA  帧尾:AEAEAEAE]
[2026-04-02 17:19:04.845] 在线连接:   1  |  收到数据:    27972 B  |  解析完整帧:    999 帧  |  发送帧:    999 帧  (   51948 B)  [帧头:EAEAEAEA  帧尾:AEAEAEAE]
[2026-04-02 17:19:05.846] 在线连接:   1  |  收到数据:    27916 B  |  解析完整帧:    997 帧  |  发送帧:    990 帧  (   51480 B)  [帧头:EAEAEAEA  帧尾:AEAEAEAE]
[2026-04-02 17:19:06.846] 在线连接:   1  |  收到数据:    26040 B  |  解析完整帧:    930 帧  |  发送帧:    937 帧  (   48724 B)  [帧头:EAEAEAEA  帧尾:AEAEAEAE]
[2026-04-02 17:19:07.847] 在线连接:   1  |  收到数据:    30128 B  |  解析完整帧:   1076 帧  |  发送帧:   1076 帧  (   55952 B)  [帧头:EAEAEAEA  帧尾:AEAEAEAE]
[2026-04-02 17:19:08.848] 在线连接:   1  |  收到数据:    27944 B  |  解析完整帧:    998 帧  |  发送帧:    998 帧  (   51896 B)  [帧头:EAEAEAEA  帧尾:AEAEAEAE]
[2026-04-02 17:19:09.849] 在线连接:   1  |  收到数据:    28084 B  |  解析完整帧:   1003 帧  |  发送帧:   1003 帧  (   52156 B)  [帧头:EAEAEAEA  帧尾:AEAEAEAE]
[2026-04-02 17:19:10.850] 在线连接:   1  |  收到数据:    27888 B  |  解析完整帧:    996 帧  |  发送帧:    996 帧  (   51792 B)  [帧头:EAEAEAEA  帧尾:AEAEAEAE]
[2026-04-02 17:19:11.851] 在线连接:   1  |  收到数据:    27888 B  |  解析完整帧:    996 帧  |  发送帧:    996 帧  (   51792 B)  [帧头:EAEAEAEA  帧尾:AEAEAEAE]
[2026-04-02 17:19:12.852] 在线连接:   1  |  收到数据:    26180 B  |  解析完整帧:    935 帧  |  发送帧:    935 帧  (   48620 B)  [帧头:EAEAEAEA  帧尾:AEAEAEAE]
[2026-04-02 17:19:13.852] 在线连接:   1  |  收到数据:    30212 B  |  解析完整帧:   1079 帧  |  发送帧:   1079 帧  (   56108 B)  [帧头:EAEAEAEA  帧尾:AEAEAEAE]
[2026-04-02 17:19:14.853] 在线连接:   1  |  收到数据:    27972 B  |  解析完整帧:    999 帧  |  发送帧:    999 帧  (   51948 B)  [帧头:EAEAEAEA  帧尾:AEAEAEAE]
[2026-04-02 17:19:15.854] 在线连接:   1  |  收到数据:    27552 B  |  解析完整帧:    984 帧  |  发送帧:    984 帧  (   51168 B)  [帧头:EAEAEAEA  帧尾:AEAEAEAE]
[2026-04-02 17:19:16.854] 在线连接:   1  |  收到数据:    28476 B  |  解析完整帧:   1017 帧  |  发送帧:   1017 帧  (   52884 B)  [帧头:EAEAEAEA  帧尾:AEAEAEAE]
[2026-04-02 17:19:17.856] 在线连接:   1  |  收到数据:    28084 B  |  解析完整帧:   1003 帧  |  发送帧:   1003 帧  (   52156 B)  [帧头:EAEAEAEA  帧尾:AEAEAEAE]
[2026-04-02 17:19:18.856] 在线连接:   1  |  收到数据:    28000 B  |  解析完整帧:   1000 帧  |  发送帧:   1000 帧  (   52000 B)  [帧头:EAEAEAEA  帧尾:AEAEAEAE]
[2026-04-02 17:19:19.857] 在线连接:   1  |  收到数据:    27300 B  |  解析完整帧:    975 帧  |  发送帧:    975 帧  (   50700 B)  [帧头:EAEAEAEA  帧尾:AEAEAEAE]
[2026-04-02 17:19:20.858] 在线连接:   1  |  收到数据:    28504 B  |  解析完整帧:   1018 帧  |  发送帧:   1018 帧  (   52936 B)  [帧头:EAEAEAEA  帧尾:AEAEAEAE]
[2026-04-02 17:19:21.859] 在线连接:   1  |  收到数据:    28224 B  |  解析完整帧:   1008 帧  |  发送帧:   1008 帧  (   52416 B)  [帧头:EAEAEAEA  帧尾:AEAEAEAE]
[2026-04-02 17:19:22.859] 在线连接:   1  |  收到数据:    27664 B  |  解析完整帧:    988 帧  |  发送帧:    988 帧  (   51376 B)  [帧头:EAEAEAEA  帧尾:AEAEAEAE]
[2026-04-02 17:19:23.860] 在线连接:   1  |  收到数据:    28420 B  |  解析完整帧:   1015 帧  |  发送帧:   1015 帧  (   52780 B)  [帧头:EAEAEAEA  帧尾:AEAEAEAE]
[2026-04-02 17:19:24.860] 在线连接:   1  |  收到数据:    28000 B  |  解析完整帧:   1000 帧  |  发送帧:   1000 帧  (   52000 B)  [帧头:EAEAEAEA  帧尾:AEAEAEAE]
[2026-04-02 17:19:25.861] 在线连接:   1  |  收到数据:    27720 B  |  解析完整帧:    990 帧  |  发送帧:    990 帧  (   51480 B)  [帧头:EAEAEAEA  帧尾:AEAEAEAE]
[2026-04-02 17:19:26.865] 在线连接:   1  |  收到数据:    28196 B  |  解析完整帧:   1007 帧  |  发送帧:   1007 帧  (   52364 B)  [帧头:EAEAEAEA  帧尾:AEAEAEAE]
[2026-04-02 17:19:27.867] 在线连接:   1  |  收到数据:    27972 B  |  解析完整帧:    999 帧  |  发送帧:    999 帧  (   51948 B)  [帧头:EAEAEAEA  帧尾:AEAEAEAE]
[2026-04-02 17:19:28.868] 在线连接:   1  |  收到数据:    28308 B  |  解析完整帧:   1011 帧  |  发送帧:   1011 帧  (   52572 B)  [帧头:EAEAEAEA  帧尾:AEAEAEAE]
[2026-04-02 17:19:29.868] 在线连接:   1  |  收到数据:    27888 B  |  解析完整帧:    996 帧  |  发送帧:    996 帧  (   51792 B)  [帧头:EAEAEAEA  帧尾:AEAEAEAE]
[2026-04-02 17:19:30.869] 在线连接:   1  |  收到数据:    28168 B  |  解析完整帧:   1006 帧  |  发送帧:   1006 帧  (   52312 B)  [帧头:EAEAEAEA  帧尾:AEAEAEAE]
[2026-04-02 17:19:31.870] 在线连接:   1  |  收到数据:    27860 B  |  解析完整帧:    995 帧  |  发送帧:    995 帧  (   51740 B)  [帧头:EAEAEAEA  帧尾:AEAEAEAE]
[2026-04-02 17:19:32.871] 在线连接:   1  |  收到数据:    28112 B  |  解析完整帧:   1004 帧  |  发送帧:    984 帧  (   51168 B)  [帧头:EAEAEAEA  帧尾:AEAEAEAE]
[2026-04-02 17:19:33.872] 在线连接:   1  |  收到数据:    27888 B  |  解析完整帧:    996 帧  |  发送帧:   1016 帧  (   52832 B)  [帧头:EAEAEAEA  帧尾:AEAEAEAE]
[2026-04-02 17:19:34.872] 在线连接:   1  |  收到数据:    28168 B  |  解析完整帧:   1006 帧  |  发送帧:   1006 帧  (   52312 B)  [帧头:EAEAEAEA  帧尾:AEAEAEAE]
[2026-04-02 17:19:35.878] 在线连接:   1  |  收到数据:    28196 B  |  解析完整帧:   1007 帧  |  发送帧:   1007 帧  (   52364 B)  [帧头:EAEAEAEA  帧尾:AEAEAEAE]
[2026-04-02 17:19:36.879] 在线连接:   1  |  收到数据:    27860 B  |  解析完整帧:    995 帧  |  发送帧:    995 帧  (   51740 B)  [帧头:EAEAEAEA  帧尾:AEAEAEAE]
[2026-04-02 17:19:37.879] 在线连接:   1  |  收到数据:    28196 B  |  解析完整帧:   1007 帧  |  发送帧:   1007 帧  (   52364 B)  [帧头:EAEAEAEA  帧尾:AEAEAEAE]
[2026-04-02 17:19:38.880] 在线连接:   1  |  收到数据:    28028 B  |  解析完整帧:   1001 帧  |  发送帧:   1001 帧  (   52052 B)  [帧头:EAEAEAEA  帧尾:AEAEAEAE]
[2026-04-02 17:19:39.881] 在线连接:   1  |  收到数据:    27860 B  |  解析完整帧:    995 帧  |  发送帧:    995 帧  (   51740 B)  [帧头:EAEAEAEA  帧尾:AEAEAEAE]
[2026-04-02 17:19:40.881] 在线连接:   1  |  收到数据:    27972 B  |  解析完整帧:    999 帧  |  发送帧:    999 帧  (   51948 B)  [帧头:EAEAEAEA  帧尾:AEAEAEAE]
[2026-04-02 17:19:41.882] 在线连接:   1  |  收到数据:    28196 B  |  解析完整帧:   1007 帧  |  发送帧:   1007 帧  (   52364 B)  [帧头:EAEAEAEA  帧尾:AEAEAEAE]
[2026-04-02 17:19:42.882] 在线连接:   1  |  收到数据:    27860 B  |  解析完整帧:    995 帧  |  发送帧:    995 帧  (   51740 B)  [帧头:EAEAEAEA  帧尾:AEAEAEAE]
[2026-04-02 17:19:43.883] 在线连接:   1  |  收到数据:    27916 B  |  解析完整帧:    997 帧  |  发送帧:    997 帧  (   51844 B)  [帧头:EAEAEAEA  帧尾:AEAEAEAE]
[2026-04-02 17:19:44.884] 在线连接:   1  |  收到数据:    28308 B  |  解析完整帧:   1011 帧  |  发送帧:   1011 帧  (   52572 B)  [帧头:EAEAEAEA  帧尾:AEAEAEAE]
[2026-04-02 17:19:45.884] 在线连接:   1  |  收到数据:    27972 B  |  解析完整帧:    999 帧  |  发送帧:    999 帧  (   51948 B)  [帧头:EAEAEAEA  帧尾:AEAEAEAE]
[2026-04-02 17:19:46.885] 在线连接:   1  |  收到数据:    27916 B  |  解析完整帧:    997 帧  |  发送帧:    997 帧  (   51844 B)  [帧头:EAEAEAEA  帧尾:AEAEAEAE]
[2026-04-02 17:19:47.886] 在线连接:   1  |  收到数据:    27804 B  |  解析完整帧:    993 帧  |  发送帧:    993 帧  (   51636 B)  [帧头:EAEAEAEA  帧尾:AEAEAEAE]
[2026-04-02 17:19:48.887] 在线连接:   1  |  收到数据:    28196 B  |  解析完整帧:   1007 帧  |  发送帧:   1007 帧  (   52364 B)  [帧头:EAEAEAEA  帧尾:AEAEAEAE]
[2026-04-02 17:19:49.888] 在线连接:   1  |  收到数据:    28056 B  |  解析完整帧:   1002 帧  |  发送帧:   1002 帧  (   52104 B)  [帧头:EAEAEAEA  帧尾:AEAEAEAE]
[2026-04-02 17:19:50.888] 在线连接:   1  |  收到数据:    28168 B  |  解析完整帧:   1006 帧  |  发送帧:   1006 帧  (   52312 B)  [帧头:EAEAEAEA  帧尾:AEAEAEAE]
[2026-04-02 17:19:51.889] 在线连接:   1  |  收到数据:    28000 B  |  解析完整帧:   1000 帧  |  发送帧:   1000 帧  (   52000 B)  [帧头:EAEAEAEA  帧尾:AEAEAEAE]
[2026-04-02 17:19:52.889] 在线连接:   1  |  收到数据:    27916 B  |  解析完整帧:    997 帧  |  发送帧:    997 帧  (   51844 B)  [帧头:EAEAEAEA  帧尾:AEAEAEAE]
[2026-04-02 17:19:53.890] 在线连接:   1  |  收到数据:    28084 B  |  解析完整帧:   1003 帧  |  发送帧:   1003 帧  (   52156 B)  [帧头:EAEAEAEA  帧尾:AEAEAEAE]
[2026-04-02 17:19:54.891] 在线连接:   1  |  收到数据:    27944 B  |  解析完整帧:    998 帧  |  发送帧:    998 帧  (   51896 B)  [帧头:EAEAEAEA  帧尾:AEAEAEAE]
[2026-04-02 17:19:55.892] 在线连接:   1  |  收到数据:    28112 B  |  解析完整帧:   1004 帧  |  发送帧:   1004 帧  (   52208 B)  [帧头:EAEAEAEA  帧尾:AEAEAEAE]
[2026-04-02 17:19:56.900] 在线连接:   1  |  收到数据:    28140 B  |  解析完整帧:   1005 帧  |  发送帧:   1005 帧  (   52260 B)  [帧头:EAEAEAEA  帧尾:AEAEAEAE]
[2026-04-02 17:19:57.921] 在线连接:   1  |  收到数据:    28616 B  |  解析完整帧:   1022 帧  |  发送帧:   1022 帧  (   53144 B)  [帧头:EAEAEAEA  帧尾:AEAEAEAE]
[2026-04-02 17:19:58.933] 在线连接:   1  |  收到数据:    28392 B  |  解析完整帧:   1014 帧  |  发送帧:   1014 帧  (   52728 B)  [帧头:EAEAEAEA  帧尾:AEAEAEAE]
[2026-04-02 17:19:59.935] 在线连接:   1  |  收到数据:    27972 B  |  解析完整帧:    999 帧  |  发送帧:    999 帧  (   51948 B)  [帧头:EAEAEAEA  帧尾:AEAEAEAE]
[2026-04-02 17:20:00.935] 在线连接:   1  |  收到数据:    28028 B  |  解析完整帧:   1001 帧  |  发送帧:    998 帧  (   51896 B)  [帧头:EAEAEAEA  帧尾:AEAEAEAE]
[2026-04-02 17:20:01.936] 在线连接:   1  |  收到数据:    28028 B  |  解析完整帧:   1001 帧  |  发送帧:   1004 帧  (   52208 B)  [帧头:EAEAEAEA  帧尾:AEAEAEAE]
[2026-04-02 17:20:02.937] 在线连接:   1  |  收到数据:    27944 B  |  解析完整帧:    998 帧  |  发送帧:    998 帧  (   51896 B)  [帧头:EAEAEAEA  帧尾:AEAEAEAE]
[2026-04-02 17:20:03.938] 在线连接:   1  |  收到数据:    28140 B  |  解析完整帧:   1005 帧  |  发送帧:   1005 帧  (   52260 B)  [帧头:EAEAEAEA  帧尾:AEAEAEAE]
[2026-04-02 17:20:04.948] 在线连接:   1  |  收到数据:    27804 B  |  解析完整帧:    993 帧  |  发送帧:    993 帧  (   51636 B)  [帧头:EAEAEAEA  帧尾:AEAEAEAE]
[2026-04-02 17:20:05.962] 在线连接:   1  |  收到数据:    28812 B  |  解析完整帧:   1029 帧  |  发送帧:   1029 帧  (   53508 B)  [帧头:EAEAEAEA  帧尾:AEAEAEAE]
[2026-04-02 17:20:06.962] 在线连接:   1  |  收到数据:    27832 B  |  解析完整帧:    994 帧  |  发送帧:    994 帧  (   51688 B)  [帧头:EAEAEAEA  帧尾:AEAEAEAE]
[2026-04-02 17:20:07.963] 在线连接:   1  |  收到数据:    27804 B  |  解析完整帧:    993 帧  |  发送帧:    993 帧  (   51636 B)  [帧头:EAEAEAEA  帧尾:AEAEAEAE]
[2026-04-02 17:20:08.963] 在线连接:   1  |  收到数据:    28280 B  |  解析完整帧:   1010 帧  |  发送帧:   1010 帧  (   52520 B)  [帧头:EAEAEAEA  帧尾:AEAEAEAE]
[2026-04-02 17:20:09.964] 在线连接:   1  |  收到数据:    27916 B  |  解析完整帧:    997 帧  |  发送帧:    997 帧  (   51844 B)  [帧头:EAEAEAEA  帧尾:AEAEAEAE]
[2026-04-02 17:20:10.965] 在线连接:   1  |  收到数据:    28252 B  |  解析完整帧:   1009 帧  |  发送帧:   1009 帧  (   52468 B)  [帧头:EAEAEAEA  帧尾:AEAEAEAE]
[2026-04-02 17:20:11.984] 在线连接:   1  |  收到数据:    27972 B  |  解析完整帧:    999 帧  |  发送帧:    999 帧  (   51948 B)  [帧头:EAEAEAEA  帧尾:AEAEAEAE]
[2026-04-02 17:20:13.004] 在线连接:   1  |  收到数据:    29148 B  |  解析完整帧:   1041 帧  |  发送帧:   1041 帧  (   54132 B)  [帧头:EAEAEAEA  帧尾:AEAEAEAE]
[2026-04-02 17:20:14.004] 在线连接:   1  |  收到数据:    27916 B  |  解析完整帧:    997 帧  |  发送帧:    997 帧  (   51844 B)  [帧头:EAEAEAEA  帧尾:AEAEAEAE]
[2026-04-02 17:20:15.005] 在线连接:   1  |  收到数据:    28084 B  |  解析完整帧:   1003 帧  |  发送帧:   1003 帧  (   52156 B)  [帧头:EAEAEAEA  帧尾:AEAEAEAE]
[2026-04-02 17:20:16.006] 在线连接:   1  |  收到数据:    27916 B  |  解析完整帧:    997 帧  |  发送帧:    997 帧  (   51844 B)  [帧头:EAEAEAEA  帧尾:AEAEAEAE]
[2026-04-02 17:20:17.007] 在线连接:   1  |  收到数据:    27860 B  |  解析完整帧:    995 帧  |  发送帧:    995 帧  (   51740 B)  [帧头:EAEAEAEA  帧尾:AEAEAEAE]
[2026-04-02 17:20:18.008] 在线连接:   1  |  收到数据:    28224 B  |  解析完整帧:   1008 帧  |  发送帧:   1008 帧  (   52416 B)  [帧头:EAEAEAEA  帧尾:AEAEAEAE]
[2026-04-02 17:20:19.009] 在线连接:   1  |  收到数据:    28056 B  |  解析完整帧:   1002 帧  |  发送帧:   1002 帧  (   52104 B)  [帧头:EAEAEAEA  帧尾:AEAEAEAE]
[2026-04-02 17:20:20.009] 在线连接:   1  |  收到数据:    27748 B  |  解析完整帧:    991 帧  |  发送帧:    991 帧  (   51532 B)  [帧头:EAEAEAEA  帧尾:AEAEAEAE]
[2026-04-02 17:20:21.010] 在线连接:   1  |  收到数据:    28252 B  |  解析完整帧:   1009 帧  |  发送帧:    994 帧  (   51688 B)  [帧头:EAEAEAEA  帧尾:AEAEAEAE]
[2026-04-02 17:20:22.011] 在线连接:   1  |  收到数据:    27916 B  |  解析完整帧:    997 帧  |  发送帧:   1012 帧  (   52624 B)  [帧头:EAEAEAEA  帧尾:AEAEAEAE]
[2026-04-02 17:20:23.011] 在线连接:   1  |  收到数据:    28224 B  |  解析完整帧:   1008 帧  |  发送帧:    999 帧  (   51948 B)  [帧头:EAEAEAEA  帧尾:AEAEAEAE]
[2026-04-02 17:20:24.012] 在线连接:   1  |  收到数据:    27720 B  |  解析完整帧:    990 帧  |  发送帧:    999 帧  (   51948 B)  [帧头:EAEAEAEA  帧尾:AEAEAEAE]
[2026-04-02 17:20:25.013] 在线连接:   1  |  收到数据:    27636 B  |  解析完整帧:    987 帧  |  发送帧:    987 帧  (   51324 B)  [帧头:EAEAEAEA  帧尾:AEAEAEAE]
[2026-04-02 17:20:26.014] 在线连接:   1  |  收到数据:    28644 B  |  解析完整帧:   1023 帧  |  发送帧:   1023 帧  (   53196 B)  [帧头:EAEAEAEA  帧尾:AEAEAEAE]
[2026-04-02 17:20:27.014] 在线连接:   1  |  收到数据:    27412 B  |  解析完整帧:    979 帧  |  发送帧:    979 帧  (   50908 B)  [帧头:EAEAEAEA  帧尾:AEAEAEAE]
[2026-04-02 17:20:28.019] 在线连接:   1  |  收到数据:    28616 B  |  解析完整帧:   1022 帧  |  发送帧:   1022 帧  (   53144 B)  [帧头:EAEAEAEA  帧尾:AEAEAEAE]
[2026-04-02 17:20:29.025] 在线连接:   1  |  收到数据:    28336 B  |  解析完整帧:   1012 帧  |  发送帧:   1012 帧  (   52624 B)  [帧头:EAEAEAEA  帧尾:AEAEAEAE]
[2026-04-02 17:20:30.025] 在线连接:   1  |  收到数据:    27944 B  |  解析完整帧:    998 帧  |  发送帧:    998 帧  (   51896 B)  [帧头:EAEAEAEA  帧尾:AEAEAEAE]
[2026-04-02 17:20:31.026] 在线连接:   1  |  收到数据:    28028 B  |  解析完整帧:   1001 帧  |  发送帧:   1001 帧  (   52052 B)  [帧头:EAEAEAEA  帧尾:AEAEAEAE]
[2026-04-02 17:20:32.027] 在线连接:   1  |  收到数据:    28000 B  |  解析完整帧:   1000 帧  |  发送帧:   1000 帧  (   52000 B)  [帧头:EAEAEAEA  帧尾:AEAEAEAE]
[2026-04-02 17:20:33.027] 在线连接:   1  |  收到数据:    28112 B  |  解析完整帧:   1004 帧  |  发送帧:   1004 帧  (   52208 B)  [帧头:EAEAEAEA  帧尾:AEAEAEAE]
[2026-04-02 17:20:34.028] 在线连接:   1  |  收到数据:    27440 B  |  解析完整帧:    980 帧  |  发送帧:    980 帧  (   50960 B)  [帧头:EAEAEAEA  帧尾:AEAEAEAE]
[2026-04-02 17:20:35.028] 在线连接:   1  |  收到数据:    28420 B  |  解析完整帧:   1015 帧  |  发送帧:   1015 帧  (   52780 B)  [帧头:EAEAEAEA  帧尾:AEAEAEAE]
[2026-04-02 17:20:36.029] 在线连接:   1  |  收到数据:    28112 B  |  解析完整帧:   1004 帧  |  发送帧:   1004 帧  (   52208 B)  [帧头:EAEAEAEA  帧尾:AEAEAEAE]
[2026-04-02 17:20:37.030] 在线连接:   1  |  收到数据:    27664 B  |  解析完整帧:    988 帧  |  发送帧:    988 帧  (   51376 B)  [帧头:EAEAEAEA  帧尾:AEAEAEAE]
[2026-04-02 17:20:38.031] 在线连接:   1  |  收到数据:    28476 B  |  解析完整帧:   1017 帧  |  发送帧:   1017 帧  (   52884 B)  [帧头:EAEAEAEA  帧尾:AEAEAEAE]
[2026-04-02 17:20:39.031] 在线连接:   1  |  收到数据:    27524 B  |  解析完整帧:    983 帧  |  发送帧:    983 帧  (   51116 B)  [帧头:EAEAEAEA  帧尾:AEAEAEAE]
[2026-04-02 17:20:40.032] 在线连接:   1  |  收到数据:    28504 B  |  解析完整帧:   1018 帧  |  发送帧:   1018 帧  (   52936 B)  [帧头:EAEAEAEA  帧尾:AEAEAEAE]
[2026-04-02 17:20:41.033] 在线连接:   1  |  收到数据:    27972 B  |  解析完整帧:    999 帧  |  发送帧:    999 帧  (   51948 B)  [帧头:EAEAEAEA  帧尾:AEAEAEAE]
[2026-04-02 17:20:42.034] 在线连接:   1  |  收到数据:    27440 B  |  解析完整帧:    980 帧  |  发送帧:    980 帧  (   50960 B)  [帧头:EAEAEAEA  帧尾:AEAEAEAE]
[2026-04-02 17:20:43.035] 在线连接:   1  |  收到数据:    28000 B  |  解析完整帧:   1000 帧  |  发送帧:   1000 帧  (   52000 B)  [帧头:EAEAEAEA  帧尾:AEAEAEAE]
[2026-04-02 17:20:44.036] 在线连接:   1  |  收到数据:    28308 B  |  解析完整帧:   1011 帧  |  发送帧:   1011 帧  (   52572 B)  [帧头:EAEAEAEA  帧尾:AEAEAEAE]
[2026-04-02 17:20:45.037] 在线连接:   1  |  收到数据:    28196 B  |  解析完整帧:   1007 帧  |  发送帧:   1007 帧  (   52364 B)  [帧头:EAEAEAEA  帧尾:AEAEAEAE]
[2026-04-02 17:20:46.037] 在线连接:   1  |  收到数据:    27804 B  |  解析完整帧:    993 帧  |  发送帧:    993 帧  (   51636 B)  [帧头:EAEAEAEA  帧尾:AEAEAEAE]
[2026-04-02 17:20:47.038] 在线连接:   1  |  收到数据:    28420 B  |  解析完整帧:   1015 帧  |  发送帧:   1015 帧  (   52780 B)  [帧头:EAEAEAEA  帧尾:AEAEAEAE]
[2026-04-02 17:20:48.045] 在线连接:   1  |  收到数据:    28084 B  |  解析完整帧:   1003 帧  |  发送帧:   1003 帧  (   52156 B)  [帧头:EAEAEAEA  帧尾:AEAEAEAE]
[2026-04-02 17:20:49.051] 在线连接:   1  |  收到数据:    27916 B  |  解析完整帧:    997 帧  |  发送帧:    997 帧  (   51844 B)  [帧头:EAEAEAEA  帧尾:AEAEAEAE]
[2026-04-02 17:20:50.052] 在线连接:   1  |  收到数据:    28140 B  |  解析完整帧:   1005 帧  |  发送帧:   1005 帧  (   52260 B)  [帧头:EAEAEAEA  帧尾:AEAEAEAE]
[2026-04-02 17:20:51.053] 在线连接:   1  |  收到数据:    28196 B  |  解析完整帧:   1007 帧  |  发送帧:   1007 帧  (   52364 B)  [帧头:EAEAEAEA  帧尾:AEAEAEAE]
[2026-04-02 17:20:52.054] 在线连接:   1  |  收到数据:    27944 B  |  解析完整帧:    998 帧  |  发送帧:    998 帧  (   51896 B)  [帧头:EAEAEAEA  帧尾:AEAEAEAE]
[2026-04-02 17:20:53.054] 在线连接:   1  |  收到数据:    28196 B  |  解析完整帧:   1007 帧  |  发送帧:   1007 帧  (   52364 B)  [帧头:EAEAEAEA  帧尾:AEAEAEAE]
[2026-04-02 17:20:54.055] 在线连接:   1  |  收到数据:    27860 B  |  解析完整帧:    995 帧  |  发送帧:    995 帧  (   51740 B)  [帧头:EAEAEAEA  帧尾:AEAEAEAE]
[2026-04-02 17:20:55.055] 在线连接:   1  |  收到数据:    28168 B  |  解析完整帧:   1006 帧  |  发送帧:   1006 帧  (   52312 B)  [帧头:EAEAEAEA  帧尾:AEAEAEAE]
[2026-04-02 17:20:56.056] 在线连接:   1  |  收到数据:    28028 B  |  解析完整帧:   1001 帧  |  发送帧:    993 帧  (   51636 B)  [帧头:EAEAEAEA  帧尾:AEAEAEAE]
[2026-04-02 17:20:57.057] 在线连接:   1  |  收到数据:    27972 B  |  解析完整帧:    999 帧  |  发送帧:   1007 帧  (   52364 B)  [帧头:EAEAEAEA  帧尾:AEAEAEAE]
[2026-04-02 17:20:58.058] 在线连接:   1  |  收到数据:    27916 B  |  解析完整帧:    997 帧  |  发送帧:    997 帧  (   51844 B)  [帧头:EAEAEAEA  帧尾:AEAEAEAE]
[2026-04-02 17:20:59.059] 在线连接:   1  |  收到数据:    28224 B  |  解析完整帧:   1008 帧  |  发送帧:   1008 帧  (   52416 B)  [帧头:EAEAEAEA  帧尾:AEAEAEAE]
[2026-04-02 17:21:00.060] 在线连接:   1  |  收到数据:    27580 B  |  解析完整帧:    985 帧  |  发送帧:    985 帧  (   51220 B)  [帧头:EAEAEAEA  帧尾:AEAEAEAE]
[2026-04-02 17:21:01.060] 在线连接:   1  |  收到数据:    28336 B  |  解析完整帧:   1012 帧  |  发送帧:   1012 帧  (   52624 B)  [帧头:EAEAEAEA  帧尾:AEAEAEAE]
[2026-04-02 17:21:02.061] 在线连接:   1  |  收到数据:    27356 B  |  解析完整帧:    977 帧  |  发送帧:    977 帧  (   50804 B)  [帧头:EAEAEAEA  帧尾:AEAEAEAE]
[2026-04-02 17:21:03.070] 在线连接:   1  |  收到数据:    28644 B  |  解析完整帧:   1023 帧  |  发送帧:   1023 帧  (   53196 B)  [帧头:EAEAEAEA  帧尾:AEAEAEAE]
[2026-04-02 17:21:04.073] 在线连接:   1  |  收到数据:    28448 B  |  解析完整帧:   1016 帧  |  发送帧:   1016 帧  (   52832 B)  [帧头:EAEAEAEA  帧尾:AEAEAEAE]
[2026-04-02 17:21:05.074] 在线连接:   1  |  收到数据:    28028 B  |  解析完整帧:   1001 帧  |  发送帧:   1001 帧  (   52052 B)  [帧头:EAEAEAEA  帧尾:AEAEAEAE]
[2026-04-02 17:21:06.082] 在线连接:   1  |  收到数据:    28000 B  |  解析完整帧:   1000 帧  |  发送帧:   1000 帧  (   52000 B)  [帧头:EAEAEAEA  帧尾:AEAEAEAE]
[2026-04-02 17:21:07.085] 在线连接:   1  |  收到数据:    27804 B  |  解析完整帧:    993 帧  |  发送帧:    993 帧  (   51636 B)  [帧头:EAEAEAEA  帧尾:AEAEAEAE]
[2026-04-02 17:21:08.086] 在线连接:   1  |  收到数据:    28504 B  |  解析完整帧:   1018 帧  |  发送帧:   1018 帧  (   52936 B)  [帧头:EAEAEAEA  帧尾:AEAEAEAE]
[2026-04-02 17:21:09.087] 在线连接:   1  |  收到数据:    28056 B  |  解析完整帧:   1002 帧  |  发送帧:   1002 帧  (   52104 B)  [帧头:EAEAEAEA  帧尾:AEAEAEAE]
[2026-04-02 17:21:10.087] 在线连接:   1  |  收到数据:    27580 B  |  解析完整帧:    985 帧  |  发送帧:    985 帧  (   51220 B)  [帧头:EAEAEAEA  帧尾:AEAEAEAE]
[2026-04-02 17:21:11.088] 在线连接:   1  |  收到数据:    28000 B  |  解析完整帧:   1000 帧  |  发送帧:   1000 帧  (   52000 B)  [帧头:EAEAEAEA  帧尾:AEAEAEAE]
[2026-04-02 17:21:12.089] 在线连接:   1  |  收到数据:    27832 B  |  解析完整帧:    994 帧  |  发送帧:    994 帧  (   51688 B)  [帧头:EAEAEAEA  帧尾:AEAEAEAE]
[2026-04-02 17:21:13.090] 在线连接:   1  |  收到数据:    28336 B  |  解析完整帧:   1012 帧  |  发送帧:   1012 帧  (   52624 B)  [帧头:EAEAEAEA  帧尾:AEAEAEAE]
[2026-04-02 17:21:14.091] 在线连接:   1  |  收到数据:    27860 B  |  解析完整帧:    995 帧  |  发送帧:    995 帧  (   51740 B)  [帧头:EAEAEAEA  帧尾:AEAEAEAE]
[2026-04-02 17:21:15.092] 在线连接:   1  |  收到数据:    28084 B  |  解析完整帧:   1003 帧  |  发送帧:   1003 帧  (   52156 B)  [帧头:EAEAEAEA  帧尾:AEAEAEAE]
[2026-04-02 17:21:16.092] 在线连接:   1  |  收到数据:    27552 B  |  解析完整帧:    984 帧  |  发送帧:    984 帧  (   51168 B)  [帧头:EAEAEAEA  帧尾:AEAEAEAE]
[2026-04-02 17:21:17.093] 在线连接:   1  |  收到数据:    27916 B  |  解析完整帧:    997 帧  |  发送帧:    997 帧  (   51844 B)  [帧头:EAEAEAEA  帧尾:AEAEAEAE]
[2026-04-02 17:21:18.094] 在线连接:   1  |  收到数据:    28476 B  |  解析完整帧:   1017 帧  |  发送帧:   1017 帧  (   52884 B)  [帧头:EAEAEAEA  帧尾:AEAEAEAE]
[2026-04-02 17:21:19.095] 在线连接:   1  |  收到数据:    27440 B  |  解析完整帧:    980 帧  |  发送帧:    980 帧  (   50960 B)  [帧头:EAEAEAEA  帧尾:AEAEAEAE]
[2026-04-02 17:21:20.096] 在线连接:   1  |  收到数据:    28308 B  |  解析完整帧:   1011 帧  |  发送帧:   1011 帧  (   52572 B)  [帧头:EAEAEAEA  帧尾:AEAEAEAE]
[2026-04-02 17:21:21.096] 在线连接:   1  |  收到数据:    27888 B  |  解析完整帧:    996 帧  |  发送帧:    996 帧  (   51792 B)  [帧头:EAEAEAEA  帧尾:AEAEAEAE]
[2026-04-02 17:21:22.097] 在线连接:   1  |  收到数据:    28252 B  |  解析完整帧:   1009 帧  |  发送帧:   1005 帧  (   52260 B)  [帧头:EAEAEAEA  帧尾:AEAEAEAE]
[2026-04-02 17:21:23.097] 在线连接:   1  |  收到数据:    28280 B  |  解析完整帧:   1010 帧  |  发送帧:   1014 帧  (   52728 B)  [帧头:EAEAEAEA  帧尾:AEAEAEAE]
[2026-04-02 17:21:24.098] 在线连接:   1  |  收到数据:    27776 B  |  解析完整帧:    992 帧  |  发送帧:    992 帧  (   51584 B)  [帧头:EAEAEAEA  帧尾:AEAEAEAE]
[2026-04-02 17:21:25.099] 在线连接:   1  |  收到数据:    28196 B  |  解析完整帧:   1007 帧  |  发送帧:   1007 帧  (   52364 B)  [帧头:EAEAEAEA  帧尾:AEAEAEAE]
[2026-04-02 17:21:26.099] 在线连接:   1  |  收到数据:    27860 B  |  解析完整帧:    995 帧  |  发送帧:    995 帧  (   51740 B)  [帧头:EAEAEAEA  帧尾:AEAEAEAE]
[2026-04-02 17:21:27.101] 在线连接:   1  |  收到数据:    28364 B  |  解析完整帧:   1013 帧  |  发送帧:   1009 帧  (   52468 B)  [帧头:EAEAEAEA  帧尾:AEAEAEAE]
[2026-04-02 17:21:28.102] 在线连接:   1  |  收到数据:    27944 B  |  解析完整帧:    998 帧  |  发送帧:   1002 帧  (   52104 B)  [帧头:EAEAEAEA  帧尾:AEAEAEAE]
[2026-04-02 17:21:29.102] 在线连接:   1  |  收到数据:    28112 B  |  解析完整帧:   1004 帧  |  发送帧:   1001 帧  (   52052 B)  [帧头:EAEAEAEA  帧尾:AEAEAEAE]
[2026-04-02 17:21:30.103] 在线连接:   1  |  收到数据:    27300 B  |  解析完整帧:    975 帧  |  发送帧:    978 帧  (   50856 B)  [帧头:EAEAEAEA  帧尾:AEAEAEAE]
[2026-04-02 17:21:31.104] 在线连接:   1  |  收到数据:    28700 B  |  解析完整帧:   1025 帧  |  发送帧:   1025 帧  (   53300 B)  [帧头:EAEAEAEA  帧尾:AEAEAEAE]
[2026-04-02 17:21:32.108] 在线连接:   1  |  收到数据:    27804 B  |  解析完整帧:    993 帧  |  发送帧:    993 帧  (   51636 B)  [帧头:EAEAEAEA  帧尾:AEAEAEAE]
[2026-04-02 17:21:33.109] 在线连接:   1  |  收到数据:    28112 B  |  解析完整帧:   1004 帧  |  发送帧:   1004 帧  (   52208 B)  [帧头:EAEAEAEA  帧尾:AEAEAEAE]
[2026-04-02 17:21:34.112] 在线连接:   1  |  收到数据:    28308 B  |  解析完整帧:   1011 帧  |  发送帧:   1011 帧  (   52572 B)  [帧头:EAEAEAEA  帧尾:AEAEAEAE]
[2026-04-02 17:21:35.120] 在线连接:   1  |  收到数据:    28224 B  |  解析完整帧:   1008 帧  |  发送帧:   1008 帧  (   52416 B)  [帧头:EAEAEAEA  帧尾:AEAEAEAE]
[2026-04-02 17:21:36.120] 在线连接:   1  |  收到数据:    27776 B  |  解析完整帧:    992 帧  |  发送帧:    992 帧  (   51584 B)  [帧头:EAEAEAEA  帧尾:AEAEAEAE]
[2026-04-02 17:21:37.121] 在线连接:   1  |  收到数据:    28252 B  |  解析完整帧:   1009 帧  |  发送帧:   1009 帧  (   52468 B)  [帧头:EAEAEAEA  帧尾:AEAEAEAE]
[2026-04-02 17:21:38.122] 在线连接:   1  |  收到数据:    28084 B  |  解析完整帧:   1003 帧  |  发送帧:   1003 帧  (   52156 B)  [帧头:EAEAEAEA  帧尾:AEAEAEAE]
[2026-04-02 17:21:39.122] 在线连接:   1  |  收到数据:    27888 B  |  解析完整帧:    996 帧  |  发送帧:    996 帧  (   51792 B)  [帧头:EAEAEAEA  帧尾:AEAEAEAE]
[2026-04-02 17:21:40.126] 在线连接:   1  |  收到数据:    28000 B  |  解析完整帧:   1000 帧  |  发送帧:   1000 帧  (   52000 B)  [帧头:EAEAEAEA  帧尾:AEAEAEAE]
[2026-04-02 17:21:41.127] 在线连接:   1  |  收到数据:    27888 B  |  解析完整帧:    996 帧  |  发送帧:    996 帧  (   51792 B)  [帧头:EAEAEAEA  帧尾:AEAEAEAE]
[2026-04-02 17:21:42.128] 在线连接:   1  |  收到数据:    28252 B  |  解析完整帧:   1009 帧  |  发送帧:   1009 帧  (   52468 B)  [帧头:EAEAEAEA  帧尾:AEAEAEAE]
[2026-04-02 17:21:43.129] 在线连接:   1  |  收到数据:    28028 B  |  解析完整帧:   1001 帧  |  发送帧:   1001 帧  (   52052 B)  [帧头:EAEAEAEA  帧尾:AEAEAEAE]
[2026-04-02 17:21:44.129] 在线连接:   1  |  收到数据:    27748 B  |  解析完整帧:    991 帧  |  发送帧:    991 帧  (   51532 B)  [帧头:EAEAEAEA  帧尾:AEAEAEAE]
[2026-04-02 17:21:45.130] 在线连接:   1  |  收到数据:    28168 B  |  解析完整帧:   1006 帧  |  发送帧:   1006 帧  (   52312 B)  [帧头:EAEAEAEA  帧尾:AEAEAEAE]
[2026-04-02 17:21:46.131] 在线连接:   1  |  收到数据:    28224 B  |  解析完整帧:   1008 帧  |  发送帧:   1008 帧  (   52416 B)  [帧头:EAEAEAEA  帧尾:AEAEAEAE]
[2026-04-02 17:21:47.132] 在线连接:   1  |  收到数据:    28056 B  |  解析完整帧:   1002 帧  |  发送帧:   1002 帧  (   52104 B)  [帧头:EAEAEAEA  帧尾:AEAEAEAE]
[2026-04-02 17:21:48.135] 在线连接:   1  |  收到数据:    27944 B  |  解析完整帧:    998 帧  |  发送帧:    998 帧  (   51896 B)  [帧头:EAEAEAEA  帧尾:AEAEAEAE]
[2026-04-02 17:21:49.145] 在线连接:   1  |  收到数据:    28420 B  |  解析完整帧:   1015 帧  |  发送帧:   1015 帧  (   52780 B)  [帧头:EAEAEAEA  帧尾:AEAEAEAE]
[2026-04-02 17:21:50.146] 在线连接:   1  |  收到数据:    27272 B  |  解析完整帧:    974 帧  |  发送帧:    974 帧  (   50648 B)  [帧头:EAEAEAEA  帧尾:AEAEAEAE]
[2026-04-02 17:21:51.146] 在线连接:   1  |  收到数据:    28700 B  |  解析完整帧:   1025 帧  |  发送帧:   1025 帧  (   53300 B)  [帧头:EAEAEAEA  帧尾:AEAEAEAE]
[2026-04-02 17:21:52.147] 在线连接:   1  |  收到数据:    28112 B  |  解析完整帧:   1004 帧  |  发送帧:   1002 帧  (   52104 B)  [帧头:EAEAEAEA  帧尾:AEAEAEAE]
[2026-04-02 17:21:53.148] 在线连接:   1  |  收到数据:    28000 B  |  解析完整帧:   1000 帧  |  发送帧:   1002 帧  (   52104 B)  [帧头:EAEAEAEA  帧尾:AEAEAEAE]
[2026-04-02 17:21:54.148] 在线连接:   1  |  收到数据:    27748 B  |  解析完整帧:    991 帧  |  发送帧:    991 帧  (   51532 B)  [帧头:EAEAEAEA  帧尾:AEAEAEAE]
[2026-04-02 17:21:55.149] 在线连接:   1  |  收到数据:    27664 B  |  解析完整帧:    988 帧  |  发送帧:    988 帧  (   51376 B)  [帧头:EAEAEAEA  帧尾:AEAEAEAE]
[2026-04-02 17:21:56.157] 在线连接:   1  |  收到数据:    28812 B  |  解析完整帧:   1029 帧  |  发送帧:   1029 帧  (   53508 B)  [帧头:EAEAEAEA  帧尾:AEAEAEAE]
[2026-04-02 17:21:57.158] 在线连接:   1  |  收到数据:    28028 B  |  解析完整帧:   1001 帧  |  发送帧:   1001 帧  (   52052 B)  [帧头:EAEAEAEA  帧尾:AEAEAEAE]
[2026-04-02 17:21:58.159] 在线连接:   1  |  收到数据:    27356 B  |  解析完整帧:    977 帧  |  发送帧:    977 帧  (   50804 B)  [帧头:EAEAEAEA  帧尾:AEAEAEAE]
[2026-04-02 17:21:59.159] 在线连接:   1  |  收到数据:    28700 B  |  解析完整帧:   1025 帧  |  发送帧:   1025 帧  (   53300 B)  [帧头:EAEAEAEA  帧尾:AEAEAEAE]
[2026-04-02 17:22:00.160] 在线连接:   1  |  收到数据:    28028 B  |  解析完整帧:   1001 帧  |  发送帧:   1001 帧  (   52052 B)  [帧头:EAEAEAEA  帧尾:AEAEAEAE]
[2026-04-02 17:22:01.160] 在线连接:   1  |  收到数据:    27972 B  |  解析完整帧:    999 帧  |  发送帧:    999 帧  (   51948 B)  [帧头:EAEAEAEA  帧尾:AEAEAEAE]
[2026-04-02 17:22:02.161] 在线连接:   1  |  收到数据:    27720 B  |  解析完整帧:    990 帧  |  发送帧:    990 帧  (   51480 B)  [帧头:EAEAEAEA  帧尾:AEAEAEAE]
[2026-04-02 17:22:03.162] 在线连接:   1  |  收到数据:    27916 B  |  解析完整帧:    997 帧  |  发送帧:    997 帧  (   51844 B)  [帧头:EAEAEAEA  帧尾:AEAEAEAE]
[2026-04-02 17:22:04.163] 在线连接:   1  |  收到数据:    28336 B  |  解析完整帧:   1012 帧  |  发送帧:   1012 帧  (   52624 B)  [帧头:EAEAEAEA  帧尾:AEAEAEAE]
[2026-04-02 17:22:05.164] 在线连接:   1  |  收到数据:    28168 B  |  解析完整帧:   1006 帧  |  发送帧:   1006 帧  (   52312 B)  [帧头:EAEAEAEA  帧尾:AEAEAEAE]
[2026-04-02 17:22:06.164] 在线连接:   1  |  收到数据:    27860 B  |  解析完整帧:    995 帧  |  发送帧:    995 帧  (   51740 B)  [帧头:EAEAEAEA  帧尾:AEAEAEAE]
[2026-04-02 17:22:07.165] 在线连接:   1  |  收到数据:    27944 B  |  解析完整帧:    998 帧  |  发送帧:    998 帧  (   51896 B)  [帧头:EAEAEAEA  帧尾:AEAEAEAE]
[2026-04-02 17:22:08.169] 在线连接:   1  |  收到数据:    28000 B  |  解析完整帧:   1000 帧  |  发送帧:   1000 帧  (   52000 B)  [帧头:EAEAEAEA  帧尾:AEAEAEAE]
[2026-04-02 17:22:09.169] 在线连接:   1  |  收到数据:    27944 B  |  解析完整帧:    998 帧  |  发送帧:    998 帧  (   51896 B)  [帧头:EAEAEAEA  帧尾:AEAEAEAE]
[2026-04-02 17:22:10.170] 在线连接:   1  |  收到数据:    28308 B  |  解析完整帧:   1011 帧  |  发送帧:   1010 帧  (   52520 B)  [帧头:EAEAEAEA  帧尾:AEAEAEAE]
[2026-04-02 17:22:11.171] 在线连接:   1  |  收到数据:    28140 B  |  解析完整帧:   1005 帧  |  发送帧:   1006 帧  (   52312 B)  [帧头:EAEAEAEA  帧尾:AEAEAEAE]
[2026-04-02 17:22:12.171] 在线连接:   1  |  收到数据:    27244 B  |  解析完整帧:    973 帧  |  发送帧:    973 帧  (   50596 B)  [帧头:EAEAEAEA  帧尾:AEAEAEAE]
[2026-04-02 17:22:13.172] 在线连接:   1  |  收到数据:    28728 B  |  解析完整帧:   1026 帧  |  发送帧:   1026 帧  (   53352 B)  [帧头:EAEAEAEA  帧尾:AEAEAEAE]
[2026-04-02 17:22:14.173] 在线连接:   1  |  收到数据:    28028 B  |  解析完整帧:   1001 帧  |  发送帧:   1001 帧  (   52052 B)  [帧头:EAEAEAEA  帧尾:AEAEAEAE]
[2026-04-02 17:22:15.174] 在线连接:   1  |  收到数据:    27776 B  |  解析完整帧:    992 帧  |  发送帧:    992 帧  (   51584 B)  [帧头:EAEAEAEA  帧尾:AEAEAEAE]
[2026-04-02 17:22:16.177] 在线连接:   1  |  收到数据:    28308 B  |  解析完整帧:   1011 帧  |  发送帧:   1011 帧  (   52572 B)  [帧头:EAEAEAEA  帧尾:AEAEAEAE]
[2026-04-02 17:22:17.192] 在线连接:   1  |  收到数据:    28364 B  |  解析完整帧:   1013 帧  |  发送帧:   1013 帧  (   52676 B)  [帧头:EAEAEAEA  帧尾:AEAEAEAE]
[2026-04-02 17:22:18.193] 在线连接:   1  |  收到数据:    27832 B  |  解析完整帧:    994 帧  |  发送帧:    994 帧  (   51688 B)  [帧头:EAEAEAEA  帧尾:AEAEAEAE]
[2026-04-02 17:22:19.194] 在线连接:   1  |  收到数据:    28028 B  |  解析完整帧:   1001 帧  |  发送帧:   1001 帧  (   52052 B)  [帧头:EAEAEAEA  帧尾:AEAEAEAE]
[2026-04-02 17:22:20.195] 在线连接:   1  |  收到数据:    28000 B  |  解析完整帧:   1000 帧  |  发送帧:   1000 帧  (   52000 B)  [帧头:EAEAEAEA  帧尾:AEAEAEAE]
[2026-04-02 17:22:21.196] 在线连接:   1  |  收到数据:    28336 B  |  解析完整帧:   1012 帧  |  发送帧:   1012 帧  (   52624 B)  [帧头:EAEAEAEA  帧尾:AEAEAEAE]
[2026-04-02 17:22:22.197] 在线连接:   1  |  收到数据:    27972 B  |  解析完整帧:    999 帧  |  发送帧:    999 帧  (   51948 B)  [帧头:EAEAEAEA  帧尾:AEAEAEAE]
[2026-04-02 17:22:23.198] 在线连接:   1  |  收到数据:    27944 B  |  解析完整帧:    998 帧  |  发送帧:    998 帧  (   51896 B)  [帧头:EAEAEAEA  帧尾:AEAEAEAE]
[2026-04-02 17:22:24.217] 在线连接:   1  |  收到数据:    28700 B  |  解析完整帧:   1025 帧  |  发送帧:   1022 帧  (   53144 B)  [帧头:EAEAEAEA  帧尾:AEAEAEAE]
[2026-04-02 17:22:25.224] 在线连接:   1  |  收到数据:    28084 B  |  解析完整帧:   1003 帧  |  发送帧:   1006 帧  (   52312 B)  [帧头:EAEAEAEA  帧尾:AEAEAEAE]
[2026-04-02 17:22:26.225] 在线连接:   1  |  收到数据:    28056 B  |  解析完整帧:   1002 帧  |  发送帧:   1002 帧  (   52104 B)  [帧头:EAEAEAEA  帧尾:AEAEAEAE]
[2026-04-02 17:22:27.226] 在线连接:   1  |  收到数据:    27972 B  |  解析完整帧:    999 帧  |  发送帧:    999 帧  (   51948 B)  [帧头:EAEAEAEA  帧尾:AEAEAEAE]
[2026-04-02 17:22:28.227] 在线连接:   1  |  收到数据:    27804 B  |  解析完整帧:    993 帧  |  发送帧:    993 帧  (   51636 B)  [帧头:EAEAEAEA  帧尾:AEAEAEAE]
[2026-04-02 17:22:29.228] 在线连接:   1  |  收到数据:    28308 B  |  解析完整帧:   1011 帧  |  发送帧:   1011 帧  (   52572 B)  [帧头:EAEAEAEA  帧尾:AEAEAEAE]
[2026-04-02 17:22:30.229] 在线连接:   1  |  收到数据:    27944 B  |  解析完整帧:    998 帧  |  发送帧:    998 帧  (   51896 B)  [帧头:EAEAEAEA  帧尾:AEAEAEAE]
[2026-04-02 17:22:31.229] 在线连接:   1  |  收到数据:    28084 B  |  解析完整帧:   1003 帧  |  发送帧:   1003 帧  (   52156 B)  [帧头:EAEAEAEA  帧尾:AEAEAEAE]
[2026-04-02 17:22:32.230] 在线连接:   1  |  收到数据:    27356 B  |  解析完整帧:    977 帧  |  发送帧:    977 帧  (   50804 B)  [帧头:EAEAEAEA  帧尾:AEAEAEAE]
[2026-04-02 17:22:33.231] 在线连接:   1  |  收到数据:    28644 B  |  解析完整帧:   1023 帧  |  发送帧:   1023 帧  (   53196 B)  [帧头:EAEAEAEA  帧尾:AEAEAEAE]
[2026-04-02 17:22:34.235] 在线连接:   1  |  收到数据:    28028 B  |  解析完整帧:   1001 帧  |  发送帧:   1001 帧  (   52052 B)  [帧头:EAEAEAEA  帧尾:AEAEAEAE]
[2026-04-02 17:22:35.245] 在线连接:   1  |  收到数据:    27944 B  |  解析完整帧:    998 帧  |  发送帧:    998 帧  (   51896 B)  [帧头:EAEAEAEA  帧尾:AEAEAEAE]
[2026-04-02 17:22:36.245] 在线连接:   1  |  收到数据:    28392 B  |  解析完整帧:   1014 帧  |  发送帧:   1014 帧  (   52728 B)  [帧头:EAEAEAEA  帧尾:AEAEAEAE]
[2026-04-02 17:22:37.246] 在线连接:   1  |  收到数据:    28168 B  |  解析完整帧:   1006 帧  |  发送帧:   1006 帧  (   52312 B)  [帧头:EAEAEAEA  帧尾:AEAEAEAE]
[2026-04-02 17:22:38.247] 在线连接:   1  |  收到数据:    27832 B  |  解析完整帧:    994 帧  |  发送帧:    994 帧  (   51688 B)  [帧头:EAEAEAEA  帧尾:AEAEAEAE]
[2026-04-02 17:22:39.248] 在线连接:   1  |  收到数据:    28252 B  |  解析完整帧:   1009 帧  |  发送帧:   1008 帧  (   52416 B)  [帧头:EAEAEAEA  帧尾:AEAEAEAE]
[2026-04-02 17:22:40.248] 在线连接:   1  |  收到数据:    27832 B  |  解析完整帧:    994 帧  |  发送帧:    995 帧  (   51740 B)  [帧头:EAEAEAEA  帧尾:AEAEAEAE]
[2026-04-02 17:22:41.249] 在线连接:   1  |  收到数据:    28028 B  |  解析完整帧:   1001 帧  |  发送帧:   1001 帧  (   52052 B)  [帧头:EAEAEAEA  帧尾:AEAEAEAE]
[2026-04-02 17:22:42.250] 在线连接:   1  |  收到数据:    28084 B  |  解析完整帧:   1003 帧  |  发送帧:   1003 帧  (   52156 B)  [帧头:EAEAEAEA  帧尾:AEAEAEAE]
[2026-04-02 17:22:43.251] 在线连接:   1  |  收到数据:    28000 B  |  解析完整帧:   1000 帧  |  发送帧:   1000 帧  (   52000 B)  [帧头:EAEAEAEA  帧尾:AEAEAEAE]
[2026-04-02 17:22:44.251] 在线连接:   1  |  收到数据:    28084 B  |  解析完整帧:   1003 帧  |  发送帧:   1003 帧  (   52156 B)  [帧头:EAEAEAEA  帧尾:AEAEAEAE]
[2026-04-02 17:22:45.260] 在线连接:   1  |  收到数据:    28140 B  |  解析完整帧:   1005 帧  |  发送帧:   1005 帧  (   52260 B)  [帧头:EAEAEAEA  帧尾:AEAEAEAE]
[2026-04-02 17:22:46.265] 在线连接:   1  |  收到数据:    28196 B  |  解析完整帧:   1007 帧  |  发送帧:   1007 帧  (   52364 B)  [帧头:EAEAEAEA  帧尾:AEAEAEAE]
[2026-04-02 17:22:47.266] 在线连接:   1  |  收到数据:    28000 B  |  解析完整帧:   1000 帧  |  发送帧:   1000 帧  (   52000 B)  [帧头:EAEAEAEA  帧尾:AEAEAEAE]
[2026-04-02 17:22:48.266] 在线连接:   1  |  收到数据:    28084 B  |  解析完整帧:   1003 帧  |  发送帧:   1003 帧  (   52156 B)  [帧头:EAEAEAEA  帧尾:AEAEAEAE]
[2026-04-02 17:22:49.267] 在线连接:   1  |  收到数据:    27972 B  |  解析完整帧:    999 帧  |  发送帧:    999 帧  (   51948 B)  [帧头:EAEAEAEA  帧尾:AEAEAEAE]
[2026-04-02 17:22:50.268] 在线连接:   1  |  收到数据:    27496 B  |  解析完整帧:    982 帧  |  发送帧:    982 帧  (   51064 B)  [帧头:EAEAEAEA  帧尾:AEAEAEAE]
[2026-04-02 17:22:51.269] 在线连接:   1  |  收到数据:    28644 B  |  解析完整帧:   1023 帧  |  发送帧:   1021 帧  (   53092 B)  [帧头:EAEAEAEA  帧尾:AEAEAEAE]
[2026-04-02 17:22:52.269] 在线连接:   1  |  收到数据:    27972 B  |  解析完整帧:    999 帧  |  发送帧:   1001 帧  (   52052 B)  [帧头:EAEAEAEA  帧尾:AEAEAEAE]
[2026-04-02 17:22:53.270] 在线连接:   1  |  收到数据:    28112 B  |  解析完整帧:   1004 帧  |  发送帧:   1004 帧  (   52208 B)  [帧头:EAEAEAEA  帧尾:AEAEAEAE]
[2026-04-02 17:22:54.271] 在线连接:   1  |  收到数据:    28000 B  |  解析完整帧:   1000 帧  |  发送帧:   1000 帧  (   52000 B)  [帧头:EAEAEAEA  帧尾:AEAEAEAE]
[2026-04-02 17:22:55.272] 在线连接:   1  |  收到数据:    27720 B  |  解析完整帧:    990 帧  |  发送帧:    990 帧  (   51480 B)  [帧头:EAEAEAEA  帧尾:AEAEAEAE]
[2026-04-02 17:22:56.273] 在线连接:   1  |  收到数据:    28336 B  |  解析完整帧:   1012 帧  |  发送帧:   1012 帧  (   52624 B)  [帧头:EAEAEAEA  帧尾:AEAEAEAE]
[2026-04-02 17:22:57.273] 在线连接:   1  |  收到数据:    27972 B  |  解析完整帧:    999 帧  |  发送帧:    999 帧  (   51948 B)  [帧头:EAEAEAEA  帧尾:AEAEAEAE]
[2026-04-02 17:22:58.284] 在线连接:   1  |  收到数据:    28308 B  |  解析完整帧:   1011 帧  |  发送帧:   1011 帧  (   52572 B)  [帧头:EAEAEAEA  帧尾:AEAEAEAE]
[2026-04-02 17:22:59.296] 在线连接:   1  |  收到数据:    28084 B  |  解析完整帧:   1003 帧  |  发送帧:   1003 帧  (   52156 B)  [帧头:EAEAEAEA  帧尾:AEAEAEAE]
[2026-04-02 17:23:00.318] 在线连接:   1  |  收到数据:    28784 B  |  解析完整帧:   1028 帧  |  发送帧:   1028 帧  (   53456 B)  [帧头:EAEAEAEA  帧尾:AEAEAEAE]
[2026-04-02 17:23:01.333] 在线连接:   1  |  收到数据:    28196 B  |  解析完整帧:   1007 帧  |  发送帧:   1007 帧  (   52364 B)  [帧头:EAEAEAEA  帧尾:AEAEAEAE]
[2026-04-02 17:23:02.335] 在线连接:   1  |  收到数据:    28336 B  |  解析完整帧:   1012 帧  |  发送帧:   1012 帧  (   52624 B)  [帧头:EAEAEAEA  帧尾:AEAEAEAE]
[2026-04-02 17:23:03.336] 在线连接:   1  |  收到数据:    28000 B  |  解析完整帧:   1000 帧  |  发送帧:   1000 帧  (   52000 B)  [帧头:EAEAEAEA  帧尾:AEAEAEAE]
[2026-04-02 17:23:04.337] 在线连接:   1  |  收到数据:    27916 B  |  解析完整帧:    997 帧  |  发送帧:    997 帧  (   51844 B)  [帧头:EAEAEAEA  帧尾:AEAEAEAE]
[2026-04-02 17:23:05.338] 在线连接:   1  |  收到数据:    28056 B  |  解析完整帧:   1002 帧  |  发送帧:   1002 帧  (   52104 B)  [帧头:EAEAEAEA  帧尾:AEAEAEAE]
[2026-04-02 17:23:06.339] 在线连接:   1  |  收到数据:    28112 B  |  解析完整帧:   1004 帧  |  发送帧:   1004 帧  (   52208 B)  [帧头:EAEAEAEA  帧尾:AEAEAEAE]
[2026-04-02 17:23:07.340] 在线连接:   1  |  收到数据:    28028 B  |  解析完整帧:   1001 帧  |  发送帧:   1001 帧  (   52052 B)  [帧头:EAEAEAEA  帧尾:AEAEAEAE]
[2026-04-02 17:23:08.341] 在线连接:   1  |  收到数据:    27944 B  |  解析完整帧:    998 帧  |  发送帧:    998 帧  (   51896 B)  [帧头:EAEAEAEA  帧尾:AEAEAEAE]
[2026-04-02 17:23:09.341] 在线连接:   1  |  收到数据:    27944 B  |  解析完整帧:    998 帧  |  发送帧:    998 帧  (   51896 B)  [帧头:EAEAEAEA  帧尾:AEAEAEAE]
[2026-04-02 17:23:10.342] 在线连接:   1  |  收到数据:    28000 B  |  解析完整帧:   1000 帧  |  发送帧:   1000 帧  (   52000 B)  [帧头:EAEAEAEA  帧尾:AEAEAEAE]
[2026-04-02 17:23:11.344] 在线连接:   1  |  收到数据:    28056 B  |  解析完整帧:   1002 帧  |  发送帧:   1002 帧  (   52104 B)  [帧头:EAEAEAEA  帧尾:AEAEAEAE]
[2026-04-02 17:23:12.344] 在线连接:   1  |  收到数据:    27776 B  |  解析完整帧:    992 帧  |  发送帧:    992 帧  (   51584 B)  [帧头:EAEAEAEA  帧尾:AEAEAEAE]
[2026-04-02 17:23:13.345] 在线连接:   1  |  收到数据:    28420 B  |  解析完整帧:   1015 帧  |  发送帧:   1015 帧  (   52780 B)  [帧头:EAEAEAEA  帧尾:AEAEAEAE]
[2026-04-02 17:23:14.346] 在线连接:   1  |  收到数据:    28028 B  |  解析完整帧:   1001 帧  |  发送帧:   1001 帧  (   52052 B)  [帧头:EAEAEAEA  帧尾:AEAEAEAE]
[2026-04-02 17:23:15.346] 在线连接:   1  |  收到数据:    27944 B  |  解析完整帧:    998 帧  |  发送帧:    998 帧  (   51896 B)  [帧头:EAEAEAEA  帧尾:AEAEAEAE]
[2026-04-02 17:23:16.347] 在线连接:   1  |  收到数据:    27720 B  |  解析完整帧:    990 帧  |  发送帧:    990 帧  (   51480 B)  [帧头:EAEAEAEA  帧尾:AEAEAEAE]
[2026-04-02 17:23:17.348] 在线连接:   1  |  收到数据:    28252 B  |  解析完整帧:   1009 帧  |  发送帧:   1006 帧  (   52312 B)  [帧头:EAEAEAEA  帧尾:AEAEAEAE]
[2026-04-02 17:23:18.349] 在线连接:   1  |  收到数据:    28168 B  |  解析完整帧:   1006 帧  |  发送帧:   1009 帧  (   52468 B)  [帧头:EAEAEAEA  帧尾:AEAEAEAE]
[2026-04-02 17:23:19.350] 在线连接:   1  |  收到数据:    27916 B  |  解析完整帧:    997 帧  |  发送帧:    997 帧  (   51844 B)  [帧头:EAEAEAEA  帧尾:AEAEAEAE]
[2026-04-02 17:23:20.352] 在线连接:   1  |  收到数据:    27972 B  |  解析完整帧:    999 帧  |  发送帧:    999 帧  (   51948 B)  [帧头:EAEAEAEA  帧尾:AEAEAEAE]
[2026-04-02 17:23:21.363] 在线连接:   1  |  收到数据:    28504 B  |  解析完整帧:   1018 帧  |  发送帧:   1018 帧  (   52936 B)  [帧头:EAEAEAEA  帧尾:AEAEAEAE]
[2026-04-02 17:23:22.363] 在线连接:   1  |  收到数据:    27832 B  |  解析完整帧:    994 帧  |  发送帧:    994 帧  (   51688 B)  [帧头:EAEAEAEA  帧尾:AEAEAEAE]
[2026-04-02 17:23:23.364] 在线连接:   1  |  收到数据:    28168 B  |  解析完整帧:   1006 帧  |  发送帧:   1006 帧  (   52312 B)  [帧头:EAEAEAEA  帧尾:AEAEAEAE]
[2026-04-02 17:23:24.381] 在线连接:   1  |  收到数据:    28196 B  |  解析完整帧:   1007 帧  |  发送帧:   1007 帧  (   52364 B)  [帧头:EAEAEAEA  帧尾:AEAEAEAE]
[2026-04-02 17:23:25.402] 在线连接:   1  |  收到数据:    28840 B  |  解析完整帧:   1030 帧  |  发送帧:   1030 帧  (   53560 B)  [帧头:EAEAEAEA  帧尾:AEAEAEAE]
[2026-04-02 17:23:26.403] 在线连接:   1  |  收到数据:    27384 B  |  解析完整帧:    978 帧  |  发送帧:    978 帧  (   50856 B)  [帧头:EAEAEAEA  帧尾:AEAEAEAE]
[2026-04-02 17:23:27.413] 在线连接:   1  |  收到数据:    28784 B  |  解析完整帧:   1028 帧  |  发送帧:   1028 帧  (   53456 B)  [帧头:EAEAEAEA  帧尾:AEAEAEAE]
[2026-04-02 17:23:28.424] 在线连接:   1  |  收到数据:    28224 B  |  解析完整帧:   1008 帧  |  发送帧:   1008 帧  (   52416 B)  [帧头:EAEAEAEA  帧尾:AEAEAEAE]
[2026-04-02 17:23:29.425] 在线连接:   1  |  收到数据:    28252 B  |  解析完整帧:   1009 帧  |  发送帧:   1009 帧  (   52468 B)  [帧头:EAEAEAEA  帧尾:AEAEAEAE]
[2026-04-02 17:23:30.426] 在线连接:   1  |  收到数据:    28000 B  |  解析完整帧:   1000 帧  |  发送帧:   1000 帧  (   52000 B)  [帧头:EAEAEAEA  帧尾:AEAEAEAE]
[2026-04-02 17:23:31.426] 在线连接:   1  |  收到数据:    28140 B  |  解析完整帧:   1005 帧  |  发送帧:   1005 帧  (   52260 B)  [帧头:EAEAEAEA  帧尾:AEAEAEAE]
[2026-04-02 17:23:32.427] 在线连接:   1  |  收到数据:    27860 B  |  解析完整帧:    995 帧  |  发送帧:    995 帧  (   51740 B)  [帧头:EAEAEAEA  帧尾:AEAEAEAE]
[2026-04-02 17:23:33.428] 在线连接:   1  |  收到数据:    28084 B  |  解析完整帧:   1003 帧  |  发送帧:   1003 帧  (   52156 B)  [帧头:EAEAEAEA  帧尾:AEAEAEAE]
[2026-04-02 17:23:34.428] 在线连接:   1  |  收到数据:    28056 B  |  解析完整帧:   1002 帧  |  发送帧:   1002 帧  (   52104 B)  [帧头:EAEAEAEA  帧尾:AEAEAEAE]
[2026-04-02 17:23:35.429] 在线连接:   1  |  收到数据:    28000 B  |  解析完整帧:   1000 帧  |  发送帧:   1000 帧  (   52000 B)  [帧头:EAEAEAEA  帧尾:AEAEAEAE]
[2026-04-02 17:23:36.429] 在线连接:   1  |  收到数据:    28084 B  |  解析完整帧:   1003 帧  |  发送帧:   1003 帧  (   52156 B)  [帧头:EAEAEAEA  帧尾:AEAEAEAE]
[2026-04-02 17:23:37.441] 在线连接:   1  |  收到数据:    27692 B  |  解析完整帧:    989 帧  |  发送帧:    989 帧  (   51428 B)  [帧头:EAEAEAEA  帧尾:AEAEAEAE]
[2026-04-02 17:23:38.442] 在线连接:   1  |  收到数据:    28476 B  |  解析完整帧:   1017 帧  |  发送帧:   1017 帧  (   52884 B)  [帧头:EAEAEAEA  帧尾:AEAEAEAE]
[2026-04-02 17:23:39.444] 在线连接:   1  |  收到数据:    28140 B  |  解析完整帧:   1005 帧  |  发送帧:   1005 帧  (   52260 B)  [帧头:EAEAEAEA  帧尾:AEAEAEAE]
[2026-04-02 17:23:40.453] 在线连接:   1  |  收到数据:    28336 B  |  解析完整帧:   1012 帧  |  发送帧:   1012 帧  (   52624 B)  [帧头:EAEAEAEA  帧尾:AEAEAEAE]
[2026-04-02 17:23:41.453] 在线连接:   1  |  收到数据:    27412 B  |  解析完整帧:    979 帧  |  发送帧:    979 帧  (   50908 B)  [帧头:EAEAEAEA  帧尾:AEAEAEAE]
[2026-04-02 17:23:42.456] 在线连接:   1  |  收到数据:    28364 B  |  解析完整帧:   1013 帧  |  发送帧:   1013 帧  (   52676 B)  [帧头:EAEAEAEA  帧尾:AEAEAEAE]
[2026-04-02 17:23:43.463] 在线连接:   1  |  收到数据:    28448 B  |  解析完整帧:   1016 帧  |  发送帧:   1016 帧  (   52832 B)  [帧头:EAEAEAEA  帧尾:AEAEAEAE]
[2026-04-02 17:23:44.464] 在线连接:   1  |  收到数据:    27888 B  |  解析完整帧:    996 帧  |  发送帧:    996 帧  (   51792 B)  [帧头:EAEAEAEA  帧尾:AEAEAEAE]
[2026-04-02 17:23:45.464] 在线连接:   1  |  收到数据:    28140 B  |  解析完整帧:   1005 帧  |  发送帧:   1005 帧  (   52260 B)  [帧头:EAEAEAEA  帧尾:AEAEAEAE]
[2026-04-02 17:23:46.465] 在线连接:   1  |  收到数据:    27776 B  |  解析完整帧:    992 帧  |  发送帧:    992 帧  (   51584 B)  [帧头:EAEAEAEA  帧尾:AEAEAEAE]
[2026-04-02 17:23:47.466] 在线连接:   1  |  收到数据:    28000 B  |  解析完整帧:   1000 帧  |  发送帧:   1000 帧  (   52000 B)  [帧头:EAEAEAEA  帧尾:AEAEAEAE]
[2026-04-02 17:23:48.467] 在线连接:   1  |  收到数据:    28252 B  |  解析完整帧:   1009 帧  |  发送帧:   1009 帧  (   52468 B)  [帧头:EAEAEAEA  帧尾:AEAEAEAE]
[2026-04-02 17:23:49.468] 在线连接:   1  |  收到数据:    28028 B  |  解析完整帧:   1001 帧  |  发送帧:   1001 帧  (   52052 B)  [帧头:EAEAEAEA  帧尾:AEAEAEAE]
[2026-04-02 17:23:50.469] 在线连接:   1  |  收到数据:    27972 B  |  解析完整帧:    999 帧  |  发送帧:    999 帧  (   51948 B)  [帧头:EAEAEAEA  帧尾:AEAEAEAE]
[2026-04-02 17:23:51.469] 在线连接:   1  |  收到数据:    28056 B  |  解析完整帧:   1002 帧  |  发送帧:   1002 帧  (   52104 B)  [帧头:EAEAEAEA  帧尾:AEAEAEAE]
[2026-04-02 17:23:52.470] 在线连接:   1  |  收到数据:    27468 B  |  解析完整帧:    981 帧  |  发送帧:    981 帧  (   51012 B)  [帧头:EAEAEAEA  帧尾:AEAEAEAE]
[2026-04-02 17:23:53.493] 在线连接:   1  |  收到数据:    28924 B  |  解析完整帧:   1033 帧  |  发送帧:   1033 帧  (   53716 B)  [帧头:EAEAEAEA  帧尾:AEAEAEAE]
[2026-04-02 17:23:54.494] 在线连接:   1  |  收到数据:    28252 B  |  解析完整帧:   1009 帧  |  发送帧:   1009 帧  (   52468 B)  [帧头:EAEAEAEA  帧尾:AEAEAEAE]
[2026-04-02 17:23:55.494] 在线连接:   1  |  收到数据:    28084 B  |  解析完整帧:   1003 帧  |  发送帧:   1003 帧  (   52156 B)  [帧头:EAEAEAEA  帧尾:AEAEAEAE]
[2026-04-02 17:23:56.495] 在线连接:   1  |  收到数据:    27972 B  |  解析完整帧:    999 帧  |  发送帧:    999 帧  (   51948 B)  [帧头:EAEAEAEA  帧尾:AEAEAEAE]
[2026-04-02 17:23:57.496] 在线连接:   1  |  收到数据:    27580 B  |  解析完整帧:    985 帧  |  发送帧:    985 帧  (   51220 B)  [帧头:EAEAEAEA  帧尾:AEAEAEAE]
[2026-04-02 17:23:58.496] 在线连接:   1  |  收到数据:    28392 B  |  解析完整帧:   1014 帧  |  发送帧:   1014 帧  (   52728 B)  [帧头:EAEAEAEA  帧尾:AEAEAEAE]
[2026-04-02 17:23:59.497] 在线连接:   1  |  收到数据:    27972 B  |  解析完整帧:    999 帧  |  发送帧:    999 帧  (   51948 B)  [帧头:EAEAEAEA  帧尾:AEAEAEAE]
[2026-04-02 17:24:00.499] 在线连接:   1  |  收到数据:    27944 B  |  解析完整帧:    998 帧  |  发送帧:    998 帧  (   51896 B)  [帧头:EAEAEAEA  帧尾:AEAEAEAE]
[2026-04-02 17:24:01.502] 在线连接:   1  |  收到数据:    28140 B  |  解析完整帧:   1005 帧  |  发送帧:   1005 帧  (   52260 B)  [帧头:EAEAEAEA  帧尾:AEAEAEAE]
[2026-04-02 17:24:02.503] 在线连接:   1  |  收到数据:    27440 B  |  解析完整帧:    980 帧  |  发送帧:    980 帧  (   50960 B)  [帧头:EAEAEAEA  帧尾:AEAEAEAE]
[2026-04-02 17:24:03.504] 在线连接:   1  |  收到数据:    28616 B  |  解析完整帧:   1022 帧  |  发送帧:   1022 帧  (   53144 B)  [帧头:EAEAEAEA  帧尾:AEAEAEAE]
[2026-04-02 17:24:04.505] 在线连接:   1  |  收到数据:    28084 B  |  解析完整帧:   1003 帧  |  发送帧:   1003 帧  (   52156 B)  [帧头:EAEAEAEA  帧尾:AEAEAEAE]
[2026-04-02 17:24:05.505] 在线连接:   1  |  收到数据:    27636 B  |  解析完整帧:    987 帧  |  发送帧:    987 帧  (   51324 B)  [帧头:EAEAEAEA  帧尾:AEAEAEAE]
[2026-04-02 17:24:06.506] 在线连接:   1  |  收到数据:    28252 B  |  解析完整帧:   1009 帧  |  发送帧:   1009 帧  (   52468 B)  [帧头:EAEAEAEA  帧尾:AEAEAEAE]
[2026-04-02 17:24:07.507] 在线连接:   1  |  收到数据:    28168 B  |  解析完整帧:   1006 帧  |  发送帧:   1006 帧  (   52312 B)  [帧头:EAEAEAEA  帧尾:AEAEAEAE]
[2026-04-02 17:24:08.507] 在线连接:   1  |  收到数据:    27972 B  |  解析完整帧:    999 帧  |  发送帧:    999 帧  (   51948 B)  [帧头:EAEAEAEA  帧尾:AEAEAEAE]
[2026-04-02 17:24:09.508] 在线连接:   1  |  收到数据:    27580 B  |  解析完整帧:    985 帧  |  发送帧:    985 帧  (   51220 B)  [帧头:EAEAEAEA  帧尾:AEAEAEAE]
[2026-04-02 17:24:10.509] 在线连接:   1  |  收到数据:    28532 B  |  解析完整帧:   1019 帧  |  发送帧:   1018 帧  (   52936 B)  [帧头:EAEAEAEA  帧尾:AEAEAEAE]
[2026-04-02 17:24:11.510] 在线连接:   1  |  收到数据:    28000 B  |  解析完整帧:   1000 帧  |  发送帧:   1001 帧  (   52052 B)  [帧头:EAEAEAEA  帧尾:AEAEAEAE]
[2026-04-02 17:24:12.511] 在线连接:   1  |  收到数据:    27972 B  |  解析完整帧:    999 帧  |  发送帧:    999 帧  (   51948 B)  [帧头:EAEAEAEA  帧尾:AEAEAEAE]
[2026-04-02 17:24:13.511] 在线连接:   1  |  收到数据:    27944 B  |  解析完整帧:    998 帧  |  发送帧:    998 帧  (   51896 B)  [帧头:EAEAEAEA  帧尾:AEAEAEAE]
[2026-04-02 17:24:14.513] 在线连接:   1  |  收到数据:    28168 B  |  解析完整帧:   1006 帧  |  发送帧:   1006 帧  (   52312 B)  [帧头:EAEAEAEA  帧尾:AEAEAEAE]
[2026-04-02 17:24:15.513] 在线连接:   1  |  收到数据:    27804 B  |  解析完整帧:    993 帧  |  发送帧:    993 帧  (   51636 B)  [帧头:EAEAEAEA  帧尾:AEAEAEAE]
[2026-04-02 17:24:16.514] 在线连接:   1  |  收到数据:    28084 B  |  解析完整帧:   1003 帧  |  发送帧:   1003 帧  (   52156 B)  [帧头:EAEAEAEA  帧尾:AEAEAEAE]
[2026-04-02 17:24:17.515] 在线连接:   1  |  收到数据:    28056 B  |  解析完整帧:   1002 帧  |  发送帧:   1002 帧  (   52104 B)  [帧头:EAEAEAEA  帧尾:AEAEAEAE]
[2026-04-02 17:24:18.516] 在线连接:   1  |  收到数据:    28168 B  |  解析完整帧:   1006 帧  |  发送帧:   1000 帧  (   52000 B)  [帧头:EAEAEAEA  帧尾:AEAEAEAE]
[2026-04-02 17:24:19.517] 在线连接:   1  |  收到数据:    28000 B  |  解析完整帧:   1000 帧  |  发送帧:   1006 帧  (   52312 B)  [帧头:EAEAEAEA  帧尾:AEAEAEAE]
[2026-04-02 17:24:20.518] 在线连接:   1  |  收到数据:    27860 B  |  解析完整帧:    995 帧  |  发送帧:    995 帧  (   51740 B)  [帧头:EAEAEAEA  帧尾:AEAEAEAE]
[2026-04-02 17:24:21.518] 在线连接:   1  |  收到数据:    28000 B  |  解析完整帧:   1000 帧  |  发送帧:   1000 帧  (   52000 B)  [帧头:EAEAEAEA  帧尾:AEAEAEAE]
[2026-04-02 17:24:22.519] 在线连接:   1  |  收到数据:    28112 B  |  解析完整帧:   1004 帧  |  发送帧:   1004 帧  (   52208 B)  [帧头:EAEAEAEA  帧尾:AEAEAEAE]
[2026-04-02 17:24:23.519] 在线连接:   1  |  收到数据:    28084 B  |  解析完整帧:   1003 帧  |  发送帧:   1003 帧  (   52156 B)  [帧头:EAEAEAEA  帧尾:AEAEAEAE]
[2026-04-02 17:24:24.520] 在线连接:   1  |  收到数据:    27972 B  |  解析完整帧:    999 帧  |  发送帧:    999 帧  (   51948 B)  [帧头:EAEAEAEA  帧尾:AEAEAEAE]
[2026-04-02 17:24:25.521] 在线连接:   1  |  收到数据:    28084 B  |  解析完整帧:   1003 帧  |  发送帧:   1003 帧  (   52156 B)  [帧头:EAEAEAEA  帧尾:AEAEAEAE]
[2026-04-02 17:24:26.521] 在线连接:   1  |  收到数据:    27664 B  |  解析完整帧:    988 帧  |  发送帧:    988 帧  (   51376 B)  [帧头:EAEAEAEA  帧尾:AEAEAEAE]
[2026-04-02 17:24:27.523] 在线连接:   1  |  收到数据:    28084 B  |  解析完整帧:   1003 帧  |  发送帧:   1003 帧  (   52156 B)  [帧头:EAEAEAEA  帧尾:AEAEAEAE]
[2026-04-02 17:24:28.523] 在线连接:   1  |  收到数据:    28308 B  |  解析完整帧:   1011 帧  |  发送帧:   1011 帧  (   52572 B)  [帧头:EAEAEAEA  帧尾:AEAEAEAE]
[2026-04-02 17:24:29.524] 在线连接:   1  |  收到数据:    27944 B  |  解析完整帧:    998 帧  |  发送帧:    998 帧  (   51896 B)  [帧头:EAEAEAEA  帧尾:AEAEAEAE]
[2026-04-02 17:24:30.525] 在线连接:   1  |  收到数据:    28056 B  |  解析完整帧:   1002 帧  |  发送帧:   1002 帧  (   52104 B)  [帧头:EAEAEAEA  帧尾:AEAEAEAE]
[2026-04-02 17:24:31.525] 在线连接:   1  |  收到数据:    28084 B  |  解析完整帧:   1003 帧  |  发送帧:   1000 帧  (   52000 B)  [帧头:EAEAEAEA  帧尾:AEAEAEAE]
[2026-04-02 17:24:32.526] 在线连接:   1  |  收到数据:    27748 B  |  解析完整帧:    991 帧  |  发送帧:    994 帧  (   51688 B)  [帧头:EAEAEAEA  帧尾:AEAEAEAE]
[2026-04-02 17:24:33.526] 在线连接:   1  |  收到数据:    28112 B  |  解析完整帧:   1004 帧  |  发送帧:   1004 帧  (   52208 B)  [帧头:EAEAEAEA  帧尾:AEAEAEAE]
[2026-04-02 17:24:34.527] 在线连接:   1  |  收到数据:    28084 B  |  解析完整帧:   1003 帧  |  发送帧:   1003 帧  (   52156 B)  [帧头:EAEAEAEA  帧尾:AEAEAEAE]
[2026-04-02 17:24:35.527] 在线连接:   1  |  收到数据:    28056 B  |  解析完整帧:   1002 帧  |  发送帧:   1002 帧  (   52104 B)  [帧头:EAEAEAEA  帧尾:AEAEAEAE]
[2026-04-02 17:24:36.528] 在线连接:   1  |  收到数据:    27832 B  |  解析完整帧:    994 帧  |  发送帧:    994 帧  (   51688 B)  [帧头:EAEAEAEA  帧尾:AEAEAEAE]
[2026-04-02 17:24:37.529] 在线连接:   1  |  收到数据:    28224 B  |  解析完整帧:   1008 帧  |  发送帧:   1008 帧  (   52416 B)  [帧头:EAEAEAEA  帧尾:AEAEAEAE]
[2026-04-02 17:24:38.530] 在线连接:   1  |  收到数据:    27580 B  |  解析完整帧:    985 帧  |  发送帧:    985 帧  (   51220 B)  [帧头:EAEAEAEA  帧尾:AEAEAEAE]
[2026-04-02 17:24:39.530] 在线连接:   1  |  收到数据:    28448 B  |  解析完整帧:   1016 帧  |  发送帧:   1016 帧  (   52832 B)  [帧头:EAEAEAEA  帧尾:AEAEAEAE]
[2026-04-02 17:24:40.531] 在线连接:   1  |  收到数据:    27860 B  |  解析完整帧:    995 帧  |  发送帧:    995 帧  (   51740 B)  [帧头:EAEAEAEA  帧尾:AEAEAEAE]
[2026-04-02 17:24:41.531] 在线连接:   1  |  收到数据:    28056 B  |  解析完整帧:   1002 帧  |  发送帧:   1002 帧  (   52104 B)  [帧头:EAEAEAEA  帧尾:AEAEAEAE]
[2026-04-02 17:24:42.532] 在线连接:   1  |  收到数据:    28056 B  |  解析完整帧:   1002 帧  |  发送帧:   1002 帧  (   52104 B)  [帧头:EAEAEAEA  帧尾:AEAEAEAE]
[2026-04-02 17:24:43.533] 在线连接:   1  |  收到数据:    28168 B  |  解析完整帧:   1006 帧  |  发送帧:   1006 帧  (   52312 B)  [帧头:EAEAEAEA  帧尾:AEAEAEAE]
[2026-04-02 17:24:44.534] 在线连接:   1  |  收到数据:    27972 B  |  解析完整帧:    999 帧  |  发送帧:    999 帧  (   51948 B)  [帧头:EAEAEAEA  帧尾:AEAEAEAE]
[2026-04-02 17:24:45.534] 在线连接:   1  |  收到数据:    27748 B  |  解析完整帧:    991 帧  |  发送帧:    991 帧  (   51532 B)  [帧头:EAEAEAEA  帧尾:AEAEAEAE]
[2026-04-02 17:24:46.535] 在线连接:   1  |  收到数据:    28084 B  |  解析完整帧:   1003 帧  |  发送帧:   1003 帧  (   52156 B)  [帧头:EAEAEAEA  帧尾:AEAEAEAE]
[2026-04-02 17:24:47.535] 在线连接:   1  |  收到数据:    28280 B  |  解析完整帧:   1010 帧  |  发送帧:   1010 帧  (   52520 B)  [帧头:EAEAEAEA  帧尾:AEAEAEAE]
[2026-04-02 17:24:48.536] 在线连接:   1  |  收到数据:    27664 B  |  解析完整帧:    988 帧  |  发送帧:    988 帧  (   51376 B)  [帧头:EAEAEAEA  帧尾:AEAEAEAE]
[2026-04-02 17:24:49.537] 在线连接:   1  |  收到数据:    28280 B  |  解析完整帧:   1010 帧  |  发送帧:   1010 帧  (   52520 B)  [帧头:EAEAEAEA  帧尾:AEAEAEAE]
[2026-04-02 17:24:50.537] 在线连接:   1  |  收到数据:    28028 B  |  解析完整帧:   1001 帧  |  发送帧:   1001 帧  (   52052 B)  [帧头:EAEAEAEA  帧尾:AEAEAEAE]
[2026-04-02 17:24:51.538] 在线连接:   1  |  收到数据:    28056 B  |  解析完整帧:   1002 帧  |  发送帧:   1002 帧  (   52104 B)  [帧头:EAEAEAEA  帧尾:AEAEAEAE]
[2026-04-02 17:24:52.539] 在线连接:   1  |  收到数据:    27692 B  |  解析完整帧:    989 帧  |  发送帧:    989 帧  (   51428 B)  [帧头:EAEAEAEA  帧尾:AEAEAEAE]
[2026-04-02 17:24:53.540] 在线连接:   1  |  收到数据:    28336 B  |  解析完整帧:   1012 帧  |  发送帧:   1012 帧  (   52624 B)  [帧头:EAEAEAEA  帧尾:AEAEAEAE]
[2026-04-02 17:24:54.540] 在线连接:   1  |  收到数据:    27888 B  |  解析完整帧:    996 帧  |  发送帧:    996 帧  (   51792 B)  [帧头:EAEAEAEA  帧尾:AEAEAEAE]
[2026-04-02 17:24:55.541] 在线连接:   1  |  收到数据:    28140 B  |  解析完整帧:   1005 帧  |  发送帧:   1005 帧  (   52260 B)  [帧头:EAEAEAEA  帧尾:AEAEAEAE]
[2026-04-02 17:24:56.541] 在线连接:   1  |  收到数据:    28028 B  |  解析完整帧:   1001 帧  |  发送帧:   1001 帧  (   52052 B)  [帧头:EAEAEAEA  帧尾:AEAEAEAE]
[2026-04-02 17:24:57.542] 在线连接:   1  |  收到数据:    28000 B  |  解析完整帧:   1000 帧  |  发送帧:   1000 帧  (   52000 B)  [帧头:EAEAEAEA  帧尾:AEAEAEAE]
[2026-04-02 17:24:58.543] 在线连接:   1  |  收到数据:    28056 B  |  解析完整帧:   1002 帧  |  发送帧:   1002 帧  (   52104 B)  [帧头:EAEAEAEA  帧尾:AEAEAEAE]
[2026-04-02 17:24:59.543] 在线连接:   1  |  收到数据:    27804 B  |  解析完整帧:    993 帧  |  发送帧:    993 帧  (   51636 B)  [帧头:EAEAEAEA  帧尾:AEAEAEAE]
[2026-04-02 17:25:00.544] 在线连接:   1  |  收到数据:    28084 B  |  解析完整帧:   1003 帧  |  发送帧:   1003 帧  (   52156 B)  [帧头:EAEAEAEA  帧尾:AEAEAEAE]
[2026-04-02 17:25:01.545] 在线连接:   1  |  收到数据:    27720 B  |  解析完整帧:    990 帧  |  发送帧:    990 帧  (   51480 B)  [帧头:EAEAEAEA  帧尾:AEAEAEAE]
[2026-04-02 17:25:02.545] 在线连接:   1  |  收到数据:    28084 B  |  解析完整帧:   1003 帧  |  发送帧:   1003 帧  (   52156 B)  [帧头:EAEAEAEA  帧尾:AEAEAEAE]
[2026-04-02 17:25:03.546] 在线连接:   1  |  收到数据:    27972 B  |  解析完整帧:    999 帧  |  发送帧:    999 帧  (   51948 B)  [帧头:EAEAEAEA  帧尾:AEAEAEAE]
[2026-04-02 17:25:04.547] 在线连接:   1  |  收到数据:    28168 B  |  解析完整帧:   1006 帧  |  发送帧:   1006 帧  (   52312 B)  [帧头:EAEAEAEA  帧尾:AEAEAEAE]
[2026-04-02 17:25:05.548] 在线连接:   1  |  收到数据:    28112 B  |  解析完整帧:   1004 帧  |  发送帧:    993 帧  (   51636 B)  [帧头:EAEAEAEA  帧尾:AEAEAEAE]
[2026-04-02 17:25:06.549] 在线连接:   1  |  收到数据:    27916 B  |  解析完整帧:    997 帧  |  发送帧:   1008 帧  (   52416 B)  [帧头:EAEAEAEA  帧尾:AEAEAEAE]
[2026-04-02 17:25:07.549] 在线连接:   1  |  收到数据:    27412 B  |  解析完整帧:    979 帧  |  发送帧:    979 帧  (   50908 B)  [帧头:EAEAEAEA  帧尾:AEAEAEAE]
[2026-04-02 17:25:08.550] 在线连接:   1  |  收到数据:    28700 B  |  解析完整帧:   1025 帧  |  发送帧:   1025 帧  (   53300 B)  [帧头:EAEAEAEA  帧尾:AEAEAEAE]
[2026-04-02 17:25:09.551] 在线连接:   1  |  收到数据:    28028 B  |  解析完整帧:   1001 帧  |  发送帧:   1001 帧  (   52052 B)  [帧头:EAEAEAEA  帧尾:AEAEAEAE]
[2026-04-02 17:25:10.552] 在线连接:   1  |  收到数据:    27328 B  |  解析完整帧:    976 帧  |  发送帧:    976 帧  (   50752 B)  [帧头:EAEAEAEA  帧尾:AEAEAEAE]
[2026-04-02 17:25:11.553] 在线连接:   1  |  收到数据:    28420 B  |  解析完整帧:   1015 帧  |  发送帧:   1015 帧  (   52780 B)  [帧头:EAEAEAEA  帧尾:AEAEAEAE]
[2026-04-02 17:25:12.554] 在线连接:   1  |  收到数据:    28308 B  |  解析完整帧:   1011 帧  |  发送帧:   1011 帧  (   52572 B)  [帧头:EAEAEAEA  帧尾:AEAEAEAE]
[2026-04-02 17:25:13.555] 在线连接:   1  |  收到数据:    28056 B  |  解析完整帧:   1002 帧  |  发送帧:   1002 帧  (   52104 B)  [帧头:EAEAEAEA  帧尾:AEAEAEAE]
[2026-04-02 17:25:14.556] 在线连接:   1  |  收到数据:    27916 B  |  解析完整帧:    997 帧  |  发送帧:    997 帧  (   51844 B)  [帧头:EAEAEAEA  帧尾:AEAEAEAE]
[2026-04-02 17:25:15.556] 在线连接:   1  |  收到数据:    28112 B  |  解析完整帧:   1004 帧  |  发送帧:   1004 帧  (   52208 B)  [帧头:EAEAEAEA  帧尾:AEAEAEAE]
[2026-04-02 17:25:16.557] 在线连接:   1  |  收到数据:    28000 B  |  解析完整帧:   1000 帧  |  发送帧:   1000 帧  (   52000 B)  [帧头:EAEAEAEA  帧尾:AEAEAEAE]
[2026-04-02 17:25:17.557] 在线连接:   1  |  收到数据:    28028 B  |  解析完整帧:   1001 帧  |  发送帧:   1001 帧  (   52052 B)  [帧头:EAEAEAEA  帧尾:AEAEAEAE]
[2026-04-02 17:25:18.558] 在线连接:   1  |  收到数据:    27216 B  |  解析完整帧:    972 帧  |  发送帧:    972 帧  (   50544 B)  [帧头:EAEAEAEA  帧尾:AEAEAEAE]
[2026-04-02 17:25:19.559] 在线连接:   1  |  收到数据:    28756 B  |  解析完整帧:   1027 帧  |  发送帧:   1027 帧  (   53404 B)  [帧头:EAEAEAEA  帧尾:AEAEAEAE]
[2026-04-02 17:25:20.560] 在线连接:   1  |  收到数据:    28112 B  |  解析完整帧:   1004 帧  |  发送帧:   1004 帧  (   52208 B)  [帧头:EAEAEAEA  帧尾:AEAEAEAE]
[2026-04-02 17:25:21.560] 在线连接:   1  |  收到数据:    27944 B  |  解析完整帧:    998 帧  |  发送帧:    998 帧  (   51896 B)  [帧头:EAEAEAEA  帧尾:AEAEAEAE]
[2026-04-02 17:25:22.561] 在线连接:   1  |  收到数据:    27944 B  |  解析完整帧:    998 帧  |  发送帧:    998 帧  (   51896 B)  [帧头:EAEAEAEA  帧尾:AEAEAEAE]
[2026-04-02 17:25:23.562] 在线连接:   1  |  收到数据:    28196 B  |  解析完整帧:   1007 帧  |  发送帧:   1005 帧  (   52260 B)  [帧头:EAEAEAEA  帧尾:AEAEAEAE]
[2026-04-02 17:25:24.563] 在线连接:   1  |  收到数据:    27972 B  |  解析完整帧:    999 帧  |  发送帧:   1001 帧  (   52052 B)  [帧头:EAEAEAEA  帧尾:AEAEAEAE]
[2026-04-02 17:25:25.563] 在线连接:   1  |  收到数据:    27944 B  |  解析完整帧:    998 帧  |  发送帧:    998 帧  (   51896 B)  [帧头:EAEAEAEA  帧尾:AEAEAEAE]
[2026-04-02 17:25:26.564] 在线连接:   1  |  收到数据:    27888 B  |  解析完整帧:    996 帧  |  发送帧:    996 帧  (   51792 B)  [帧头:EAEAEAEA  帧尾:AEAEAEAE]
[2026-04-02 17:25:27.565] 在线连接:   1  |  收到数据:    28140 B  |  解析完整帧:   1005 帧  |  发送帧:   1004 帧  (   52208 B)  [帧头:EAEAEAEA  帧尾:AEAEAEAE]
[2026-04-02 17:25:28.566] 在线连接:   1  |  收到数据:    27944 B  |  解析完整帧:    998 帧  |  发送帧:    999 帧  (   51948 B)  [帧头:EAEAEAEA  帧尾:AEAEAEAE]
[2026-04-02 17:25:29.566] 在线连接:   1  |  收到数据:    28056 B  |  解析完整帧:   1002 帧  |  发送帧:   1002 帧  (   52104 B)  [帧头:EAEAEAEA  帧尾:AEAEAEAE]
[2026-04-02 17:25:30.567] 在线连接:   1  |  收到数据:    27944 B  |  解析完整帧:    998 帧  |  发送帧:    998 帧  (   51896 B)  [帧头:EAEAEAEA  帧尾:AEAEAEAE]
[2026-04-02 17:25:31.568] 在线连接:   1  |  收到数据:    28084 B  |  解析完整帧:   1003 帧  |  发送帧:   1003 帧  (   52156 B)  [帧头:EAEAEAEA  帧尾:AEAEAEAE]
[2026-04-02 17:25:32.569] 在线连接:   1  |  收到数据:    27916 B  |  解析完整帧:    997 帧  |  发送帧:    997 帧  (   51844 B)  [帧头:EAEAEAEA  帧尾:AEAEAEAE]
[2026-04-02 17:25:33.570] 在线连接:   1  |  收到数据:    27664 B  |  解析完整帧:    988 帧  |  发送帧:    988 帧  (   51376 B)  [帧头:EAEAEAEA  帧尾:AEAEAEAE]
[2026-04-02 17:25:34.570] 在线连接:   1  |  收到数据:    27888 B  |  解析完整帧:    996 帧  |  发送帧:    996 帧  (   51792 B)  [帧头:EAEAEAEA  帧尾:AEAEAEAE]
[2026-04-02 17:25:35.571] 在线连接:   1  |  收到数据:    28588 B  |  解析完整帧:   1021 帧  |  发送帧:   1021 帧  (   53092 B)  [帧头:EAEAEAEA  帧尾:AEAEAEAE]
[2026-04-02 17:25:36.572] 在线连接:   1  |  收到数据:    27580 B  |  解析完整帧:    985 帧  |  发送帧:    985 帧  (   51220 B)  [帧头:EAEAEAEA  帧尾:AEAEAEAE]
[2026-04-02 17:25:37.572] 在线连接:   1  |  收到数据:    28112 B  |  解析完整帧:   1004 帧  |  发送帧:   1004 帧  (   52208 B)  [帧头:EAEAEAEA  帧尾:AEAEAEAE]
[2026-04-02 17:25:38.573] 在线连接:   1  |  收到数据:    27916 B  |  解析完整帧:    997 帧  |  发送帧:    997 帧  (   51844 B)  [帧头:EAEAEAEA  帧尾:AEAEAEAE]
[2026-04-02 17:25:39.574] 在线连接:   1  |  收到数据:    28504 B  |  解析完整帧:   1018 帧  |  发送帧:   1018 帧  (   52936 B)  [帧头:EAEAEAEA  帧尾:AEAEAEAE]
[2026-04-02 17:25:40.575] 在线连接:   1  |  收到数据:    27944 B  |  解析完整帧:    998 帧  |  发送帧:    998 帧  (   51896 B)  [帧头:EAEAEAEA  帧尾:AEAEAEAE]
[2026-04-02 17:25:41.576] 在线连接:   1  |  收到数据:    28028 B  |  解析完整帧:   1001 帧  |  发送帧:   1001 帧  (   52052 B)  [帧头:EAEAEAEA  帧尾:AEAEAEAE]
[2026-04-02 17:25:42.579] 在线连接:   1  |  收到数据:    28084 B  |  解析完整帧:   1003 帧  |  发送帧:   1001 帧  (   52052 B)  [帧头:EAEAEAEA  帧尾:AEAEAEAE]
[2026-04-02 17:25:43.579] 在线连接:   1  |  收到数据:    27944 B  |  解析完整帧:    998 帧  |  发送帧:   1000 帧  (   52000 B)  [帧头:EAEAEAEA  帧尾:AEAEAEAE]
[2026-04-02 17:25:44.580] 在线连接:   1  |  收到数据:    28112 B  |  解析完整帧:   1004 帧  |  发送帧:   1004 帧  (   52208 B)  [帧头:EAEAEAEA  帧尾:AEAEAEAE]
[2026-04-02 17:25:45.581] 在线连接:   1  |  收到数据:    28028 B  |  解析完整帧:   1001 帧  |  发送帧:   1001 帧  (   52052 B)  [帧头:EAEAEAEA  帧尾:AEAEAEAE]
[2026-04-02 17:25:46.581] 在线连接:   1  |  收到数据:    28028 B  |  解析完整帧:   1001 帧  |  发送帧:   1001 帧  (   52052 B)  [帧头:EAEAEAEA  帧尾:AEAEAEAE]
[2026-04-02 17:25:47.582] 在线连接:   1  |  收到数据:    27720 B  |  解析完整帧:    990 帧  |  发送帧:    990 帧  (   51480 B)  [帧头:EAEAEAEA  帧尾:AEAEAEAE]
[2026-04-02 17:25:48.583] 在线连接:   1  |  收到数据:    28028 B  |  解析完整帧:   1001 帧  |  发送帧:   1001 帧  (   52052 B)  [帧头:EAEAEAEA  帧尾:AEAEAEAE]
[2026-04-02 17:25:49.584] 在线连接:   1  |  收到数据:    28308 B  |  解析完整帧:   1011 帧  |  发送帧:   1011 帧  (   52572 B)  [帧头:EAEAEAEA  帧尾:AEAEAEAE]
[2026-04-02 17:25:50.585] 在线连接:   1  |  收到数据:    27692 B  |  解析完整帧:    989 帧  |  发送帧:    989 帧  (   51428 B)  [帧头:EAEAEAEA  帧尾:AEAEAEAE]
[2026-04-02 17:25:51.586] 在线连接:   1  |  收到数据:    28336 B  |  解析完整帧:   1012 帧  |  发送帧:   1012 帧  (   52624 B)  [帧头:EAEAEAEA  帧尾:AEAEAEAE]
[2026-04-02 17:25:52.587] 在线连接:   1  |  收到数据:    28000 B  |  解析完整帧:   1000 帧  |  发送帧:   1000 帧  (   52000 B)  [帧头:EAEAEAEA  帧尾:AEAEAEAE]
[2026-04-02 17:25:53.589] 在线连接:   1  |  收到数据:    28140 B  |  解析完整帧:   1005 帧  |  发送帧:   1005 帧  (   52260 B)  [帧头:EAEAEAEA  帧尾:AEAEAEAE]
[2026-04-02 17:25:54.589] 在线连接:   1  |  收到数据:    27888 B  |  解析完整帧:    996 帧  |  发送帧:    996 帧  (   51792 B)  [帧头:EAEAEAEA  帧尾:AEAEAEAE]
[2026-04-02 17:25:55.590] 在线连接:   1  |  收到数据:    27916 B  |  解析完整帧:    997 帧  |  发送帧:    997 帧  (   51844 B)  [帧头:EAEAEAEA  帧尾:AEAEAEAE]
[2026-04-02 17:25:56.591] 在线连接:   1  |  收到数据:    27972 B  |  解析完整帧:    999 帧  |  发送帧:    999 帧  (   51948 B)  [帧头:EAEAEAEA  帧尾:AEAEAEAE]
[2026-04-02 17:25:57.592] 在线连接:   1  |  收到数据:    28252 B  |  解析完整帧:   1009 帧  |  发送帧:   1009 帧  (   52468 B)  [帧头:EAEAEAEA  帧尾:AEAEAEAE]
[2026-04-02 17:25:58.593] 在线连接:   1  |  收到数据:    28028 B  |  解析完整帧:   1001 帧  |  发送帧:   1001 帧  (   52052 B)  [帧头:EAEAEAEA  帧尾:AEAEAEAE]
[2026-04-02 17:25:59.601] 在线连接:   1  |  收到数据:    27944 B  |  解析完整帧:    998 帧  |  发送帧:    998 帧  (   51896 B)  [帧头:EAEAEAEA  帧尾:AEAEAEAE]
[2026-04-02 17:26:00.602] 在线连接:   1  |  收到数据:    28224 B  |  解析完整帧:   1008 帧  |  发送帧:   1008 帧  (   52416 B)  [帧头:EAEAEAEA  帧尾:AEAEAEAE]
[2026-04-02 17:26:01.603] 在线连接:   1  |  收到数据:    28056 B  |  解析完整帧:   1002 帧  |  发送帧:   1002 帧  (   52104 B)  [帧头:EAEAEAEA  帧尾:AEAEAEAE]
[2026-04-02 17:26:02.646] 在线连接:   1  |  收到数据:    28672 B  |  解析完整帧:   1024 帧  |  发送帧:   1024 帧  (   53248 B)  [帧头:EAEAEAEA  帧尾:AEAEAEAE]
[2026-04-02 17:26:03.690] 在线连接:   1  |  收到数据:    29764 B  |  解析完整帧:   1063 帧  |  发送帧:   1063 帧  (   55276 B)  [帧头:EAEAEAEA  帧尾:AEAEAEAE]
[2026-04-02 17:26:04.691] 在线连接:   1  |  收到数据:    27832 B  |  解析完整帧:    994 帧  |  发送帧:    981 帧  (   51012 B)  [帧头:EAEAEAEA  帧尾:AEAEAEAE]
[2026-04-02 17:26:05.693] 在线连接:   1  |  收到数据:    28140 B  |  解析完整帧:   1005 帧  |  发送帧:   1018 帧  (   52936 B)  [帧头:EAEAEAEA  帧尾:AEAEAEAE]
[2026-04-02 17:26:06.694] 在线连接:   1  |  收到数据:    27888 B  |  解析完整帧:    996 帧  |  发送帧:    996 帧  (   51792 B)  [帧头:EAEAEAEA  帧尾:AEAEAEAE]
[2026-04-02 17:26:07.695] 在线连接:   1  |  收到数据:    28308 B  |  解析完整帧:   1011 帧  |  发送帧:   1011 帧  (   52572 B)  [帧头:EAEAEAEA  帧尾:AEAEAEAE]
[2026-04-02 17:26:08.695] 在线连接:   1  |  收到数据:    27972 B  |  解析完整帧:    999 帧  |  发送帧:    999 帧  (   51948 B)  [帧头:EAEAEAEA  帧尾:AEAEAEAE]
[2026-04-02 17:26:09.696] 在线连接:   1  |  收到数据:    28028 B  |  解析完整帧:   1001 帧  |  发送帧:   1001 帧  (   52052 B)  [帧头:EAEAEAEA  帧尾:AEAEAEAE]
[2026-04-02 17:26:10.697] 在线连接:   1  |  收到数据:    28056 B  |  解析完整帧:   1002 帧  |  发送帧:   1002 帧  (   52104 B)  [帧头:EAEAEAEA  帧尾:AEAEAEAE]
[2026-04-02 17:26:11.698] 在线连接:   1  |  收到数据:    27524 B  |  解析完整帧:    983 帧  |  发送帧:    983 帧  (   51116 B)  [帧头:EAEAEAEA  帧尾:AEAEAEAE]
[2026-04-02 17:26:12.699] 在线连接:   1  |  收到数据:    28448 B  |  解析完整帧:   1016 帧  |  发送帧:   1016 帧  (   52832 B)  [帧头:EAEAEAEA  帧尾:AEAEAEAE]
[2026-04-02 17:26:13.700] 在线连接:   1  |  收到数据:    27748 B  |  解析完整帧:    991 帧  |  发送帧:    991 帧  (   51532 B)  [帧头:EAEAEAEA  帧尾:AEAEAEAE]
[2026-04-02 17:26:14.700] 在线连接:   1  |  收到数据:    28392 B  |  解析完整帧:   1014 帧  |  发送帧:   1013 帧  (   52676 B)  [帧头:EAEAEAEA  帧尾:AEAEAEAE]
[2026-04-02 17:26:15.701] 在线连接:   1  |  收到数据:    27944 B  |  解析完整帧:    998 帧  |  发送帧:    999 帧  (   51948 B)  [帧头:EAEAEAEA  帧尾:AEAEAEAE]
[2026-04-02 17:26:16.701] 在线连接:   1  |  收到数据:    28056 B  |  解析完整帧:   1002 帧  |  发送帧:   1002 帧  (   52104 B)  [帧头:EAEAEAEA  帧尾:AEAEAEAE]
[2026-04-02 17:26:17.702] 在线连接:   1  |  收到数据:    28000 B  |  解析完整帧:   1000 帧  |  发送帧:   1000 帧  (   52000 B)  [帧头:EAEAEAEA  帧尾:AEAEAEAE]
[2026-04-02 17:26:18.703] 在线连接:   1  |  收到数据:    27972 B  |  解析完整帧:    999 帧  |  发送帧:    999 帧  (   51948 B)  [帧头:EAEAEAEA  帧尾:AEAEAEAE]
[2026-04-02 17:26:19.704] 在线连接:   1  |  收到数据:    28112 B  |  解析完整帧:   1004 帧  |  发送帧:   1004 帧  (   52208 B)  [帧头:EAEAEAEA  帧尾:AEAEAEAE]
[2026-04-02 17:26:20.705] 在线连接:   1  |  收到数据:    28056 B  |  解析完整帧:   1002 帧  |  发送帧:   1002 帧  (   52104 B)  [帧头:EAEAEAEA  帧尾:AEAEAEAE]
[2026-04-02 17:26:21.705] 在线连接:   1  |  收到数据:    27720 B  |  解析完整帧:    990 帧  |  发送帧:    990 帧  (   51480 B)  [帧头:EAEAEAEA  帧尾:AEAEAEAE]
[2026-04-02 17:26:22.706] 在线连接:   1  |  收到数据:    28168 B  |  解析完整帧:   1006 帧  |  发送帧:   1006 帧  (   52312 B)  [帧头:EAEAEAEA  帧尾:AEAEAEAE]
[2026-04-02 17:26:23.707] 在线连接:   1  |  收到数据:    28112 B  |  解析完整帧:   1004 帧  |  发送帧:   1004 帧  (   52208 B)  [帧头:EAEAEAEA  帧尾:AEAEAEAE]
[2026-04-02 17:26:24.708] 在线连接:   1  |  收到数据:    27944 B  |  解析完整帧:    998 帧  |  发送帧:    998 帧  (   51896 B)  [帧头:EAEAEAEA  帧尾:AEAEAEAE]
[2026-04-02 17:26:25.708] 在线连接:   1  |  收到数据:    27944 B  |  解析完整帧:    998 帧  |  发送帧:    998 帧  (   51896 B)  [帧头:EAEAEAEA  帧尾:AEAEAEAE]
[2026-04-02 17:26:26.709] 在线连接:   1  |  收到数据:    28056 B  |  解析完整帧:   1002 帧  |  发送帧:   1002 帧  (   52104 B)  [帧头:EAEAEAEA  帧尾:AEAEAEAE]
[2026-04-02 17:26:27.710] 在线连接:   1  |  收到数据:    27776 B  |  解析完整帧:    992 帧  |  发送帧:    992 帧  (   51584 B)  [帧头:EAEAEAEA  帧尾:AEAEAEAE]
[2026-04-02 17:26:28.711] 在线连接:   1  |  收到数据:    28392 B  |  解析完整帧:   1014 帧  |  发送帧:   1014 帧  (   52728 B)  [帧头:EAEAEAEA  帧尾:AEAEAEAE]
[2026-04-02 17:26:29.711] 在线连接:   1  |  收到数据:    27916 B  |  解析完整帧:    997 帧  |  发送帧:    997 帧  (   51844 B)  [帧头:EAEAEAEA  帧尾:AEAEAEAE]
[2026-04-02 17:26:30.712] 在线连接:   1  |  收到数据:    28084 B  |  解析完整帧:   1003 帧  |  发送帧:   1003 帧  (   52156 B)  [帧头:EAEAEAEA  帧尾:AEAEAEAE]
[2026-04-02 17:26:31.713] 在线连接:   1  |  收到数据:    28084 B  |  解析完整帧:   1003 帧  |  发送帧:   1003 帧  (   52156 B)  [帧头:EAEAEAEA  帧尾:AEAEAEAE]
[2026-04-02 17:26:32.714] 在线连接:   1  |  收到数据:    27944 B  |  解析完整帧:    998 帧  |  发送帧:    998 帧  (   51896 B)  [帧头:EAEAEAEA  帧尾:AEAEAEAE]
[2026-04-02 17:26:33.714] 在线连接:   1  |  收到数据:    27524 B  |  解析完整帧:    983 帧  |  发送帧:    983 帧  (   51116 B)  [帧头:EAEAEAEA  帧尾:AEAEAEAE]
[2026-04-02 17:26:34.715] 在线连接:   1  |  收到数据:    28364 B  |  解析完整帧:   1013 帧  |  发送帧:   1013 帧  (   52676 B)  [帧头:EAEAEAEA  帧尾:AEAEAEAE]
[2026-04-02 17:26:35.716] 在线连接:   1  |  收到数据:    28252 B  |  解析完整帧:   1009 帧  |  发送帧:   1009 帧  (   52468 B)  [帧头:EAEAEAEA  帧尾:AEAEAEAE]
[2026-04-02 17:26:36.717] 在线连接:   1  |  收到数据:    28028 B  |  解析完整帧:   1001 帧  |  发送帧:   1001 帧  (   52052 B)  [帧头:EAEAEAEA  帧尾:AEAEAEAE]
[2026-04-02 17:26:37.717] 在线连接:   1  |  收到数据:    28000 B  |  解析完整帧:   1000 帧  |  发送帧:   1000 帧  (   52000 B)  [帧头:EAEAEAEA  帧尾:AEAEAEAE]
[2026-04-02 17:26:38.718] 在线连接:   1  |  收到数据:    28056 B  |  解析完整帧:   1002 帧  |  发送帧:   1002 帧  (   52104 B)  [帧头:EAEAEAEA  帧尾:AEAEAEAE]
[2026-04-02 17:26:39.719] 在线连接:   1  |  收到数据:    27972 B  |  解析完整帧:    999 帧  |  发送帧:    999 帧  (   51948 B)  [帧头:EAEAEAEA  帧尾:AEAEAEAE]
[2026-04-02 17:26:40.719] 在线连接:   1  |  收到数据:    27972 B  |  解析完整帧:    999 帧  |  发送帧:    999 帧  (   51948 B)  [帧头:EAEAEAEA  帧尾:AEAEAEAE]
[2026-04-02 17:26:41.720] 在线连接:   1  |  收到数据:    27776 B  |  解析完整帧:    992 帧  |  发送帧:    992 帧  (   51584 B)  [帧头:EAEAEAEA  帧尾:AEAEAEAE]
[2026-04-02 17:26:42.721] 在线连接:   1  |  收到数据:    28000 B  |  解析完整帧:   1000 帧  |  发送帧:   1000 帧  (   52000 B)  [帧头:EAEAEAEA  帧尾:AEAEAEAE]
[2026-04-02 17:26:43.722] 在线连接:   1  |  收到数据:    28000 B  |  解析完整帧:   1000 帧  |  发送帧:   1000 帧  (   52000 B)  [帧头:EAEAEAEA  帧尾:AEAEAEAE]
[2026-04-02 17:26:44.723] 在线连接:   1  |  收到数据:    28140 B  |  解析完整帧:   1005 帧  |  发送帧:   1005 帧  (   52260 B)  [帧头:EAEAEAEA  帧尾:AEAEAEAE]
[2026-04-02 17:26:45.724] 在线连接:   1  |  收到数据:    28252 B  |  解析完整帧:   1009 帧  |  发送帧:   1009 帧  (   52468 B)  [帧头:EAEAEAEA  帧尾:AEAEAEAE]
[2026-04-02 17:26:46.724] 在线连接:   1  |  收到数据:    28056 B  |  解析完整帧:   1002 帧  |  发送帧:   1002 帧  (   52104 B)  [帧头:EAEAEAEA  帧尾:AEAEAEAE]
[2026-04-02 17:26:47.725] 在线连接:   1  |  收到数据:    27832 B  |  解析完整帧:    994 帧  |  发送帧:    994 帧  (   51688 B)  [帧头:EAEAEAEA  帧尾:AEAEAEAE]
[2026-04-02 17:26:48.726] 在线连接:   1  |  收到数据:    28196 B  |  解析完整帧:   1007 帧  |  发送帧:   1007 帧  (   52364 B)  [帧头:EAEAEAEA  帧尾:AEAEAEAE]
[2026-04-02 17:26:49.726] 在线连接:   1  |  收到数据:    27748 B  |  解析完整帧:    991 帧  |  发送帧:    991 帧  (   51532 B)  [帧头:EAEAEAEA  帧尾:AEAEAEAE]
[2026-04-02 17:26:50.727] 在线连接:   1  |  收到数据:    28280 B  |  解析完整帧:   1010 帧  |  发送帧:   1010 帧  (   52520 B)  [帧头:EAEAEAEA  帧尾:AEAEAEAE]
[2026-04-02 17:26:51.728] 在线连接:   1  |  收到数据:    28028 B  |  解析完整帧:   1001 帧  |  发送帧:   1001 帧  (   52052 B)  [帧头:EAEAEAEA  帧尾:AEAEAEAE]
[2026-04-02 17:26:52.729] 在线连接:   1  |  收到数据:    28056 B  |  解析完整帧:   1002 帧  |  发送帧:   1002 帧  (   52104 B)  [帧头:EAEAEAEA  帧尾:AEAEAEAE]
[2026-04-02 17:26:53.729] 在线连接:   1  |  收到数据:    28000 B  |  解析完整帧:   1000 帧  |  发送帧:   1000 帧  (   52000 B)  [帧头:EAEAEAEA  帧尾:AEAEAEAE]
[2026-04-02 17:26:54.730] 在线连接:   1  |  收到数据:    27888 B  |  解析完整帧:    996 帧  |  发送帧:    996 帧  (   51792 B)  [帧头:EAEAEAEA  帧尾:AEAEAEAE]
[2026-04-02 17:26:55.731] 在线连接:   1  |  收到数据:    28140 B  |  解析完整帧:   1005 帧  |  发送帧:   1005 帧  (   52260 B)  [帧头:EAEAEAEA  帧尾:AEAEAEAE]
[2026-04-02 17:26:56.731] 在线连接:   1  |  收到数据:    27328 B  |  解析完整帧:    976 帧  |  发送帧:    976 帧  (   50752 B)  [帧头:EAEAEAEA  帧尾:AEAEAEAE]
[2026-04-02 17:26:57.732] 在线连接:   1  |  收到数据:    28084 B  |  解析完整帧:   1003 帧  |  发送帧:   1003 帧  (   52156 B)  [帧头:EAEAEAEA  帧尾:AEAEAEAE]
[2026-04-02 17:26:58.733] 在线连接:   1  |  收到数据:    28056 B  |  解析完整帧:   1002 帧  |  发送帧:   1002 帧  (   52104 B)  [帧头:EAEAEAEA  帧尾:AEAEAEAE]
[2026-04-02 17:26:59.734] 在线连接:   1  |  收到数据:    28028 B  |  解析完整帧:   1001 帧  |  发送帧:   1001 帧  (   52052 B)  [帧头:EAEAEAEA  帧尾:AEAEAEAE]
[2026-04-02 17:27:00.734] 在线连接:   1  |  收到数据:    28000 B  |  解析完整帧:   1000 帧  |  发送帧:   1000 帧  (   52000 B)  [帧头:EAEAEAEA  帧尾:AEAEAEAE]
[2026-04-02 17:27:01.735] 在线连接:   1  |  收到数据:    28000 B  |  解析完整帧:   1000 帧  |  发送帧:   1000 帧  (   52000 B)  [帧头:EAEAEAEA  帧尾:AEAEAEAE]
[2026-04-02 17:27:02.736] 在线连接:   1  |  收到数据:    27524 B  |  解析完整帧:    983 帧  |  发送帧:    983 帧  (   51116 B)  [帧头:EAEAEAEA  帧尾:AEAEAEAE]
[2026-04-02 17:27:03.737] 在线连接:   1  |  收到数据:    28420 B  |  解析完整帧:   1015 帧  |  发送帧:   1015 帧  (   52780 B)  [帧头:EAEAEAEA  帧尾:AEAEAEAE]
[2026-04-02 17:27:04.738] 在线连接:   1  |  收到数据:    28028 B  |  解析完整帧:   1001 帧  |  发送帧:   1001 帧  (   52052 B)  [帧头:EAEAEAEA  帧尾:AEAEAEAE]
[2026-04-02 17:27:05.738] 在线连接:   1  |  收到数据:    27944 B  |  解析完整帧:    998 帧  |  发送帧:    998 帧  (   51896 B)  [帧头:EAEAEAEA  帧尾:AEAEAEAE]
[2026-04-02 17:27:06.739] 在线连接:   1  |  收到数据:    28168 B  |  解析完整帧:   1006 帧  |  发送帧:   1006 帧  (   52312 B)  [帧头:EAEAEAEA  帧尾:AEAEAEAE]
[2026-04-02 17:27:07.739] 在线连接:   1  |  收到数据:    28028 B  |  解析完整帧:   1001 帧  |  发送帧:   1001 帧  (   52052 B)  [帧头:EAEAEAEA  帧尾:AEAEAEAE]
[2026-04-02 17:27:08.741] 在线连接:   1  |  收到数据:    27664 B  |  解析完整帧:    988 帧  |  发送帧:    986 帧  (   51272 B)  [帧头:EAEAEAEA  帧尾:AEAEAEAE]
[2026-04-02 17:27:09.742] 在线连接:   1  |  收到数据:    28448 B  |  解析完整帧:   1016 帧  |  发送帧:   1017 帧  (   52884 B)  [帧头:EAEAEAEA  帧尾:AEAEAEAE]
[2026-04-02 17:27:10.743] 在线连接:   1  |  收到数据:    28000 B  |  解析完整帧:   1000 帧  |  发送帧:   1001 帧  (   52052 B)  [帧头:EAEAEAEA  帧尾:AEAEAEAE]
[2026-04-02 17:27:11.744] 在线连接:   1  |  收到数据:    28028 B  |  解析完整帧:   1001 帧  |  发送帧:   1001 帧  (   52052 B)  [帧头:EAEAEAEA  帧尾:AEAEAEAE]
[2026-04-02 17:27:12.744] 在线连接:   1  |  收到数据:    28000 B  |  解析完整帧:   1000 帧  |  发送帧:   1000 帧  (   52000 B)  [帧头:EAEAEAEA  帧尾:AEAEAEAE]
[2026-04-02 17:27:13.745] 在线连接:   1  |  收到数据:    28028 B  |  解析完整帧:   1001 帧  |  发送帧:   1001 帧  (   52052 B)  [帧头:EAEAEAEA  帧尾:AEAEAEAE]
[2026-04-02 17:27:14.745] 在线连接:   1  |  收到数据:    27832 B  |  解析完整帧:    994 帧  |  发送帧:    994 帧  (   51688 B)  [帧头:EAEAEAEA  帧尾:AEAEAEAE]
[2026-04-02 17:27:15.746] 在线连接:   1  |  收到数据:    28196 B  |  解析完整帧:   1007 帧  |  发送帧:   1007 帧  (   52364 B)  [帧头:EAEAEAEA  帧尾:AEAEAEAE]
[2026-04-02 17:27:16.747] 在线连接:   1  |  收到数据:    27972 B  |  解析完整帧:    999 帧  |  发送帧:    999 帧  (   51948 B)  [帧头:EAEAEAEA  帧尾:AEAEAEAE]
[2026-04-02 17:27:17.748] 在线连接:   1  |  收到数据:    28056 B  |  解析完整帧:   1002 帧  |  发送帧:   1002 帧  (   52104 B)  [帧头:EAEAEAEA  帧尾:AEAEAEAE]
[2026-04-02 17:27:18.748] 在线连接:   1  |  收到数据:    28028 B  |  解析完整帧:   1001 帧  |  发送帧:   1001 帧  (   52052 B)  [帧头:EAEAEAEA  帧尾:AEAEAEAE]
[2026-04-02 17:27:19.749] 在线连接:   1  |  收到数据:    27944 B  |  解析完整帧:    998 帧  |  发送帧:    998 帧  (   51896 B)  [帧头:EAEAEAEA  帧尾:AEAEAEAE]
[2026-04-02 17:27:20.750] 在线连接:   1  |  收到数据:    28000 B  |  解析完整帧:   1000 帧  |  发送帧:   1000 帧  (   52000 B)  [帧头:EAEAEAEA  帧尾:AEAEAEAE]
[2026-04-02 17:27:21.750] 在线连接:   1  |  收到数据:    27916 B  |  解析完整帧:    997 帧  |  发送帧:    997 帧  (   51844 B)  [帧头:EAEAEAEA  帧尾:AEAEAEAE]
[2026-04-02 17:27:22.751] 在线连接:   1  |  收到数据:    28028 B  |  解析完整帧:   1001 帧  |  发送帧:   1001 帧  (   52052 B)  [帧头:EAEAEAEA  帧尾:AEAEAEAE]
[2026-04-02 17:27:23.752] 在线连接:   1  |  收到数据:    27972 B  |  解析完整帧:    999 帧  |  发送帧:    999 帧  (   51948 B)  [帧头:EAEAEAEA  帧尾:AEAEAEAE]
[2026-04-02 17:27:24.752] 在线连接:   1  |  收到数据:    28224 B  |  解析完整帧:   1008 帧  |  发送帧:   1008 帧  (   52416 B)  [帧头:EAEAEAEA  帧尾:AEAEAEAE]
[2026-04-02 17:27:25.753] 在线连接:   1  |  收到数据:    28056 B  |  解析完整帧:   1002 帧  |  发送帧:   1002 帧  (   52104 B)  [帧头:EAEAEAEA  帧尾:AEAEAEAE]
[2026-04-02 17:27:26.754] 在线连接:   1  |  收到数据:    27888 B  |  解析完整帧:    996 帧  |  发送帧:    996 帧  (   51792 B)  [帧头:EAEAEAEA  帧尾:AEAEAEAE]
[2026-04-02 17:27:27.755] 在线连接:   1  |  收到数据:    28056 B  |  解析完整帧:   1002 帧  |  发送帧:   1002 帧  (   52104 B)  [帧头:EAEAEAEA  帧尾:AEAEAEAE]
[2026-04-02 17:27:28.756] 在线连接:   1  |  收到数据:    27944 B  |  解析完整帧:    998 帧  |  发送帧:    998 帧  (   51896 B)  [帧头:EAEAEAEA  帧尾:AEAEAEAE]
[2026-04-02 17:27:29.756] 在线连接:   1  |  收到数据:    28140 B  |  解析完整帧:   1005 帧  |  发送帧:   1005 帧  (   52260 B)  [帧头:EAEAEAEA  帧尾:AEAEAEAE]
[2026-04-02 17:27:30.757] 在线连接:   1  |  收到数据:    28000 B  |  解析完整帧:   1000 帧  |  发送帧:   1000 帧  (   52000 B)  [帧头:EAEAEAEA  帧尾:AEAEAEAE]
[2026-04-02 17:27:31.757] 在线连接:   1  |  收到数据:    28000 B  |  解析完整帧:   1000 帧  |  发送帧:   1000 帧  (   52000 B)  [帧头:EAEAEAEA  帧尾:AEAEAEAE]
[2026-04-02 17:27:32.758] 在线连接:   1  |  收到数据:    27944 B  |  解析完整帧:    998 帧  |  发送帧:    998 帧  (   51896 B)  [帧头:EAEAEAEA  帧尾:AEAEAEAE]
[2026-04-02 17:27:33.759] 在线连接:   1  |  收到数据:    28112 B  |  解析完整帧:   1004 帧  |  发送帧:   1004 帧  (   52208 B)  [帧头:EAEAEAEA  帧尾:AEAEAEAE]
[2026-04-02 17:27:34.760] 在线连接:   1  |  收到数据:    28028 B  |  解析完整帧:   1001 帧  |  发送帧:   1001 帧  (   52052 B)  [帧头:EAEAEAEA  帧尾:AEAEAEAE]
[2026-04-02 17:27:35.760] 在线连接:   1  |  收到数据:    28000 B  |  解析完整帧:   1000 帧  |  发送帧:   1000 帧  (   52000 B)  [帧头:EAEAEAEA  帧尾:AEAEAEAE]
[2026-04-02 17:27:36.761] 在线连接:   1  |  收到数据:    28028 B  |  解析完整帧:   1001 帧  |  发送帧:   1001 帧  (   52052 B)  [帧头:EAEAEAEA  帧尾:AEAEAEAE]
[2026-04-02 17:27:37.762] 在线连接:   1  |  收到数据:    27972 B  |  解析完整帧:    999 帧  |  发送帧:    999 帧  (   51948 B)  [帧头:EAEAEAEA  帧尾:AEAEAEAE]
[2026-04-02 17:27:38.762] 在线连接:   1  |  收到数据:    28028 B  |  解析完整帧:   1001 帧  |  发送帧:   1001 帧  (   52052 B)  [帧头:EAEAEAEA  帧尾:AEAEAEAE]
[2026-04-02 17:27:39.763] 在线连接:   1  |  收到数据:    28056 B  |  解析完整帧:   1002 帧  |  发送帧:   1002 帧  (   52104 B)  [帧头:EAEAEAEA  帧尾:AEAEAEAE]
[2026-04-02 17:27:40.763] 在线连接:   1  |  收到数据:    27608 B  |  解析完整帧:    986 帧  |  发送帧:    986 帧  (   51272 B)  [帧头:EAEAEAEA  帧尾:AEAEAEAE]
[2026-04-02 17:27:41.764] 在线连接:   1  |  收到数据:    28308 B  |  解析完整帧:   1011 帧  |  发送帧:   1011 帧  (   52572 B)  [帧头:EAEAEAEA  帧尾:AEAEAEAE]
[2026-04-02 17:27:42.765] 在线连接:   1  |  收到数据:    28140 B  |  解析完整帧:   1005 帧  |  发送帧:   1005 帧  (   52260 B)  [帧头:EAEAEAEA  帧尾:AEAEAEAE]
[2026-04-02 17:27:43.766] 在线连接:   1  |  收到数据:    28000 B  |  解析完整帧:   1000 帧  |  发送帧:   1000 帧  (   52000 B)  [帧头:EAEAEAEA  帧尾:AEAEAEAE]
[2026-04-02 17:27:44.766] 在线连接:   1  |  收到数据:    28000 B  |  解析完整帧:   1000 帧  |  发送帧:   1000 帧  (   52000 B)  [帧头:EAEAEAEA  帧尾:AEAEAEAE]
[2026-04-02 17:27:45.767] 在线连接:   1  |  收到数据:    28084 B  |  解析完整帧:   1003 帧  |  发送帧:   1003 帧  (   52156 B)  [帧头:EAEAEAEA  帧尾:AEAEAEAE]
[2026-04-02 17:27:46.768] 在线连接:   1  |  收到数据:    28000 B  |  解析完整帧:   1000 帧  |  发送帧:   1000 帧  (   52000 B)  [帧头:EAEAEAEA  帧尾:AEAEAEAE]
[2026-04-02 17:27:47.769] 在线连接:   1  |  收到数据:    27804 B  |  解析完整帧:    993 帧  |  发送帧:    993 帧  (   51636 B)  [帧头:EAEAEAEA  帧尾:AEAEAEAE]
[2026-04-02 17:27:48.770] 在线连接:   1  |  收到数据:    28056 B  |  解析完整帧:   1002 帧  |  发送帧:   1002 帧  (   52104 B)  [帧头:EAEAEAEA  帧尾:AEAEAEAE]
[2026-04-02 17:27:49.770] 在线连接:   1  |  收到数据:    28140 B  |  解析完整帧:   1005 帧  |  发送帧:   1005 帧  (   52260 B)  [帧头:EAEAEAEA  帧尾:AEAEAEAE]
[2026-04-02 17:27:50.771] 在线连接:   0  |  收到数据:    16660 B  |  解析完整帧:    595 帧  |  发送帧:    595 帧  (   30940 B)  [帧头:EAEAEAEA  帧尾:AEAEAEAE]
[2026-04-02 17:27:51.772] 在线连接:   0  |  收到数据:        0 B  |  解析完整帧:      0 帧  |  发送帧:      0 帧  (       0 B)  [帧头:EAEAEAEA  帧尾:AEAEAEAE]
[2026-04-02 17:27:52.773] 在线连接:   0  |  收到数据:        0 B  |  解析完整帧:      0 帧  |  发送帧:      0 帧  (       0 B)  [帧头:EAEAEAEA  帧尾:AEAEAEAE]
[2026-04-02 17:27:53.773] 在线连接:   0  |  收到数据:        0 B  |  解析完整帧:      0 帧  |  发送帧:      0 帧  (       0 B)  [帧头:EAEAEAEA  帧尾:AEAEAEAE]
[2026-04-02 17:27:54.773] 在线连接:   0  |  收到数据:        0 B  |  解析完整帧:      0 帧  |  发送帧:      0 帧  (       0 B)  [帧头:EAEAEAEA  帧尾:AEAEAEAE]
[2026-04-02 17:27:55.774] 在线连接:   0  |  收到数据:        0 B  |  解析完整帧:      0 帧  |  发送帧:      0 帧  (       0 B)  [帧头:EAEAEAEA  帧尾:AEAEAEAE]
[2026-04-02 17:27:56.775] 在线连接:   0  |  收到数据:        0 B  |  解析完整帧:      0 帧  |  发送帧:      0 帧  (       0 B)  [帧头:EAEAEAEA  帧尾:AEAEAEAE]
[2026-04-02 17:27:57.776] 在线连接:   0  |  收到数据:        0 B  |  解析完整帧:      0 帧  |  发送帧:      0 帧  (       0 B)  [帧头:EAEAEAEA  帧尾:AEAEAEAE]
[2026-04-02 17:27:58.777] 在线连接:   0  |  收到数据:        0 B  |  解析完整帧:      0 帧  |  发送帧:      0 帧  (       0 B)  [帧头:EAEAEAEA  帧尾:AEAEAEAE]
[2026-04-02 17:27:59.778] 在线连接:   0  |  收到数据:        0 B  |  解析完整帧:      0 帧  |  发送帧:      0 帧  (       0 B)  [帧头:EAEAEAEA  帧尾:AEAEAEAE]
[2026-04-02 17:28:00.779] 在线连接:   0  |  收到数据:        0 B  |  解析完整帧:      0 帧  |  发送帧:      0 帧  (       0 B)  [帧头:EAEAEAEA  帧尾:AEAEAEAE]
[2026-04-02 17:28:01.779] 在线连接:   0  |  收到数据:        0 B  |  解析完整帧:      0 帧  |  发送帧:      0 帧  (       0 B)  [帧头:EAEAEAEA  帧尾:AEAEAEAE]
[2026-04-02 17:28:02.780] 在线连接:   0  |  收到数据:        0 B  |  解析完整帧:      0 帧  |  发送帧:      0 帧  (       0 B)  [帧头:EAEAEAEA  帧尾:AEAEAEAE]
[2026-04-02 17:28:03.781] 在线连接:   0  |  收到数据:        0 B  |  解析完整帧:      0 帧  |  发送帧:      0 帧  (       0 B)  [帧头:EAEAEAEA  帧尾:AEAEAEAE]
[2026-04-02 17:28:04.782] 在线连接:   0  |  收到数据:        0 B  |  解析完整帧:      0 帧  |  发送帧:      0 帧  (       0 B)  [帧头:EAEAEAEA  帧尾:AEAEAEAE]
[2026-04-02 17:28:05.783] 在线连接:   0  |  收到数据:        0 B  |  解析完整帧:      0 帧  |  发送帧:      0 帧  (       0 B)  [帧头:EAEAEAEA  帧尾:AEAEAEAE]
[2026-04-02 17:28:06.784] 在线连接:   0  |  收到数据:        0 B  |  解析完整帧:      0 帧  |  发送帧:      0 帧  (       0 B)  [帧头:EAEAEAEA  帧尾:AEAEAEAE]
[2026-04-02 17:28:07.785] 在线连接:   0  |  收到数据:        0 B  |  解析完整帧:      0 帧  |  发送帧:      0 帧  (       0 B)  [帧头:EAEAEAEA  帧尾:AEAEAEAE]
[2026-04-02 17:28:08.786] 在线连接:   0  |  收到数据:        0 B  |  解析完整帧:      0 帧  |  发送帧:      0 帧  (       0 B)  [帧头:EAEAEAEA  帧尾:AEAEAEAE]
[2026-04-02 17:28:09.786] 在线连接:   0  |  收到数据:        0 B  |  解析完整帧:      0 帧  |  发送帧:      0 帧  (       0 B)  [帧头:EAEAEAEA  帧尾:AEAEAEAE]
[2026-04-02 17:28:10.787] 在线连接:   0  |  收到数据:        0 B  |  解析完整帧:      0 帧  |  发送帧:      0 帧  (       0 B)  [帧头:EAEAEAEA  帧尾:AEAEAEAE]
[2026-04-02 17:28:11.788] 在线连接:   0  |  收到数据:        0 B  |  解析完整帧:      0 帧  |  发送帧:      0 帧  (       0 B)  [帧头:EAEAEAEA  帧尾:AEAEAEAE]
[2026-04-02 17:28:12.788] 在线连接:   0  |  收到数据:        0 B  |  解析完整帧:      0 帧  |  发送帧:      0 帧  (       0 B)  [帧头:EAEAEAEA  帧尾:AEAEAEAE]
[2026-04-02 17:28:13.789] 在线连接:   0  |  收到数据:        0 B  |  解析完整帧:      0 帧  |  发送帧:      0 帧  (       0 B)  [帧头:EAEAEAEA  帧尾:AEAEAEAE]
[2026-04-02 17:28:14.790] 在线连接:   0  |  收到数据:        0 B  |  解析完整帧:      0 帧  |  发送帧:      0 帧  (       0 B)  [帧头:EAEAEAEA  帧尾:AEAEAEAE]
[2026-04-02 17:28:15.791] 在线连接:   0  |  收到数据:        0 B  |  解析完整帧:      0 帧  |  发送帧:      0 帧  (       0 B)  [帧头:EAEAEAEA  帧尾:AEAEAEAE]
[2026-04-02 17:28:16.792] 在线连接:   0  |  收到数据:        0 B  |  解析完整帧:      0 帧  |  发送帧:      0 帧  (       0 B)  [帧头:EAEAEAEA  帧尾:AEAEAEAE]
[2026-04-02 17:28:17.792] 在线连接:   0  |  收到数据:        0 B  |  解析完整帧:      0 帧  |  发送帧:      0 帧  (       0 B)  [帧头:EAEAEAEA  帧尾:AEAEAEAE]
[2026-04-02 17:28:18.793] 在线连接:   0  |  收到数据:        0 B  |  解析完整帧:      0 帧  |  发送帧:      0 帧  (       0 B)  [帧头:EAEAEAEA  帧尾:AEAEAEAE]
[2026-04-02 17:28:19.794] 在线连接:   0  |  收到数据:        0 B  |  解析完整帧:      0 帧  |  发送帧:      0 帧  (       0 B)  [帧头:EAEAEAEA  帧尾:AEAEAEAE]
[2026-04-02 17:28:20.795] 在线连接:   0  |  收到数据:        0 B  |  解析完整帧:      0 帧  |  发送帧:      0 帧  (       0 B)  [帧头:EAEAEAEA  帧尾:AEAEAEAE]
[2026-04-02 17:28:21.796] 在线连接:   0  |  收到数据:        0 B  |  解析完整帧:      0 帧  |  发送帧:      0 帧  (       0 B)  [帧头:EAEAEAEA  帧尾:AEAEAEAE]
[2026-04-02 17:28:22.797] 在线连接:   0  |  收到数据:        0 B  |  解析完整帧:      0 帧  |  发送帧:      0 帧  (       0 B)  [帧头:EAEAEAEA  帧尾:AEAEAEAE]
[2026-04-02 17:28:23.798] 在线连接:   0  |  收到数据:        0 B  |  解析完整帧:      0 帧  |  发送帧:      0 帧  (       0 B)  [帧头:EAEAEAEA  帧尾:AEAEAEAE]
[2026-04-02 17:28:24.798] 在线连接:   0  |  收到数据:        0 B  |  解析完整帧:      0 帧  |  发送帧:      0 帧  (       0 B)  [帧头:EAEAEAEA  帧尾:AEAEAEAE]
[2026-04-02 17:28:25.799] 在线连接:   0  |  收到数据:        0 B  |  解析完整帧:      0 帧  |  发送帧:      0 帧  (       0 B)  [帧头:EAEAEAEA  帧尾:AEAEAEAE]
[2026-04-02 17:28:26.800] 在线连接:   0  |  收到数据:        0 B  |  解析完整帧:      0 帧  |  发送帧:      0 帧  (       0 B)  [帧头:EAEAEAEA  帧尾:AEAEAEAE]
[2026-04-02 17:28:27.801] 在线连接:   0  |  收到数据:        0 B  |  解析完整帧:      0 帧  |  发送帧:      0 帧  (       0 B)  [帧头:EAEAEAEA  帧尾:AEAEAEAE]
[2026-04-02 17:28:28.802] 在线连接:   0  |  收到数据:        0 B  |  解析完整帧:      0 帧  |  发送帧:      0 帧  (       0 B)  [帧头:EAEAEAEA  帧尾:AEAEAEAE]
[2026-04-02 17:28:29.803] 在线连接:   0  |  收到数据:        0 B  |  解析完整帧:      0 帧  |  发送帧:      0 帧  (       0 B)  [帧头:EAEAEAEA  帧尾:AEAEAEAE]
[2026-04-02 17:28:30.804] 在线连接:   0  |  收到数据:        0 B  |  解析完整帧:      0 帧  |  发送帧:      0 帧  (       0 B)  [帧头:EAEAEAEA  帧尾:AEAEAEAE]
[2026-04-02 17:28:31.804] 在线连接:   0  |  收到数据:        0 B  |  解析完整帧:      0 帧  |  发送帧:      0 帧  (       0 B)  [帧头:EAEAEAEA  帧尾:AEAEAEAE]
[2026-04-02 17:28:32.805] 在线连接:   0  |  收到数据:        0 B  |  解析完整帧:      0 帧  |  发送帧:      0 帧  (       0 B)  [帧头:EAEAEAEA  帧尾:AEAEAEAE]
[2026-04-02 17:28:33.806] 在线连接:   0  |  收到数据:        0 B  |  解析完整帧:      0 帧  |  发送帧:      0 帧  (       0 B)  [帧头:EAEAEAEA  帧尾:AEAEAEAE]
[2026-04-02 17:28:34.807] 在线连接:   0  |  收到数据:        0 B  |  解析完整帧:      0 帧  |  发送帧:      0 帧  (       0 B)  [帧头:EAEAEAEA  帧尾:AEAEAEAE]
[2026-04-02 17:28:35.808] 在线连接:   0  |  收到数据:        0 B  |  解析完整帧:      0 帧  |  发送帧:      0 帧  (       0 B)  [帧头:EAEAEAEA  帧尾:AEAEAEAE]
[2026-04-02 17:28:36.808] 在线连接:   1  |  收到数据:        0 B  |  解析完整帧:      0 帧  |  发送帧:      0 帧  (       0 B)  [帧头:EAEAEAEA  帧尾:AEAEAEAE]
[2026-04-02 17:28:37.809] 在线连接:   1  |  收到数据:        0 B  |  解析完整帧:      0 帧  |  发送帧:      0 帧  (       0 B)  [帧头:EAEAEAEA  帧尾:AEAEAEAE]
[2026-04-02 17:28:38.810] 在线连接:   1  |  收到数据:    25284 B  |  解析完整帧:    903 帧  |  发送帧:    903 帧  (   46956 B)  [帧头:EAEAEAEA  帧尾:AEAEAEAE]
[2026-04-02 17:28:39.810] 在线连接:   1  |  收到数据:    27916 B  |  解析完整帧:    997 帧  |  发送帧:    997 帧  (   51844 B)  [帧头:EAEAEAEA  帧尾:AEAEAEAE]
[2026-04-02 17:28:40.811] 在线连接:   1  |  收到数据:    27888 B  |  解析完整帧:    996 帧  |  发送帧:    996 帧  (   51792 B)  [帧头:EAEAEAEA  帧尾:AEAEAEAE]
[2026-04-02 17:28:41.812] 在线连接:   1  |  收到数据:    28028 B  |  解析完整帧:   1001 帧  |  发送帧:   1001 帧  (   52052 B)  [帧头:EAEAEAEA  帧尾:AEAEAEAE]
[2026-04-02 17:28:42.813] 在线连接:   1  |  收到数据:    28028 B  |  解析完整帧:   1001 帧  |  发送帧:   1001 帧  (   52052 B)  [帧头:EAEAEAEA  帧尾:AEAEAEAE]
[2026-04-02 17:28:43.814] 在线连接:   1  |  收到数据:    28028 B  |  解析完整帧:   1001 帧  |  发送帧:   1001 帧  (   52052 B)  [帧头:EAEAEAEA  帧尾:AEAEAEAE]
[2026-04-02 17:28:44.815] 在线连接:   1  |  收到数据:    27972 B  |  解析完整帧:    999 帧  |  发送帧:    998 帧  (   51896 B)  [帧头:EAEAEAEA  帧尾:AEAEAEAE]
[2026-04-02 17:28:45.815] 在线连接:   1  |  收到数据:    28000 B  |  解析完整帧:   1000 帧  |  发送帧:   1001 帧  (   52052 B)  [帧头:EAEAEAEA  帧尾:AEAEAEAE]
[2026-04-02 17:28:46.816] 在线连接:   1  |  收到数据:    28028 B  |  解析完整帧:   1001 帧  |  发送帧:   1001 帧  (   52052 B)  [帧头:EAEAEAEA  帧尾:AEAEAEAE]
[2026-04-02 17:28:47.817] 在线连接:   1  |  收到数据:    27860 B  |  解析完整帧:    995 帧  |  发送帧:    994 帧  (   51688 B)  [帧头:EAEAEAEA  帧尾:AEAEAEAE]
[2026-04-02 17:28:48.818] 在线连接:   1  |  收到数据:    27440 B  |  解析完整帧:    980 帧  |  发送帧:    980 帧  (   50960 B)  [帧头:EAEAEAEA  帧尾:AEAEAEAE]
[2026-04-02 17:28:49.818] 在线连接:   1  |  收到数据:    28028 B  |  解析完整帧:   1001 帧  |  发送帧:   1001 帧  (   52052 B)  [帧头:EAEAEAEA  帧尾:AEAEAEAE]
[2026-04-02 17:28:50.819] 在线连接:   1  |  收到数据:    28000 B  |  解析完整帧:   1000 帧  |  发送帧:   1001 帧  (   52052 B)  [帧头:EAEAEAEA  帧尾:AEAEAEAE]
[2026-04-02 17:28:51.820] 在线连接:   1  |  收到数据:    28028 B  |  解析完整帧:   1001 帧  |  发送帧:   1001 帧  (   52052 B)  [帧头:EAEAEAEA  帧尾:AEAEAEAE]
[2026-04-02 17:28:52.821] 在线连接:   1  |  收到数据:    28028 B  |  解析完整帧:   1001 帧  |  发送帧:   1001 帧  (   52052 B)  [帧头:EAEAEAEA  帧尾:AEAEAEAE]
[2026-04-02 17:28:53.821] 在线连接:   1  |  收到数据:    27412 B  |  解析完整帧:    979 帧  |  发送帧:    979 帧  (   50908 B)  [帧头:EAEAEAEA  帧尾:AEAEAEAE]
[2026-04-02 17:28:54.822] 在线连接:   1  |  收到数据:    28028 B  |  解析完整帧:   1001 帧  |  发送帧:   1001 帧  (   52052 B)  [帧头:EAEAEAEA  帧尾:AEAEAEAE]
[2026-04-02 17:28:55.823] 在线连接:   1  |  收到数据:    27944 B  |  解析完整帧:    998 帧  |  发送帧:    998 帧  (   51896 B)  [帧头:EAEAEAEA  帧尾:AEAEAEAE]
[2026-04-02 17:28:56.823] 在线连接:   1  |  收到数据:    28028 B  |  解析完整帧:   1001 帧  |  发送帧:   1001 帧  (   52052 B)  [帧头:EAEAEAEA  帧尾:AEAEAEAE]
[2026-04-02 17:28:57.824] 在线连接:   1  |  收到数据:    27720 B  |  解析完整帧:    990 帧  |  发送帧:    989 帧  (   51428 B)  [帧头:EAEAEAEA  帧尾:AEAEAEAE]
[2026-04-02 17:28:58.825] 在线连接:   1  |  收到数据:    27944 B  |  解析完整帧:    998 帧  |  发送帧:    999 帧  (   51948 B)  [帧头:EAEAEAEA  帧尾:AEAEAEAE]
[2026-04-02 17:28:59.825] 在线连接:   1  |  收到数据:    28000 B  |  解析完整帧:   1000 帧  |  发送帧:   1000 帧  (   52000 B)  [帧头:EAEAEAEA  帧尾:AEAEAEAE]
[2026-04-02 17:29:00.826] 在线连接:   1  |  收到数据:    28028 B  |  解析完整帧:   1001 帧  |  发送帧:   1001 帧  (   52052 B)  [帧头:EAEAEAEA  帧尾:AEAEAEAE]
[2026-04-02 17:29:01.827] 在线连接:   1  |  收到数据:    27916 B  |  解析完整帧:    997 帧  |  发送帧:    997 帧  (   51844 B)  [帧头:EAEAEAEA  帧尾:AEAEAEAE]
[2026-04-02 17:29:02.827] 在线连接:   1  |  收到数据:    28028 B  |  解析完整帧:   1001 帧  |  发送帧:   1000 帧  (   52000 B)  [帧头:EAEAEAEA  帧尾:AEAEAEAE]
[2026-04-02 17:29:03.828] 在线连接:   1  |  收到数据:    28000 B  |  解析完整帧:   1000 帧  |  发送帧:   1001 帧  (   52052 B)  [帧头:EAEAEAEA  帧尾:AEAEAEAE]
[2026-04-02 17:29:04.829] 在线连接:   1  |  收到数据:    28028 B  |  解析完整帧:   1001 帧  |  发送帧:   1001 帧  (   52052 B)  [帧头:EAEAEAEA  帧尾:AEAEAEAE]
[2026-04-02 17:29:05.829] 在线连接:   1  |  收到数据:    27664 B  |  解析完整帧:    988 帧  |  发送帧:    988 帧  (   51376 B)  [帧头:EAEAEAEA  帧尾:AEAEAEAE]
[2026-04-02 17:29:06.830] 在线连接:   1  |  收到数据:    28028 B  |  解析完整帧:   1001 帧  |  发送帧:   1001 帧  (   52052 B)  [帧头:EAEAEAEA  帧尾:AEAEAEAE]
[2026-04-02 17:29:07.831] 在线连接:   1  |  收到数据:    27496 B  |  解析完整帧:    982 帧  |  发送帧:    982 帧  (   51064 B)  [帧头:EAEAEAEA  帧尾:AEAEAEAE]
[2026-04-02 17:29:08.831] 在线连接:   1  |  收到数据:    28028 B  |  解析完整帧:   1001 帧  |  发送帧:   1001 帧  (   52052 B)  [帧头:EAEAEAEA  帧尾:AEAEAEAE]
[2026-04-02 17:29:09.832] 在线连接:   1  |  收到数据:    28028 B  |  解析完整帧:   1001 帧  |  发送帧:   1000 帧  (   52000 B)  [帧头:EAEAEAEA  帧尾:AEAEAEAE]
[2026-04-02 17:29:10.833] 在线连接:   1  |  收到数据:    28000 B  |  解析完整帧:   1000 帧  |  发送帧:   1001 帧  (   52052 B)  [帧头:EAEAEAEA  帧尾:AEAEAEAE]
[2026-04-02 17:29:11.834] 在线连接:   1  |  收到数据:    27804 B  |  解析完整帧:    993 帧  |  发送帧:    993 帧  (   51636 B)  [帧头:EAEAEAEA  帧尾:AEAEAEAE]
[2026-04-02 17:29:12.835] 在线连接:   1  |  收到数据:    28000 B  |  解析完整帧:   1000 帧  |  发送帧:   1000 帧  (   52000 B)  [帧头:EAEAEAEA  帧尾:AEAEAEAE]
[2026-04-02 17:29:13.836] 在线连接:   1  |  收到数据:    27328 B  |  解析完整帧:    976 帧  |  发送帧:    976 帧  (   50752 B)  [帧头:EAEAEAEA  帧尾:AEAEAEAE]
[2026-04-02 17:29:14.836] 在线连接:   1  |  收到数据:    27944 B  |  解析完整帧:    998 帧  |  发送帧:    998 帧  (   51896 B)  [帧头:EAEAEAEA  帧尾:AEAEAEAE]
[2026-04-02 17:29:15.837] 在线连接:   1  |  收到数据:    28028 B  |  解析完整帧:   1001 帧  |  发送帧:   1001 帧  (   52052 B)  [帧头:EAEAEAEA  帧尾:AEAEAEAE]
[2026-04-02 17:29:16.837] 在线连接:   1  |  收到数据:    28000 B  |  解析完整帧:   1000 帧  |  发送帧:   1000 帧  (   52000 B)  [帧头:EAEAEAEA  帧尾:AEAEAEAE]
[2026-04-02 17:29:17.838] 在线连接:   1  |  收到数据:    27664 B  |  解析完整帧:    988 帧  |  发送帧:    988 帧  (   51376 B)  [帧头:EAEAEAEA  帧尾:AEAEAEAE]
[2026-04-02 17:29:18.839] 在线连接:   1  |  收到数据:    28028 B  |  解析完整帧:   1001 帧  |  发送帧:   1001 帧  (   52052 B)  [帧头:EAEAEAEA  帧尾:AEAEAEAE]
[2026-04-02 17:29:19.840] 在线连接:   1  |  收到数据:    26712 B  |  解析完整帧:    954 帧  |  发送帧:    954 帧  (   49608 B)  [帧头:EAEAEAEA  帧尾:AEAEAEAE]
[2026-04-02 17:29:20.840] 在线连接:   1  |  收到数据:    27300 B  |  解析完整帧:    975 帧  |  发送帧:    975 帧  (   50700 B)  [帧头:EAEAEAEA  帧尾:AEAEAEAE]
[2026-04-02 17:29:21.841] 在线连接:   1  |  收到数据:    28028 B  |  解析完整帧:   1001 帧  |  发送帧:   1001 帧  (   52052 B)  [帧头:EAEAEAEA  帧尾:AEAEAEAE]
[2026-04-02 17:29:22.844] 在线连接:   1  |  收到数据:    28084 B  |  解析完整帧:   1003 帧  |  发送帧:   1002 帧  (   52104 B)  [帧头:EAEAEAEA  帧尾:AEAEAEAE]
[2026-04-02 17:29:23.846] 在线连接:   1  |  收到数据:    27720 B  |  解析完整帧:    990 帧  |  发送帧:    991 帧  (   51532 B)  [帧头:EAEAEAEA  帧尾:AEAEAEAE]
[2026-04-02 17:29:24.848] 在线连接:   1  |  收到数据:    28056 B  |  解析完整帧:   1002 帧  |  发送帧:   1002 帧  (   52104 B)  [帧头:EAEAEAEA  帧尾:AEAEAEAE]
[2026-04-02 17:29:25.849] 在线连接:   1  |  收到数据:    28028 B  |  解析完整帧:   1001 帧  |  发送帧:   1001 帧  (   52052 B)  [帧头:EAEAEAEA  帧尾:AEAEAEAE]
[2026-04-02 17:29:26.850] 在线连接:   1  |  收到数据:    27664 B  |  解析完整帧:    988 帧  |  发送帧:    988 帧  (   51376 B)  [帧头:EAEAEAEA  帧尾:AEAEAEAE]
[2026-04-02 17:29:27.851] 在线连接:   1  |  收到数据:    28028 B  |  解析完整帧:   1001 帧  |  发送帧:   1001 帧  (   52052 B)  [帧头:EAEAEAEA  帧尾:AEAEAEAE]
[2026-04-02 17:29:28.851] 在线连接:   0  |  收到数据:     9408 B  |  解析完整帧:    336 帧  |  发送帧:    336 帧  (   17472 B)  [帧头:EAEAEAEA  帧尾:AEAEAEAE]
[2026-04-02 17:29:29.852] 在线连接:   0  |  收到数据:        0 B  |  解析完整帧:      0 帧  |  发送帧:      0 帧  (       0 B)  [帧头:EAEAEAEA  帧尾:AEAEAEAE]
[2026-04-02 17:29:30.853] 在线连接:   0  |  收到数据:        0 B  |  解析完整帧:      0 帧  |  发送帧:      0 帧  (       0 B)  [帧头:EAEAEAEA  帧尾:AEAEAEAE]
[2026-04-02 17:29:31.853] 在线连接:   0  |  收到数据:        0 B  |  解析完整帧:      0 帧  |  发送帧:      0 帧  (       0 B)  [帧头:EAEAEAEA  帧尾:AEAEAEAE]
[2026-04-02 17:29:32.854] 在线连接:   0  |  收到数据:        0 B  |  解析完整帧:      0 帧  |  发送帧:      0 帧  (       0 B)  [帧头:EAEAEAEA  帧尾:AEAEAEAE]
[2026-04-02 17:29:33.855] 在线连接:   0  |  收到数据:        0 B  |  解析完整帧:      0 帧  |  发送帧:      0 帧  (       0 B)  [帧头:EAEAEAEA  帧尾:AEAEAEAE]
[2026-04-02 17:29:34.856] 在线连接:   0  |  收到数据:        0 B  |  解析完整帧:      0 帧  |  发送帧:      0 帧  (       0 B)  [帧头:EAEAEAEA  帧尾:AEAEAEAE]
[2026-04-02 17:29:35.856] 在线连接:   0  |  收到数据:        0 B  |  解析完整帧:      0 帧  |  发送帧:      0 帧  (       0 B)  [帧头:EAEAEAEA  帧尾:AEAEAEAE]
[2026-04-02 17:29:36.857] 在线连接:   0  |  收到数据:        0 B  |  解析完整帧:      0 帧  |  发送帧:      0 帧  (       0 B)  [帧头:EAEAEAEA  帧尾:AEAEAEAE]
[2026-04-02 17:29:37.858] 在线连接:   0  |  收到数据:        0 B  |  解析完整帧:      0 帧  |  发送帧:      0 帧  (       0 B)  [帧头:EAEAEAEA  帧尾:AEAEAEAE]
[2026-04-02 17:29:38.858] 在线连接:   0  |  收到数据:        0 B  |  解析完整帧:      0 帧  |  发送帧:      0 帧  (       0 B)  [帧头:EAEAEAEA  帧尾:AEAEAEAE]
[2026-04-02 17:29:39.880] 在线连接:   0  |  收到数据:        0 B  |  解析完整帧:      0 帧  |  发送帧:      0 帧  (       0 B)  [帧头:EAEAEAEA  帧尾:AEAEAEAE]
[2026-04-02 17:29:40.892] 在线连接:   0  |  收到数据:        0 B  |  解析完整帧:      0 帧  |  发送帧:      0 帧  (       0 B)  [帧头:EAEAEAEA  帧尾:AEAEAEAE]
[2026-04-02 17:29:41.895] 在线连接:   0  |  收到数据:        0 B  |  解析完整帧:      0 帧  |  发送帧:      0 帧  (       0 B)  [帧头:EAEAEAEA  帧尾:AEAEAEAE]
[2026-04-02 17:29:42.905] 在线连接:   0  |  收到数据:        0 B  |  解析完整帧:      0 帧  |  发送帧:      0 帧  (       0 B)  [帧头:EAEAEAEA  帧尾:AEAEAEAE]
[2026-04-02 17:29:43.906] 在线连接:   0  |  收到数据:        0 B  |  解析完整帧:      0 帧  |  发送帧:      0 帧  (       0 B)  [帧头:EAEAEAEA  帧尾:AEAEAEAE]
[2026-04-02 17:29:44.907] 在线连接:   0  |  收到数据:        0 B  |  解析完整帧:      0 帧  |  发送帧:      0 帧  (       0 B)  [帧头:EAEAEAEA  帧尾:AEAEAEAE]
[2026-04-02 17:29:45.908] 在线连接:   0  |  收到数据:        0 B  |  解析完整帧:      0 帧  |  发送帧:      0 帧  (       0 B)  [帧头:EAEAEAEA  帧尾:AEAEAEAE]
[2026-04-02 17:29:46.908] 在线连接:   0  |  收到数据:        0 B  |  解析完整帧:      0 帧  |  发送帧:      0 帧  (       0 B)  [帧头:EAEAEAEA  帧尾:AEAEAEAE]
[2026-04-02 17:29:47.909] 在线连接:   0  |  收到数据:        0 B  |  解析完整帧:      0 帧  |  发送帧:      0 帧  (       0 B)  [帧头:EAEAEAEA  帧尾:AEAEAEAE]
[2026-04-02 17:29:48.910] 在线连接:   0  |  收到数据:        0 B  |  解析完整帧:      0 帧  |  发送帧:      0 帧  (       0 B)  [帧头:EAEAEAEA  帧尾:AEAEAEAE]
[2026-04-02 17:29:49.910] 在线连接:   0  |  收到数据:        0 B  |  解析完整帧:      0 帧  |  发送帧:      0 帧  (       0 B)  [帧头:EAEAEAEA  帧尾:AEAEAEAE]
[2026-04-02 17:29:50.911] 在线连接:   1  |  收到数据:        0 B  |  解析完整帧:      0 帧  |  发送帧:      0 帧  (       0 B)  [帧头:EAEAEAEA  帧尾:AEAEAEAE]
[2026-04-02 17:29:51.912] 在线连接:   1  |  收到数据:        0 B  |  解析完整帧:      0 帧  |  发送帧:      0 帧  (       0 B)  [帧头:EAEAEAEA  帧尾:AEAEAEAE]
[2026-04-02 17:29:52.912] 在线连接:   1  |  收到数据:    21532 B  |  解析完整帧:    769 帧  |  发送帧:    768 帧  (   39936 B)  [帧头:EAEAEAEA  帧尾:AEAEAEAE]
[2026-04-02 17:29:53.913] 在线连接:   1  |  收到数据:    27804 B  |  解析完整帧:    993 帧  |  发送帧:    994 帧  (   51688 B)  [帧头:EAEAEAEA  帧尾:AEAEAEAE]
[2026-04-02 17:29:54.913] 在线连接:   1  |  收到数据:    28000 B  |  解析完整帧:   1000 帧  |  发送帧:   1000 帧  (   52000 B)  [帧头:EAEAEAEA  帧尾:AEAEAEAE]
[2026-04-02 17:29:55.914] 在线连接:   1  |  收到数据:    28028 B  |  解析完整帧:   1001 帧  |  发送帧:   1001 帧  (   52052 B)  [帧头:EAEAEAEA  帧尾:AEAEAEAE]
[2026-04-02 17:29:56.915] 在线连接:   1  |  收到数据:    28028 B  |  解析完整帧:   1001 帧  |  发送帧:   1000 帧  (   52000 B)  [帧头:EAEAEAEA  帧尾:AEAEAEAE]
[2026-04-02 17:29:57.915] 在线连接:   1  |  收到数据:    28000 B  |  解析完整帧:   1000 帧  |  发送帧:   1001 帧  (   52052 B)  [帧头:EAEAEAEA  帧尾:AEAEAEAE]
[2026-04-02 17:29:58.916] 在线连接:   1  |  收到数据:    28028 B  |  解析完整帧:   1001 帧  |  发送帧:   1001 帧  (   52052 B)  [帧头:EAEAEAEA  帧尾:AEAEAEAE]
[2026-04-02 17:29:59.917] 在线连接:   1  |  收到数据:    28028 B  |  解析完整帧:   1001 帧  |  发送帧:   1001 帧  (   52052 B)  [帧头:EAEAEAEA  帧尾:AEAEAEAE]
[2026-04-02 17:30:00.918] 在线连接:   1  |  收到数据:    28028 B  |  解析完整帧:   1001 帧  |  发送帧:   1001 帧  (   52052 B)  [帧头:EAEAEAEA  帧尾:AEAEAEAE]
[2026-04-02 17:30:01.919] 在线连接:   1  |  收到数据:    27916 B  |  解析完整帧:    997 帧  |  发送帧:    996 帧  (   51792 B)  [帧头:EAEAEAEA  帧尾:AEAEAEAE]
[2026-04-02 17:30:02.919] 在线连接:   1  |  收到数据:    28000 B  |  解析完整帧:   1000 帧  |  发送帧:   1001 帧  (   52052 B)  [帧头:EAEAEAEA  帧尾:AEAEAEAE]
[2026-04-02 17:30:03.920] 在线连接:   1  |  收到数据:    27468 B  |  解析完整帧:    981 帧  |  发送帧:    981 帧  (   51012 B)  [帧头:EAEAEAEA  帧尾:AEAEAEAE]
[2026-04-02 17:30:04.921] 在线连接:   1  |  收到数据:    28028 B  |  解析完整帧:   1001 帧  |  发送帧:   1001 帧  (   52052 B)  [帧头:EAEAEAEA  帧尾:AEAEAEAE]
[2026-04-02 17:30:05.921] 在线连接:   1  |  收到数据:    28028 B  |  解析完整帧:   1001 帧  |  发送帧:   1001 帧  (   52052 B)  [帧头:EAEAEAEA  帧尾:AEAEAEAE]
[2026-04-02 17:30:06.922] 在线连接:   1  |  收到数据:    28028 B  |  解析完整帧:   1001 帧  |  发送帧:   1001 帧  (   52052 B)  [帧头:EAEAEAEA  帧尾:AEAEAEAE]
[2026-04-02 17:30:07.923] 在线连接:   1  |  收到数据:    28000 B  |  解析完整帧:   1000 帧  |  发送帧:   1000 帧  (   52000 B)  [帧头:EAEAEAEA  帧尾:AEAEAEAE]
[2026-04-02 17:30:08.923] 在线连接:   1  |  收到数据:    27496 B  |  解析完整帧:    982 帧  |  发送帧:    982 帧  (   51064 B)  [帧头:EAEAEAEA  帧尾:AEAEAEAE]
[2026-04-02 17:30:09.924] 在线连接:   1  |  收到数据:    28028 B  |  解析完整帧:   1001 帧  |  发送帧:   1001 帧  (   52052 B)  [帧头:EAEAEAEA  帧尾:AEAEAEAE]
[2026-04-02 17:30:10.925] 在线连接:   1  |  收到数据:    28028 B  |  解析完整帧:   1001 帧  |  发送帧:   1001 帧  (   52052 B)  [帧头:EAEAEAEA  帧尾:AEAEAEAE]
[2026-04-02 17:30:11.926] 在线连接:   1  |  收到数据:    28028 B  |  解析完整帧:   1001 帧  |  发送帧:   1000 帧  (   52000 B)  [帧头:EAEAEAEA  帧尾:AEAEAEAE]
[2026-04-02 17:30:12.926] 在线连接:   1  |  收到数据:    28000 B  |  解析完整帧:   1000 帧  |  发送帧:   1001 帧  (   52052 B)  [帧头:EAEAEAEA  帧尾:AEAEAEAE]
[2026-04-02 17:30:13.927] 在线连接:   1  |  收到数据:    27944 B  |  解析完整帧:    998 帧  |  发送帧:    998 帧  (   51896 B)  [帧头:EAEAEAEA  帧尾:AEAEAEAE]
[2026-04-02 17:30:14.929] 在线连接:   1  |  收到数据:    26964 B  |  解析完整帧:    963 帧  |  发送帧:    963 帧  (   50076 B)  [帧头:EAEAEAEA  帧尾:AEAEAEAE]
[2026-04-02 17:30:15.930] 在线连接:   1  |  收到数据:    28000 B  |  解析完整帧:   1000 帧  |  发送帧:   1000 帧  (   52000 B)  [帧头:EAEAEAEA  帧尾:AEAEAEAE]
[2026-04-02 17:30:16.931] 在线连接:   1  |  收到数据:    28028 B  |  解析完整帧:   1001 帧  |  发送帧:   1001 帧  (   52052 B)  [帧头:EAEAEAEA  帧尾:AEAEAEAE]
[2026-04-02 17:30:17.931] 在线连接:   1  |  收到数据:    28000 B  |  解析完整帧:   1000 帧  |  发送帧:   1000 帧  (   52000 B)  [帧头:EAEAEAEA  帧尾:AEAEAEAE]
[2026-04-02 17:30:18.932] 在线连接:   1  |  收到数据:    28028 B  |  解析完整帧:   1001 帧  |  发送帧:   1001 帧  (   52052 B)  [帧头:EAEAEAEA  帧尾:AEAEAEAE]
[2026-04-02 17:30:19.932] 在线连接:   1  |  收到数据:    28028 B  |  解析完整帧:   1001 帧  |  发送帧:   1001 帧  (   52052 B)  [帧头:EAEAEAEA  帧尾:AEAEAEAE]
[2026-04-02 17:30:20.933] 在线连接:   1  |  收到数据:    27664 B  |  解析完整帧:    988 帧  |  发送帧:    988 帧  (   51376 B)  [帧头:EAEAEAEA  帧尾:AEAEAEAE]
[2026-04-02 17:30:21.934] 在线连接:   1  |  收到数据:    28028 B  |  解析完整帧:   1001 帧  |  发送帧:   1001 帧  (   52052 B)  [帧头:EAEAEAEA  帧尾:AEAEAEAE]
[2026-04-02 17:30:22.935] 在线连接:   1  |  收到数据:    28028 B  |  解析完整帧:   1001 帧  |  发送帧:   1001 帧  (   52052 B)  [帧头:EAEAEAEA  帧尾:AEAEAEAE]
[2026-04-02 17:30:23.935] 在线连接:   1  |  收到数据:    27272 B  |  解析完整帧:    974 帧  |  发送帧:    974 帧  (   50648 B)  [帧头:EAEAEAEA  帧尾:AEAEAEAE]
[2026-04-02 17:30:24.936] 在线连接:   1  |  收到数据:    28028 B  |  解析完整帧:   1001 帧  |  发送帧:   1001 帧  (   52052 B)  [帧头:EAEAEAEA  帧尾:AEAEAEAE]
[2026-04-02 17:30:25.936] 在线连接:   1  |  收到数据:    28000 B  |  解析完整帧:   1000 帧  |  发送帧:   1000 帧  (   52000 B)  [帧头:EAEAEAEA  帧尾:AEAEAEAE]
[2026-04-02 17:30:26.937] 在线连接:   1  |  收到数据:    28028 B  |  解析完整帧:   1001 帧  |  发送帧:   1001 帧  (   52052 B)  [帧头:EAEAEAEA  帧尾:AEAEAEAE]
[2026-04-02 17:30:27.938] 在线连接:   1  |  收到数据:    28028 B  |  解析完整帧:   1001 帧  |  发送帧:   1001 帧  (   52052 B)  [帧头:EAEAEAEA  帧尾:AEAEAEAE]
[2026-04-02 17:30:28.939] 在线连接:   1  |  收到数据:    28028 B  |  解析完整帧:   1001 帧  |  发送帧:   1000 帧  (   52000 B)  [帧头:EAEAEAEA  帧尾:AEAEAEAE]
[2026-04-02 17:30:29.939] 在线连接:   1  |  收到数据:    28000 B  |  解析完整帧:   1000 帧  |  发送帧:   1001 帧  (   52052 B)  [帧头:EAEAEAEA  帧尾:AEAEAEAE]
[2026-04-02 17:30:30.940] 在线连接:   1  |  收到数据:    27580 B  |  解析完整帧:    985 帧  |  发送帧:    985 帧  (   51220 B)  [帧头:EAEAEAEA  帧尾:AEAEAEAE]
[2026-04-02 17:30:31.941] 在线连接:   1  |  收到数据:    28028 B  |  解析完整帧:   1001 帧  |  发送帧:   1001 帧  (   52052 B)  [帧头:EAEAEAEA  帧尾:AEAEAEAE]
[2026-04-02 17:30:32.942] 在线连接:   1  |  收到数据:    28028 B  |  解析完整帧:   1001 帧  |  发送帧:   1001 帧  (   52052 B)  [帧头:EAEAEAEA  帧尾:AEAEAEAE]
[2026-04-02 17:30:33.942] 在线连接:   1  |  收到数据:    27552 B  |  解析完整帧:    984 帧  |  发送帧:    984 帧  (   51168 B)  [帧头:EAEAEAEA  帧尾:AEAEAEAE]
[2026-04-02 17:30:34.943] 在线连接:   1  |  收到数据:    28000 B  |  解析完整帧:   1000 帧  |  发送帧:   1000 帧  (   52000 B)  [帧头:EAEAEAEA  帧尾:AEAEAEAE]
[2026-04-02 17:30:35.944] 在线连接:   1  |  收到数据:    28028 B  |  解析完整帧:   1001 帧  |  发送帧:   1001 帧  (   52052 B)  [帧头:EAEAEAEA  帧尾:AEAEAEAE]
[2026-04-02 17:30:36.944] 在线连接:   1  |  收到数据:    28028 B  |  解析完整帧:   1001 帧  |  发送帧:   1001 帧  (   52052 B)  [帧头:EAEAEAEA  帧尾:AEAEAEAE]
[2026-04-02 17:30:37.945] 在线连接:   1  |  收到数据:    28028 B  |  解析完整帧:   1001 帧  |  发送帧:   1000 帧  (   52000 B)  [帧头:EAEAEAEA  帧尾:AEAEAEAE]
[2026-04-02 17:30:38.946] 在线连接:   1  |  收到数据:    28000 B  |  解析完整帧:   1000 帧  |  发送帧:   1001 帧  (   52052 B)  [帧头:EAEAEAEA  帧尾:AEAEAEAE]
[2026-04-02 17:30:39.946] 在线连接:   1  |  收到数据:    28028 B  |  解析完整帧:   1001 帧  |  发送帧:   1001 帧  (   52052 B)  [帧头:EAEAEAEA  帧尾:AEAEAEAE]
[2026-04-02 17:30:40.947] 在线连接:   1  |  收到数据:    27720 B  |  解析完整帧:    990 帧  |  发送帧:    990 帧  (   51480 B)  [帧头:EAEAEAEA  帧尾:AEAEAEAE]
[2026-04-02 17:30:41.947] 在线连接:   1  |  收到数据:    28000 B  |  解析完整帧:   1000 帧  |  发送帧:   1000 帧  (   52000 B)  [帧头:EAEAEAEA  帧尾:AEAEAEAE]
[2026-04-02 17:30:42.948] 在线连接:   1  |  收到数据:    28028 B  |  解析完整帧:   1001 帧  |  发送帧:   1001 帧  (   52052 B)  [帧头:EAEAEAEA  帧尾:AEAEAEAE]
[2026-04-02 17:30:43.948] 在线连接:   1  |  收到数据:    28028 B  |  解析完整帧:   1001 帧  |  发送帧:   1000 帧  (   52000 B)  [帧头:EAEAEAEA  帧尾:AEAEAEAE]
[2026-04-02 17:30:44.949] 在线连接:   1  |  收到数据:    27580 B  |  解析完整帧:    985 帧  |  发送帧:    986 帧  (   51272 B)  [帧头:EAEAEAEA  帧尾:AEAEAEAE]
[2026-04-02 17:30:45.950] 在线连接:   1  |  收到数据:    27132 B  |  解析完整帧:    969 帧  |  发送帧:    969 帧  (   50388 B)  [帧头:EAEAEAEA  帧尾:AEAEAEAE]
[2026-04-02 17:30:46.950] 在线连接:   1  |  收到数据:    27748 B  |  解析完整帧:    991 帧  |  发送帧:    990 帧  (   51480 B)  [帧头:EAEAEAEA  帧尾:AEAEAEAE]
[2026-04-02 17:30:47.951] 在线连接:   1  |  收到数据:    28000 B  |  解析完整帧:   1000 帧  |  发送帧:   1001 帧  (   52052 B)  [帧头:EAEAEAEA  帧尾:AEAEAEAE]
[2026-04-02 17:30:48.952] 在线连接:   1  |  收到数据:    27636 B  |  解析完整帧:    987 帧  |  发送帧:    987 帧  (   51324 B)  [帧头:EAEAEAEA  帧尾:AEAEAEAE]
[2026-04-02 17:30:49.952] 在线连接:   1  |  收到数据:    27244 B  |  解析完整帧:    973 帧  |  发送帧:    972 帧  (   50544 B)  [帧头:EAEAEAEA  帧尾:AEAEAEAE]
[2026-04-02 17:30:50.953] 在线连接:   1  |  收到数据:    28000 B  |  解析完整帧:   1000 帧  |  发送帧:   1001 帧  (   52052 B)  [帧头:EAEAEAEA  帧尾:AEAEAEAE]
[2026-04-02 17:30:51.954] 在线连接:   1  |  收到数据:    27720 B  |  解析完整帧:    990 帧  |  发送帧:    990 帧  (   51480 B)  [帧头:EAEAEAEA  帧尾:AEAEAEAE]
[2026-04-02 17:30:52.955] 在线连接:   1  |  收到数据:    27804 B  |  解析完整帧:    993 帧  |  发送帧:    993 帧  (   51636 B)  [帧头:EAEAEAEA  帧尾:AEAEAEAE]
[2026-04-02 17:30:53.958] 在线连接:   1  |  收到数据:    27832 B  |  解析完整帧:    994 帧  |  发送帧:    994 帧  (   51688 B)  [帧头:EAEAEAEA  帧尾:AEAEAEAE]
[2026-04-02 17:30:54.970] 在线连接:   1  |  收到数据:    27832 B  |  解析完整帧:    994 帧  |  发送帧:    994 帧  (   51688 B)  [帧头:EAEAEAEA  帧尾:AEAEAEAE]
[2026-04-02 17:30:55.974] 在线连接:   1  |  收到数据:    27972 B  |  解析完整帧:    999 帧  |  发送帧:    999 帧  (   51948 B)  [帧头:EAEAEAEA  帧尾:AEAEAEAE]
[2026-04-02 17:30:56.978] 在线连接:   1  |  收到数据:    25732 B  |  解析完整帧:    919 帧  |  发送帧:    919 帧  (   47788 B)  [帧头:EAEAEAEA  帧尾:AEAEAEAE]
[2026-04-02 17:30:57.983] 在线连接:   1  |  收到数据:    27384 B  |  解析完整帧:    978 帧  |  发送帧:    977 帧  (   50804 B)  [帧头:EAEAEAEA  帧尾:AEAEAEAE]
[2026-04-02 17:30:58.984] 在线连接:   1  |  收到数据:    27888 B  |  解析完整帧:    996 帧  |  发送帧:    997 帧  (   51844 B)  [帧头:EAEAEAEA  帧尾:AEAEAEAE]
[2026-04-02 17:30:59.985] 在线连接:   1  |  收到数据:    27580 B  |  解析完整帧:    985 帧  |  发送帧:    985 帧  (   51220 B)  [帧头:EAEAEAEA  帧尾:AEAEAEAE]
[2026-04-02 17:31:00.985] 在线连接:   1  |  收到数据:    27132 B  |  解析完整帧:    969 帧  |  发送帧:    969 帧  (   50388 B)  [帧头:EAEAEAEA  帧尾:AEAEAEAE]
[2026-04-02 17:31:01.986] 在线连接:   1  |  收到数据:    27468 B  |  解析完整帧:    981 帧  |  发送帧:    980 帧  (   50960 B)  [帧头:EAEAEAEA  帧尾:AEAEAEAE]
[2026-04-02 17:31:02.988] 在线连接:   1  |  收到数据:    28028 B  |  解析完整帧:   1001 帧  |  发送帧:   1002 帧  (   52104 B)  [帧头:EAEAEAEA  帧尾:AEAEAEAE]
[2026-04-02 17:31:03.988] 在线连接:   1  |  收到数据:    28028 B  |  解析完整帧:   1001 帧  |  发送帧:   1000 帧  (   52000 B)  [帧头:EAEAEAEA  帧尾:AEAEAEAE]
[2026-04-02 17:31:04.989] 在线连接:   1  |  收到数据:    27132 B  |  解析完整帧:    969 帧  |  发送帧:    969 帧  (   50388 B)  [帧头:EAEAEAEA  帧尾:AEAEAEAE]
[2026-04-02 17:31:05.990] 在线连接:   1  |  收到数据:    27776 B  |  解析完整帧:    992 帧  |  发送帧:    993 帧  (   51636 B)  [帧头:EAEAEAEA  帧尾:AEAEAEAE]
[2026-04-02 17:31:06.991] 在线连接:   1  |  收到数据:    27496 B  |  解析完整帧:    982 帧  |  发送帧:    982 帧  (   51064 B)  [帧头:EAEAEAEA  帧尾:AEAEAEAE]
[2026-04-02 17:31:07.992] 在线连接:   1  |  收到数据:    28028 B  |  解析完整帧:   1001 帧  |  发送帧:   1001 帧  (   52052 B)  [帧头:EAEAEAEA  帧尾:AEAEAEAE]
[2026-04-02 17:31:08.993] 在线连接:   1  |  收到数据:    27720 B  |  解析完整帧:    990 帧  |  发送帧:    989 帧  (   51428 B)  [帧头:EAEAEAEA  帧尾:AEAEAEAE]
[2026-04-02 17:31:09.993] 在线连接:   1  |  收到数据:    27132 B  |  解析完整帧:    969 帧  |  发送帧:    970 帧  (   50440 B)  [帧头:EAEAEAEA  帧尾:AEAEAEAE]
[2026-04-02 17:31:10.994] 在线连接:   1  |  收到数据:    27972 B  |  解析完整帧:    999 帧  |  发送帧:    999 帧  (   51948 B)  [帧头:EAEAEAEA  帧尾:AEAEAEAE]
[2026-04-02 17:31:11.994] 在线连接:   1  |  收到数据:    27664 B  |  解析完整帧:    988 帧  |  发送帧:    988 帧  (   51376 B)  [帧头:EAEAEAEA  帧尾:AEAEAEAE]
[2026-04-02 17:31:12.995] 在线连接:   1  |  收到数据:    27860 B  |  解析完整帧:    995 帧  |  发送帧:    995 帧  (   51740 B)  [帧头:EAEAEAEA  帧尾:AEAEAEAE]
[2026-04-02 17:31:13.996] 在线连接:   1  |  收到数据:    27664 B  |  解析完整帧:    988 帧  |  发送帧:    988 帧  (   51376 B)  [帧头:EAEAEAEA  帧尾:AEAEAEAE]
[2026-04-02 17:31:14.996] 在线连接:   1  |  收到数据:    27496 B  |  解析完整帧:    982 帧  |  发送帧:    982 帧  (   51064 B)  [帧头:EAEAEAEA  帧尾:AEAEAEAE]
[2026-04-02 17:31:15.997] 在线连接:   1  |  收到数据:    27104 B  |  解析完整帧:    968 帧  |  发送帧:    968 帧  (   50336 B)  [帧头:EAEAEAEA  帧尾:AEAEAEAE]
[2026-04-02 17:31:16.997] 在线连接:   1  |  收到数据:    27720 B  |  解析完整帧:    990 帧  |  发送帧:    990 帧  (   51480 B)  [帧头:EAEAEAEA  帧尾:AEAEAEAE]
[2026-04-02 17:31:17.998] 在线连接:   1  |  收到数据:    26460 B  |  解析完整帧:    945 帧  |  发送帧:    945 帧  (   49140 B)  [帧头:EAEAEAEA  帧尾:AEAEAEAE]
[2026-04-02 17:31:18.999] 在线连接:   1  |  收到数据:    27244 B  |  解析完整帧:    973 帧  |  发送帧:    973 帧  (   50596 B)  [帧头:EAEAEAEA  帧尾:AEAEAEAE]
[2026-04-02 17:31:19.999] 在线连接:   1  |  收到数据:    27776 B  |  解析完整帧:    992 帧  |  发送帧:    992 帧  (   51584 B)  [帧头:EAEAEAEA  帧尾:AEAEAEAE]
[2026-04-02 17:31:21.001] 在线连接:   1  |  收到数据:    27300 B  |  解析完整帧:    975 帧  |  发送帧:    975 帧  (   50700 B)  [帧头:EAEAEAEA  帧尾:AEAEAEAE]
[2026-04-02 17:31:22.002] 在线连接:   1  |  收到数据:    27972 B  |  解析完整帧:    999 帧  |  发送帧:    999 帧  (   51948 B)  [帧头:EAEAEAEA  帧尾:AEAEAEAE]
[2026-04-02 17:31:23.003] 在线连接:   1  |  收到数据:    28028 B  |  解析完整帧:   1001 帧  |  发送帧:   1000 帧  (   52000 B)  [帧头:EAEAEAEA  帧尾:AEAEAEAE]
[2026-04-02 17:31:24.004] 在线连接:   1  |  收到数据:    27860 B  |  解析完整帧:    995 帧  |  发送帧:    996 帧  (   51792 B)  [帧头:EAEAEAEA  帧尾:AEAEAEAE]
[2026-04-02 17:31:25.004] 在线连接:   1  |  收到数据:    27972 B  |  解析完整帧:    999 帧  |  发送帧:    999 帧  (   51948 B)  [帧头:EAEAEAEA  帧尾:AEAEAEAE]
[2026-04-02 17:31:26.005] 在线连接:   1  |  收到数据:    27972 B  |  解析完整帧:    999 帧  |  发送帧:    999 帧  (   51948 B)  [帧头:EAEAEAEA  帧尾:AEAEAEAE]
[2026-04-02 17:31:27.006] 在线连接:   1  |  收到数据:    28000 B  |  解析完整帧:   1000 帧  |  发送帧:   1000 帧  (   52000 B)  [帧头:EAEAEAEA  帧尾:AEAEAEAE]
[2026-04-02 17:31:28.006] 在线连接:   1  |  收到数据:    26992 B  |  解析完整帧:    964 帧  |  发送帧:    964 帧  (   50128 B)  [帧头:EAEAEAEA  帧尾:AEAEAEAE]
[2026-04-02 17:31:29.008] 在线连接:   1  |  收到数据:    27580 B  |  解析完整帧:    985 帧  |  发送帧:    985 帧  (   51220 B)  [帧头:EAEAEAEA  帧尾:AEAEAEAE]
[2026-04-02 17:31:30.012] 在线连接:   1  |  收到数据:    28112 B  |  解析完整帧:   1004 帧  |  发送帧:   1004 帧  (   52208 B)  [帧头:EAEAEAEA  帧尾:AEAEAEAE]
[2026-04-02 17:31:31.012] 在线连接:   1  |  收到数据:    27328 B  |  解析完整帧:    976 帧  |  发送帧:    976 帧  (   50752 B)  [帧头:EAEAEAEA  帧尾:AEAEAEAE]
[2026-04-02 17:31:32.016] 在线连接:   1  |  收到数据:    27916 B  |  解析完整帧:    997 帧  |  发送帧:    997 帧  (   51844 B)  [帧头:EAEAEAEA  帧尾:AEAEAEAE]
[2026-04-02 17:31:33.032] 在线连接:   1  |  收到数据:    27608 B  |  解析完整帧:    986 帧  |  发送帧:    986 帧  (   51272 B)  [帧头:EAEAEAEA  帧尾:AEAEAEAE]
[2026-04-02 17:31:34.032] 在线连接:   1  |  收到数据:    28000 B  |  解析完整帧:   1000 帧  |  发送帧:   1000 帧  (   52000 B)  [帧头:EAEAEAEA  帧尾:AEAEAEAE]
[2026-04-02 17:31:35.033] 在线连接:   1  |  收到数据:    27748 B  |  解析完整帧:    991 帧  |  发送帧:    991 帧  (   51532 B)  [帧头:EAEAEAEA  帧尾:AEAEAEAE]
[2026-04-02 17:31:36.034] 在线连接:   1  |  收到数据:    28028 B  |  解析完整帧:   1001 帧  |  发送帧:   1001 帧  (   52052 B)  [帧头:EAEAEAEA  帧尾:AEAEAEAE]
[2026-04-02 17:31:37.034] 在线连接:   1  |  收到数据:    27720 B  |  解析完整帧:    990 帧  |  发送帧:    990 帧  (   51480 B)  [帧头:EAEAEAEA  帧尾:AEAEAEAE]
[2026-04-02 17:31:38.035] 在线连接:   1  |  收到数据:    27160 B  |  解析完整帧:    970 帧  |  发送帧:    970 帧  (   50440 B)  [帧头:EAEAEAEA  帧尾:AEAEAEAE]
[2026-04-02 17:31:39.035] 在线连接:   1  |  收到数据:    27888 B  |  解析完整帧:    996 帧  |  发送帧:    996 帧  (   51792 B)  [帧头:EAEAEAEA  帧尾:AEAEAEAE]
[2026-04-02 17:31:40.036] 在线连接:   1  |  收到数据:    28028 B  |  解析完整帧:   1001 帧  |  发送帧:   1001 帧  (   52052 B)  [帧头:EAEAEAEA  帧尾:AEAEAEAE]
[2026-04-02 17:31:41.037] 在线连接:   1  |  收到数据:    28000 B  |  解析完整帧:   1000 帧  |  发送帧:   1000 帧  (   52000 B)  [帧头:EAEAEAEA  帧尾:AEAEAEAE]
[2026-04-02 17:31:42.037] 在线连接:   1  |  收到数据:    28028 B  |  解析完整帧:   1001 帧  |  发送帧:   1001 帧  (   52052 B)  [帧头:EAEAEAEA  帧尾:AEAEAEAE]
[2026-04-02 17:31:43.038] 在线连接:   1  |  收到数据:    28028 B  |  解析完整帧:   1001 帧  |  发送帧:   1000 帧  (   52000 B)  [帧头:EAEAEAEA  帧尾:AEAEAEAE]
[2026-04-02 17:31:44.039] 在线连接:   1  |  收到数据:    28000 B  |  解析完整帧:   1000 帧  |  发送帧:   1001 帧  (   52052 B)  [帧头:EAEAEAEA  帧尾:AEAEAEAE]
[2026-04-02 17:31:45.039] 在线连接:   1  |  收到数据:    28028 B  |  解析完整帧:   1001 帧  |  发送帧:   1001 帧  (   52052 B)  [帧头:EAEAEAEA  帧尾:AEAEAEAE]
[2026-04-02 17:31:46.040] 在线连接:   1  |  收到数据:    28028 B  |  解析完整帧:   1001 帧  |  发送帧:   1001 帧  (   52052 B)  [帧头:EAEAEAEA  帧尾:AEAEAEAE]
[2026-04-02 17:31:47.041] 在线连接:   1  |  收到数据:    28000 B  |  解析完整帧:   1000 帧  |  发送帧:   1000 帧  (   52000 B)  [帧头:EAEAEAEA  帧尾:AEAEAEAE]
[2026-04-02 17:31:48.041] 在线连接:   1  |  收到数据:    28028 B  |  解析完整帧:   1001 帧  |  发送帧:   1001 帧  (   52052 B)  [帧头:EAEAEAEA  帧尾:AEAEAEAE]
[2026-04-02 17:31:49.042] 在线连接:   1  |  收到数据:    28028 B  |  解析完整帧:   1001 帧  |  发送帧:   1001 帧  (   52052 B)  [帧头:EAEAEAEA  帧尾:AEAEAEAE]
[2026-04-02 17:31:50.043] 在线连接:   1  |  收到数据:    27328 B  |  解析完整帧:    976 帧  |  发送帧:    976 帧  (   50752 B)  [帧头:EAEAEAEA  帧尾:AEAEAEAE]
[2026-04-02 17:31:51.043] 在线连接:   1  |  收到数据:    28028 B  |  解析完整帧:   1001 帧  |  发送帧:   1001 帧  (   52052 B)  [帧头:EAEAEAEA  帧尾:AEAEAEAE]
[2026-04-02 17:31:52.044] 在线连接:   1  |  收到数据:    28000 B  |  解析完整帧:   1000 帧  |  发送帧:   1000 帧  (   52000 B)  [帧头:EAEAEAEA  帧尾:AEAEAEAE]
[2026-04-02 17:31:53.044] 在线连接:   1  |  收到数据:    28028 B  |  解析完整帧:   1001 帧  |  发送帧:   1001 帧  (   52052 B)  [帧头:EAEAEAEA  帧尾:AEAEAEAE]
[2026-04-02 17:31:54.045] 在线连接:   1  |  收到数据:    27748 B  |  解析完整帧:    991 帧  |  发送帧:    991 帧  (   51532 B)  [帧头:EAEAEAEA  帧尾:AEAEAEAE]
[2026-04-02 17:31:55.046] 在线连接:   1  |  收到数据:    28028 B  |  解析完整帧:   1001 帧  |  发送帧:   1001 帧  (   52052 B)  [帧头:EAEAEAEA  帧尾:AEAEAEAE]
[2026-04-02 17:31:56.046] 在线连接:   1  |  收到数据:    28028 B  |  解析完整帧:   1001 帧  |  发送帧:   1001 帧  (   52052 B)  [帧头:EAEAEAEA  帧尾:AEAEAEAE]
[2026-04-02 17:31:57.047] 在线连接:   1  |  收到数据:    28028 B  |  解析完整帧:   1001 帧  |  发送帧:   1001 帧  (   52052 B)  [帧头:EAEAEAEA  帧尾:AEAEAEAE]
[2026-04-02 17:31:58.048] 在线连接:   1  |  收到数据:    28000 B  |  解析完整帧:   1000 帧  |  发送帧:   1000 帧  (   52000 B)  [帧头:EAEAEAEA  帧尾:AEAEAEAE]
[2026-04-02 17:31:59.049] 在线连接:   1  |  收到数据:    28028 B  |  解析完整帧:   1001 帧  |  发送帧:   1001 帧  (   52052 B)  [帧头:EAEAEAEA  帧尾:AEAEAEAE]
[2026-04-02 17:32:00.050] 在线连接:   1  |  收到数据:    26964 B  |  解析完整帧:    963 帧  |  发送帧:    963 帧  (   50076 B)  [帧头:EAEAEAEA  帧尾:AEAEAEAE]
[2026-04-02 17:32:01.050] 在线连接:   1  |  收到数据:    26684 B  |  解析完整帧:    953 帧  |  发送帧:    953 帧  (   49556 B)  [帧头:EAEAEAEA  帧尾:AEAEAEAE]
[2026-04-02 17:32:02.051] 在线连接:   1  |  收到数据:    28000 B  |  解析完整帧:   1000 帧  |  发送帧:   1000 帧  (   52000 B)  [帧头:EAEAEAEA  帧尾:AEAEAEAE]
[2026-04-02 17:32:03.052] 在线连接:   0  |  收到数据:    18704 B  |  解析完整帧:    668 帧  |  发送帧:    668 帧  (   34736 B)  [帧头:EAEAEAEA  帧尾:AEAEAEAE]
[2026-04-02 17:32:04.053] 在线连接:   0  |  收到数据:        0 B  |  解析完整帧:      0 帧  |  发送帧:      0 帧  (       0 B)  [帧头:EAEAEAEA  帧尾:AEAEAEAE]
[2026-04-02 17:32:05.054] 在线连接:   0  |  收到数据:        0 B  |  解析完整帧:      0 帧  |  发送帧:      0 帧  (       0 B)  [帧头:EAEAEAEA  帧尾:AEAEAEAE]
[2026-04-02 17:32:06.055] 在线连接:   0  |  收到数据:        0 B  |  解析完整帧:      0 帧  |  发送帧:      0 帧  (       0 B)  [帧头:EAEAEAEA  帧尾:AEAEAEAE]
[2026-04-02 17:32:07.056] 在线连接:   0  |  收到数据:        0 B  |  解析完整帧:      0 帧  |  发送帧:      0 帧  (       0 B)  [帧头:EAEAEAEA  帧尾:AEAEAEAE]
[2026-04-02 17:32:08.057] 在线连接:   0  |  收到数据:        0 B  |  解析完整帧:      0 帧  |  发送帧:      0 帧  (       0 B)  [帧头:EAEAEAEA  帧尾:AEAEAEAE]
[2026-04-02 17:32:09.057] 在线连接:   0  |  收到数据:        0 B  |  解析完整帧:      0 帧  |  发送帧:      0 帧  (       0 B)  [帧头:EAEAEAEA  帧尾:AEAEAEAE]
[2026-04-02 17:32:10.058] 在线连接:   0  |  收到数据:        0 B  |  解析完整帧:      0 帧  |  发送帧:      0 帧  (       0 B)  [帧头:EAEAEAEA  帧尾:AEAEAEAE]
[2026-04-02 17:32:11.059] 在线连接:   0  |  收到数据:        0 B  |  解析完整帧:      0 帧  |  发送帧:      0 帧  (       0 B)  [帧头:EAEAEAEA  帧尾:AEAEAEAE]
[2026-04-02 17:32:12.059] 在线连接:   0  |  收到数据:        0 B  |  解析完整帧:      0 帧  |  发送帧:      0 帧  (       0 B)  [帧头:EAEAEAEA  帧尾:AEAEAEAE]
[2026-04-02 17:32:13.060] 在线连接:   0  |  收到数据:        0 B  |  解析完整帧:      0 帧  |  发送帧:      0 帧  (       0 B)  [帧头:EAEAEAEA  帧尾:AEAEAEAE]
[2026-04-02 17:32:14.061] 在线连接:   0  |  收到数据:        0 B  |  解析完整帧:      0 帧  |  发送帧:      0 帧  (       0 B)  [帧头:EAEAEAEA  帧尾:AEAEAEAE]
[2026-04-02 17:32:15.061] 在线连接:   0  |  收到数据:        0 B  |  解析完整帧:      0 帧  |  发送帧:      0 帧  (       0 B)  [帧头:EAEAEAEA  帧尾:AEAEAEAE]
[2026-04-02 17:32:16.062] 在线连接:   0  |  收到数据:        0 B  |  解析完整帧:      0 帧  |  发送帧:      0 帧  (       0 B)  [帧头:EAEAEAEA  帧尾:AEAEAEAE]
[2026-04-02 17:32:17.063] 在线连接:   1  |  收到数据:        0 B  |  解析完整帧:      0 帧  |  发送帧:      0 帧  (       0 B)  [帧头:EAEAEAEA  帧尾:AEAEAEAE]
[2026-04-02 17:32:18.064] 在线连接:   1  |  收到数据:        0 B  |  解析完整帧:      0 帧  |  发送帧:      0 帧  (       0 B)  [帧头:EAEAEAEA  帧尾:AEAEAEAE]
[2026-04-02 17:32:19.065] 在线连接:   1  |  收到数据:    20020 B  |  解析完整帧:    715 帧  |  发送帧:    715 帧  (   37180 B)  [帧头:EAEAEAEA  帧尾:AEAEAEAE]
[2026-04-02 17:32:20.065] 在线连接:   1  |  收到数据:    27944 B  |  解析完整帧:    998 帧  |  发送帧:    998 帧  (   51896 B)  [帧头:EAEAEAEA  帧尾:AEAEAEAE]
[2026-04-02 17:32:21.066] 在线连接:   1  |  收到数据:    28056 B  |  解析完整帧:   1002 帧  |  发送帧:   1002 帧  (   52104 B)  [帧头:EAEAEAEA  帧尾:AEAEAEAE]
[2026-04-02 17:32:22.067] 在线连接:   1  |  收到数据:    28000 B  |  解析完整帧:   1000 帧  |  发送帧:   1000 帧  (   52000 B)  [帧头:EAEAEAEA  帧尾:AEAEAEAE]
[2026-04-02 17:32:23.067] 在线连接:   1  |  收到数据:    28000 B  |  解析完整帧:   1000 帧  |  发送帧:   1000 帧  (   52000 B)  [帧头:EAEAEAEA  帧尾:AEAEAEAE]
[2026-04-02 17:32:24.068] 在线连接:   1  |  收到数据:    28000 B  |  解析完整帧:   1000 帧  |  发送帧:   1000 帧  (   52000 B)  [帧头:EAEAEAEA  帧尾:AEAEAEAE]
[2026-04-02 17:32:25.069] 在线连接:   1  |  收到数据:    28056 B  |  解析完整帧:   1002 帧  |  发送帧:   1002 帧  (   52104 B)  [帧头:EAEAEAEA  帧尾:AEAEAEAE]
[2026-04-02 17:32:26.070] 在线连接:   1  |  收到数据:    27888 B  |  解析完整帧:    996 帧  |  发送帧:    996 帧  (   51792 B)  [帧头:EAEAEAEA  帧尾:AEAEAEAE]
[2026-04-02 17:32:27.070] 在线连接:   1  |  收到数据:    27916 B  |  解析完整帧:    997 帧  |  发送帧:    997 帧  (   51844 B)  [帧头:EAEAEAEA  帧尾:AEAEAEAE]
[2026-04-02 17:32:28.071] 在线连接:   1  |  收到数据:    28168 B  |  解析完整帧:   1006 帧  |  发送帧:   1006 帧  (   52312 B)  [帧头:EAEAEAEA  帧尾:AEAEAEAE]
[2026-04-02 17:32:29.072] 在线连接:   1  |  收到数据:    28028 B  |  解析完整帧:   1001 帧  |  发送帧:   1001 帧  (   52052 B)  [帧头:EAEAEAEA  帧尾:AEAEAEAE]
[2026-04-02 17:32:30.073] 在线连接:   1  |  收到数据:    27664 B  |  解析完整帧:    988 帧  |  发送帧:    988 帧  (   51376 B)  [帧头:EAEAEAEA  帧尾:AEAEAEAE]
[2026-04-02 17:32:31.073] 在线连接:   1  |  收到数据:    27860 B  |  解析完整帧:    995 帧  |  发送帧:    995 帧  (   51740 B)  [帧头:EAEAEAEA  帧尾:AEAEAEAE]
[2026-04-02 17:32:32.074] 在线连接:   1  |  收到数据:    28364 B  |  解析完整帧:   1013 帧  |  发送帧:   1013 帧  (   52676 B)  [帧头:EAEAEAEA  帧尾:AEAEAEAE]
[2026-04-02 17:32:33.075] 在线连接:   1  |  收到数据:    27832 B  |  解析完整帧:    994 帧  |  发送帧:    994 帧  (   51688 B)  [帧头:EAEAEAEA  帧尾:AEAEAEAE]
[2026-04-02 17:32:34.075] 在线连接:   1  |  收到数据:    28280 B  |  解析完整帧:   1010 帧  |  发送帧:   1010 帧  (   52520 B)  [帧头:EAEAEAEA  帧尾:AEAEAEAE]
[2026-04-02 17:32:35.076] 在线连接:   1  |  收到数据:    27776 B  |  解析完整帧:    992 帧  |  发送帧:    992 帧  (   51584 B)  [帧头:EAEAEAEA  帧尾:AEAEAEAE]
[2026-04-02 17:32:36.077] 在线连接:   1  |  收到数据:    27776 B  |  解析完整帧:    992 帧  |  发送帧:    992 帧  (   51584 B)  [帧头:EAEAEAEA  帧尾:AEAEAEAE]
[2026-04-02 17:32:37.078] 在线连接:   1  |  收到数据:    28448 B  |  解析完整帧:   1016 帧  |  发送帧:   1016 帧  (   52832 B)  [帧头:EAEAEAEA  帧尾:AEAEAEAE]
[2026-04-02 17:32:38.078] 在线连接:   1  |  收到数据:    28084 B  |  解析完整帧:   1003 帧  |  发送帧:   1003 帧  (   52156 B)  [帧头:EAEAEAEA  帧尾:AEAEAEAE]
[2026-04-02 17:32:39.079] 在线连接:   1  |  收到数据:    28028 B  |  解析完整帧:   1001 帧  |  发送帧:   1001 帧  (   52052 B)  [帧头:EAEAEAEA  帧尾:AEAEAEAE]
[2026-04-02 17:32:40.080] 在线连接:   1  |  收到数据:    27692 B  |  解析完整帧:    989 帧  |  发送帧:    989 帧  (   51428 B)  [帧头:EAEAEAEA  帧尾:AEAEAEAE]
[2026-04-02 17:32:41.081] 在线连接:   1  |  收到数据:    28336 B  |  解析完整帧:   1012 帧  |  发送帧:   1012 帧  (   52624 B)  [帧头:EAEAEAEA  帧尾:AEAEAEAE]
[2026-04-02 17:32:42.081] 在线连接:   1  |  收到数据:    27944 B  |  解析完整帧:    998 帧  |  发送帧:    998 帧  (   51896 B)  [帧头:EAEAEAEA  帧尾:AEAEAEAE]
[2026-04-02 17:32:43.082] 在线连接:   1  |  收到数据:    27972 B  |  解析完整帧:    999 帧  |  发送帧:    999 帧  (   51948 B)  [帧头:EAEAEAEA  帧尾:AEAEAEAE]
[2026-04-02 17:32:44.083] 在线连接:   1  |  收到数据:    27692 B  |  解析完整帧:    989 帧  |  发送帧:    989 帧  (   51428 B)  [帧头:EAEAEAEA  帧尾:AEAEAEAE]
[2026-04-02 17:32:45.084] 在线连接:   1  |  收到数据:    28504 B  |  解析完整帧:   1018 帧  |  发送帧:   1018 帧  (   52936 B)  [帧头:EAEAEAEA  帧尾:AEAEAEAE]
[2026-04-02 17:32:46.085] 在线连接:   1  |  收到数据:    27720 B  |  解析完整帧:    990 帧  |  发送帧:    990 帧  (   51480 B)  [帧头:EAEAEAEA  帧尾:AEAEAEAE]
[2026-04-02 17:32:47.085] 在线连接:   1  |  收到数据:    28168 B  |  解析完整帧:   1006 帧  |  发送帧:   1006 帧  (   52312 B)  [帧头:EAEAEAEA  帧尾:AEAEAEAE]
[2026-04-02 17:32:48.086] 在线连接:   1  |  收到数据:    27916 B  |  解析完整帧:    997 帧  |  发送帧:    997 帧  (   51844 B)  [帧头:EAEAEAEA  帧尾:AEAEAEAE]
[2026-04-02 17:32:49.086] 在线连接:   1  |  收到数据:    27804 B  |  解析完整帧:    993 帧  |  发送帧:    993 帧  (   51636 B)  [帧头:EAEAEAEA  帧尾:AEAEAEAE]
[2026-04-02 17:32:50.087] 在线连接:   1  |  收到数据:    28364 B  |  解析完整帧:   1013 帧  |  发送帧:   1013 帧  (   52676 B)  [帧头:EAEAEAEA  帧尾:AEAEAEAE]
[2026-04-02 17:32:51.088] 在线连接:   1  |  收到数据:    27944 B  |  解析完整帧:    998 帧  |  发送帧:    998 帧  (   51896 B)  [帧头:EAEAEAEA  帧尾:AEAEAEAE]
[2026-04-02 17:32:52.088] 在线连接:   1  |  收到数据:    28140 B  |  解析完整帧:   1005 帧  |  发送帧:   1005 帧  (   52260 B)  [帧头:EAEAEAEA  帧尾:AEAEAEAE]
[2026-04-02 17:32:53.089] 在线连接:   1  |  收到数据:    28028 B  |  解析完整帧:   1001 帧  |  发送帧:   1001 帧  (   52052 B)  [帧头:EAEAEAEA  帧尾:AEAEAEAE]
[2026-04-02 17:32:54.090] 在线连接:   1  |  收到数据:    27608 B  |  解析完整帧:    986 帧  |  发送帧:    986 帧  (   51272 B)  [帧头:EAEAEAEA  帧尾:AEAEAEAE]
[2026-04-02 17:32:55.091] 在线连接:   1  |  收到数据:    27972 B  |  解析完整帧:    999 帧  |  发送帧:    999 帧  (   51948 B)  [帧头:EAEAEAEA  帧尾:AEAEAEAE]
[2026-04-02 17:32:56.092] 在线连接:   1  |  收到数据:    28420 B  |  解析完整帧:   1015 帧  |  发送帧:   1015 帧  (   52780 B)  [帧头:EAEAEAEA  帧尾:AEAEAEAE]
[2026-04-02 17:32:57.093] 在线连接:   1  |  收到数据:    28084 B  |  解析完整帧:   1003 帧  |  发送帧:   1003 帧  (   52156 B)  [帧头:EAEAEAEA  帧尾:AEAEAEAE]
[2026-04-02 17:32:58.095] 在线连接:   1  |  收到数据:    28140 B  |  解析完整帧:   1005 帧  |  发送帧:   1005 帧  (   52260 B)  [帧头:EAEAEAEA  帧尾:AEAEAEAE]
[2026-04-02 17:32:59.096] 在线连接:   1  |  收到数据:    27804 B  |  解析完整帧:    993 帧  |  发送帧:    993 帧  (   51636 B)  [帧头:EAEAEAEA  帧尾:AEAEAEAE]
[2026-04-02 17:33:00.097] 在线连接:   1  |  收到数据:    28252 B  |  解析完整帧:   1009 帧  |  发送帧:   1009 帧  (   52468 B)  [帧头:EAEAEAEA  帧尾:AEAEAEAE]
[2026-04-02 17:33:01.097] 在线连接:   1  |  收到数据:    27720 B  |  解析完整帧:    990 帧  |  发送帧:    990 帧  (   51480 B)  [帧头:EAEAEAEA  帧尾:AEAEAEAE]
[2026-04-02 17:33:02.098] 在线连接:   1  |  收到数据:    28196 B  |  解析完整帧:   1007 帧  |  发送帧:   1007 帧  (   52364 B)  [帧头:EAEAEAEA  帧尾:AEAEAEAE]
[2026-04-02 17:33:03.099] 在线连接:   1  |  收到数据:    27944 B  |  解析完整帧:    998 帧  |  发送帧:    998 帧  (   51896 B)  [帧头:EAEAEAEA  帧尾:AEAEAEAE]
[2026-04-02 17:33:04.099] 在线连接:   1  |  收到数据:    28112 B  |  解析完整帧:   1004 帧  |  发送帧:   1004 帧  (   52208 B)  [帧头:EAEAEAEA  帧尾:AEAEAEAE]
[2026-04-02 17:33:05.100] 在线连接:   1  |  收到数据:    27888 B  |  解析完整帧:    996 帧  |  发送帧:    996 帧  (   51792 B)  [帧头:EAEAEAEA  帧尾:AEAEAEAE]
[2026-04-02 17:33:06.100] 在线连接:   1  |  收到数据:    28112 B  |  解析完整帧:   1004 帧  |  发送帧:   1004 帧  (   52208 B)  [帧头:EAEAEAEA  帧尾:AEAEAEAE]
[2026-04-02 17:33:07.101] 在线连接:   1  |  收到数据:    27944 B  |  解析完整帧:    998 帧  |  发送帧:    998 帧  (   51896 B)  [帧头:EAEAEAEA  帧尾:AEAEAEAE]
[2026-04-02 17:33:08.102] 在线连接:   1  |  收到数据:    28112 B  |  解析完整帧:   1004 帧  |  发送帧:   1004 帧  (   52208 B)  [帧头:EAEAEAEA  帧尾:AEAEAEAE]
[2026-04-02 17:33:09.103] 在线连接:   1  |  收到数据:    27972 B  |  解析完整帧:    999 帧  |  发送帧:    999 帧  (   51948 B)  [帧头:EAEAEAEA  帧尾:AEAEAEAE]
[2026-04-02 17:33:10.105] 在线连接:   1  |  收到数据:    27664 B  |  解析完整帧:    988 帧  |  发送帧:    988 帧  (   51376 B)  [帧头:EAEAEAEA  帧尾:AEAEAEAE]
[2026-04-02 17:33:11.106] 在线连接:   1  |  收到数据:    28532 B  |  解析完整帧:   1019 帧  |  发送帧:   1019 帧  (   52988 B)  [帧头:EAEAEAEA  帧尾:AEAEAEAE]
[2026-04-02 17:33:12.107] 在线连接:   1  |  收到数据:    27832 B  |  解析完整帧:    994 帧  |  发送帧:    994 帧  (   51688 B)  [帧头:EAEAEAEA  帧尾:AEAEAEAE]
[2026-04-02 17:33:13.108] 在线连接:   1  |  收到数据:    28112 B  |  解析完整帧:   1004 帧  |  发送帧:   1004 帧  (   52208 B)  [帧头:EAEAEAEA  帧尾:AEAEAEAE]
[2026-04-02 17:33:14.108] 在线连接:   1  |  收到数据:    28000 B  |  解析完整帧:   1000 帧  |  发送帧:   1000 帧  (   52000 B)  [帧头:EAEAEAEA  帧尾:AEAEAEAE]
[2026-04-02 17:33:15.109] 在线连接:   1  |  收到数据:    27972 B  |  解析完整帧:    999 帧  |  发送帧:    999 帧  (   51948 B)  [帧头:EAEAEAEA  帧尾:AEAEAEAE]
[2026-04-02 17:33:16.109] 在线连接:   1  |  收到数据:    28056 B  |  解析完整帧:   1002 帧  |  发送帧:   1002 帧  (   52104 B)  [帧头:EAEAEAEA  帧尾:AEAEAEAE]
[2026-04-02 17:33:17.110] 在线连接:   1  |  收到数据:    27776 B  |  解析完整帧:    992 帧  |  发送帧:    992 帧  (   51584 B)  [帧头:EAEAEAEA  帧尾:AEAEAEAE]
[2026-04-02 17:33:18.111] 在线连接:   1  |  收到数据:    28224 B  |  解析完整帧:   1008 帧  |  发送帧:   1008 帧  (   52416 B)  [帧头:EAEAEAEA  帧尾:AEAEAEAE]
[2026-04-02 17:33:19.111] 在线连接:   1  |  收到数据:    28056 B  |  解析完整帧:   1002 帧  |  发送帧:   1002 帧  (   52104 B)  [帧头:EAEAEAEA  帧尾:AEAEAEAE]
[2026-04-02 17:33:20.112] 在线连接:   1  |  收到数据:    28056 B  |  解析完整帧:   1002 帧  |  发送帧:   1002 帧  (   52104 B)  [帧头:EAEAEAEA  帧尾:AEAEAEAE]
[2026-04-02 17:33:21.112] 在线连接:   1  |  收到数据:    27748 B  |  解析完整帧:    991 帧  |  发送帧:    991 帧  (   51532 B)  [帧头:EAEAEAEA  帧尾:AEAEAEAE]
[2026-04-02 17:33:22.113] 在线连接:   1  |  收到数据:    28224 B  |  解析完整帧:   1008 帧  |  发送帧:   1008 帧  (   52416 B)  [帧头:EAEAEAEA  帧尾:AEAEAEAE]
[2026-04-02 17:33:23.114] 在线连接:   1  |  收到数据:    28056 B  |  解析完整帧:   1002 帧  |  发送帧:   1000 帧  (   52000 B)  [帧头:EAEAEAEA  帧尾:AEAEAEAE]
[2026-04-02 17:33:24.114] 在线连接:   1  |  收到数据:    27860 B  |  解析完整帧:    995 帧  |  发送帧:    997 帧  (   51844 B)  [帧头:EAEAEAEA  帧尾:AEAEAEAE]
[2026-04-02 17:33:25.115] 在线连接:   1  |  收到数据:    28140 B  |  解析完整帧:   1005 帧  |  发送帧:   1005 帧  (   52260 B)  [帧头:EAEAEAEA  帧尾:AEAEAEAE]
[2026-04-02 17:33:26.116] 在线连接:   1  |  收到数据:    27748 B  |  解析完整帧:    991 帧  |  发送帧:    991 帧  (   51532 B)  [帧头:EAEAEAEA  帧尾:AEAEAEAE]
[2026-04-02 17:33:27.117] 在线连接:   1  |  收到数据:    28280 B  |  解析完整帧:   1010 帧  |  发送帧:   1010 帧  (   52520 B)  [帧头:EAEAEAEA  帧尾:AEAEAEAE]
[2026-04-02 17:33:28.118] 在线连接:   1  |  收到数据:    28028 B  |  解析完整帧:   1001 帧  |  发送帧:   1001 帧  (   52052 B)  [帧头:EAEAEAEA  帧尾:AEAEAEAE]
[2026-04-02 17:33:29.119] 在线连接:   1  |  收到数据:    28084 B  |  解析完整帧:   1003 帧  |  发送帧:   1003 帧  (   52156 B)  [帧头:EAEAEAEA  帧尾:AEAEAEAE]
[2026-04-02 17:33:30.119] 在线连接:   1  |  收到数据:    27888 B  |  解析完整帧:    996 帧  |  发送帧:    996 帧  (   51792 B)  [帧头:EAEAEAEA  帧尾:AEAEAEAE]
[2026-04-02 17:33:31.120] 在线连接:   1  |  收到数据:    27748 B  |  解析完整帧:    991 帧  |  发送帧:    991 帧  (   51532 B)  [帧头:EAEAEAEA  帧尾:AEAEAEAE]
[2026-04-02 17:33:32.121] 在线连接:   1  |  收到数据:    28364 B  |  解析完整帧:   1013 帧  |  发送帧:   1013 帧  (   52676 B)  [帧头:EAEAEAEA  帧尾:AEAEAEAE]
[2026-04-02 17:33:33.121] 在线连接:   1  |  收到数据:    28000 B  |  解析完整帧:   1000 帧  |  发送帧:   1000 帧  (   52000 B)  [帧头:EAEAEAEA  帧尾:AEAEAEAE]
[2026-04-02 17:33:34.122] 在线连接:   1  |  收到数据:    28084 B  |  解析完整帧:   1003 帧  |  发送帧:   1003 帧  (   52156 B)  [帧头:EAEAEAEA  帧尾:AEAEAEAE]
[2026-04-02 17:33:35.123] 在线连接:   1  |  收到数据:    28000 B  |  解析完整帧:   1000 帧  |  发送帧:   1000 帧  (   52000 B)  [帧头:EAEAEAEA  帧尾:AEAEAEAE]
[2026-04-02 17:33:36.124] 在线连接:   1  |  收到数据:    27748 B  |  解析完整帧:    991 帧  |  发送帧:    991 帧  (   51532 B)  [帧头:EAEAEAEA  帧尾:AEAEAEAE]
[2026-04-02 17:33:37.124] 在线连接:   1  |  收到数据:    28252 B  |  解析完整帧:   1009 帧  |  发送帧:   1009 帧  (   52468 B)  [帧头:EAEAEAEA  帧尾:AEAEAEAE]
[2026-04-02 17:33:38.125] 在线连接:   1  |  收到数据:    27384 B  |  解析完整帧:    978 帧  |  发送帧:    978 帧  (   50856 B)  [帧头:EAEAEAEA  帧尾:AEAEAEAE]
[2026-04-02 17:33:39.126] 在线连接:   1  |  收到数据:    28476 B  |  解析完整帧:   1017 帧  |  发送帧:   1017 帧  (   52884 B)  [帧头:EAEAEAEA  帧尾:AEAEAEAE]
[2026-04-02 17:33:40.126] 在线连接:   1  |  收到数据:    28140 B  |  解析完整帧:   1005 帧  |  发送帧:   1005 帧  (   52260 B)  [帧头:EAEAEAEA  帧尾:AEAEAEAE]
[2026-04-02 17:33:41.127] 在线连接:   1  |  收到数据:    28028 B  |  解析完整帧:   1001 帧  |  发送帧:   1001 帧  (   52052 B)  [帧头:EAEAEAEA  帧尾:AEAEAEAE]
[2026-04-02 17:33:42.128] 在线连接:   1  |  收到数据:    28056 B  |  解析完整帧:   1002 帧  |  发送帧:   1002 帧  (   52104 B)  [帧头:EAEAEAEA  帧尾:AEAEAEAE]
[2026-04-02 17:33:43.128] 在线连接:   1  |  收到数据:    27972 B  |  解析完整帧:    999 帧  |  发送帧:    999 帧  (   51948 B)  [帧头:EAEAEAEA  帧尾:AEAEAEAE]
[2026-04-02 17:33:44.129] 在线连接:   1  |  收到数据:    27776 B  |  解析完整帧:    992 帧  |  发送帧:    992 帧  (   51584 B)  [帧头:EAEAEAEA  帧尾:AEAEAEAE]
[2026-04-02 17:33:45.130] 在线连接:   1  |  收到数据:    28112 B  |  解析完整帧:   1004 帧  |  发送帧:    996 帧  (   51792 B)  [帧头:EAEAEAEA  帧尾:AEAEAEAE]
[2026-04-02 17:33:46.130] 在线连接:   1  |  收到数据:    27804 B  |  解析完整帧:    993 帧  |  发送帧:   1001 帧  (   52052 B)  [帧头:EAEAEAEA  帧尾:AEAEAEAE]
[2026-04-02 17:33:47.131] 在线连接:   1  |  收到数据:    28308 B  |  解析完整帧:   1011 帧  |  发送帧:   1011 帧  (   52572 B)  [帧头:EAEAEAEA  帧尾:AEAEAEAE]
[2026-04-02 17:33:48.132] 在线连接:   1  |  收到数据:    28084 B  |  解析完整帧:   1003 帧  |  发送帧:   1003 帧  (   52156 B)  [帧头:EAEAEAEA  帧尾:AEAEAEAE]
[2026-04-02 17:33:49.133] 在线连接:   1  |  收到数据:    27916 B  |  解析完整帧:    997 帧  |  发送帧:    997 帧  (   51844 B)  [帧头:EAEAEAEA  帧尾:AEAEAEAE]
[2026-04-02 17:33:50.134] 在线连接:   1  |  收到数据:    27748 B  |  解析完整帧:    991 帧  |  发送帧:    991 帧  (   51532 B)  [帧头:EAEAEAEA  帧尾:AEAEAEAE]
[2026-04-02 17:33:51.134] 在线连接:   1  |  收到数据:    28028 B  |  解析完整帧:   1001 帧  |  发送帧:   1001 帧  (   52052 B)  [帧头:EAEAEAEA  帧尾:AEAEAEAE]
[2026-04-02 17:33:52.135] 在线连接:   1  |  收到数据:    28308 B  |  解析完整帧:   1011 帧  |  发送帧:   1011 帧  (   52572 B)  [帧头:EAEAEAEA  帧尾:AEAEAEAE]
[2026-04-02 17:33:53.136] 在线连接:   1  |  收到数据:    28112 B  |  解析完整帧:   1004 帧  |  发送帧:   1004 帧  (   52208 B)  [帧头:EAEAEAEA  帧尾:AEAEAEAE]
[2026-04-02 17:33:54.136] 在线连接:   1  |  收到数据:    27636 B  |  解析完整帧:    987 帧  |  发送帧:    987 帧  (   51324 B)  [帧头:EAEAEAEA  帧尾:AEAEAEAE]
[2026-04-02 17:33:55.137] 在线连接:   1  |  收到数据:    28196 B  |  解析完整帧:   1007 帧  |  发送帧:   1007 帧  (   52364 B)  [帧头:EAEAEAEA  帧尾:AEAEAEAE]
[2026-04-02 17:33:56.138] 在线连接:   1  |  收到数据:    28224 B  |  解析完整帧:   1008 帧  |  发送帧:   1008 帧  (   52416 B)  [帧头:EAEAEAEA  帧尾:AEAEAEAE]
[2026-04-02 17:33:57.139] 在线连接:   1  |  收到数据:    27944 B  |  解析完整帧:    998 帧  |  发送帧:    998 帧  (   51896 B)  [帧头:EAEAEAEA  帧尾:AEAEAEAE]
[2026-04-02 17:33:58.139] 在线连接:   1  |  收到数据:    28056 B  |  解析完整帧:   1002 帧  |  发送帧:   1002 帧  (   52104 B)  [帧头:EAEAEAEA  帧尾:AEAEAEAE]
[2026-04-02 17:33:59.140] 在线连接:   1  |  收到数据:    28084 B  |  解析完整帧:   1003 帧  |  发送帧:   1002 帧  (   52104 B)  [帧头:EAEAEAEA  帧尾:AEAEAEAE]
[2026-04-02 17:34:00.140] 在线连接:   1  |  收到数据:    27972 B  |  解析完整帧:    999 帧  |  发送帧:    996 帧  (   51792 B)  [帧头:EAEAEAEA  帧尾:AEAEAEAE]
[2026-04-02 17:34:01.141] 在线连接:   1  |  收到数据:    27860 B  |  解析完整帧:    995 帧  |  发送帧:    999 帧  (   51948 B)  [帧头:EAEAEAEA  帧尾:AEAEAEAE]
[2026-04-02 17:34:02.142] 在线连接:   1  |  收到数据:    28224 B  |  解析完整帧:   1008 帧  |  发送帧:   1008 帧  (   52416 B)  [帧头:EAEAEAEA  帧尾:AEAEAEAE]
[2026-04-02 17:34:03.143] 在线连接:   1  |  收到数据:    27916 B  |  解析完整帧:    997 帧  |  发送帧:    997 帧  (   51844 B)  [帧头:EAEAEAEA  帧尾:AEAEAEAE]
[2026-04-02 17:34:04.143] 在线连接:   1  |  收到数据:    27860 B  |  解析完整帧:    995 帧  |  发送帧:    995 帧  (   51740 B)  [帧头:EAEAEAEA  帧尾:AEAEAEAE]
[2026-04-02 17:34:05.144] 在线连接:   1  |  收到数据:    28280 B  |  解析完整帧:   1010 帧  |  发送帧:   1008 帧  (   52416 B)  [帧头:EAEAEAEA  帧尾:AEAEAEAE]
[2026-04-02 17:34:06.145] 在线连接:   1  |  收到数据:    27636 B  |  解析完整帧:    987 帧  |  发送帧:    989 帧  (   51428 B)  [帧头:EAEAEAEA  帧尾:AEAEAEAE]
[2026-04-02 17:34:07.145] 在线连接:   1  |  收到数据:    28308 B  |  解析完整帧:   1011 帧  |  发送帧:   1011 帧  (   52572 B)  [帧头:EAEAEAEA  帧尾:AEAEAEAE]
[2026-04-02 17:34:08.146] 在线连接:   1  |  收到数据:    28028 B  |  解析完整帧:   1001 帧  |  发送帧:   1001 帧  (   52052 B)  [帧头:EAEAEAEA  帧尾:AEAEAEAE]
[2026-04-02 17:34:09.147] 在线连接:   1  |  收到数据:    27916 B  |  解析完整帧:    997 帧  |  发送帧:    997 帧  (   51844 B)  [帧头:EAEAEAEA  帧尾:AEAEAEAE]
[2026-04-02 17:34:10.155] 在线连接:   1  |  收到数据:    28224 B  |  解析完整帧:   1008 帧  |  发送帧:    999 帧  (   51948 B)  [帧头:EAEAEAEA  帧尾:AEAEAEAE]
[2026-04-02 17:34:11.156] 在线连接:   1  |  收到数据:    28028 B  |  解析完整帧:   1001 帧  |  发送帧:   1010 帧  (   52520 B)  [帧头:EAEAEAEA  帧尾:AEAEAEAE]
[2026-04-02 17:34:12.157] 在线连接:   1  |  收到数据:    27608 B  |  解析完整帧:    986 帧  |  发送帧:    986 帧  (   51272 B)  [帧头:EAEAEAEA  帧尾:AEAEAEAE]
[2026-04-02 17:34:13.157] 在线连接:   1  |  收到数据:    28364 B  |  解析完整帧:   1013 帧  |  发送帧:   1013 帧  (   52676 B)  [帧头:EAEAEAEA  帧尾:AEAEAEAE]
[2026-04-02 17:34:14.158] 在线连接:   1  |  收到数据:    27692 B  |  解析完整帧:    989 帧  |  发送帧:    989 帧  (   51428 B)  [帧头:EAEAEAEA  帧尾:AEAEAEAE]
[2026-04-02 17:34:15.162] 在线连接:   1  |  收到数据:    28476 B  |  解析完整帧:   1017 帧  |  发送帧:   1017 帧  (   52884 B)  [帧头:EAEAEAEA  帧尾:AEAEAEAE]
[2026-04-02 17:34:16.169] 在线连接:   1  |  收到数据:    27608 B  |  解析完整帧:    986 帧  |  发送帧:    986 帧  (   51272 B)  [帧头:EAEAEAEA  帧尾:AEAEAEAE]
[2026-04-02 17:34:17.170] 在线连接:   1  |  收到数据:    28672 B  |  解析完整帧:   1024 帧  |  发送帧:   1024 帧  (   53248 B)  [帧头:EAEAEAEA  帧尾:AEAEAEAE]
[2026-04-02 17:34:18.171] 在线连接:   1  |  收到数据:    27972 B  |  解析完整帧:    999 帧  |  发送帧:    999 帧  (   51948 B)  [帧头:EAEAEAEA  帧尾:AEAEAEAE]
[2026-04-02 17:34:19.172] 在线连接:   1  |  收到数据:    27888 B  |  解析完整帧:    996 帧  |  发送帧:    996 帧  (   51792 B)  [帧头:EAEAEAEA  帧尾:AEAEAEAE]
[2026-04-02 17:34:20.172] 在线连接:   1  |  收到数据:    28112 B  |  解析完整帧:   1004 帧  |  发送帧:   1004 帧  (   52208 B)  [帧头:EAEAEAEA  帧尾:AEAEAEAE]
[2026-04-02 17:34:21.173] 在线连接:   1  |  收到数据:    27552 B  |  解析完整帧:    984 帧  |  发送帧:    984 帧  (   51168 B)  [帧头:EAEAEAEA  帧尾:AEAEAEAE]
[2026-04-02 17:34:22.174] 在线连接:   1  |  收到数据:    28504 B  |  解析完整帧:   1018 帧  |  发送帧:   1018 帧  (   52936 B)  [帧头:EAEAEAEA  帧尾:AEAEAEAE]
[2026-04-02 17:34:23.175] 在线连接:   1  |  收到数据:    27776 B  |  解析完整帧:    992 帧  |  发送帧:    992 帧  (   51584 B)  [帧头:EAEAEAEA  帧尾:AEAEAEAE]
[2026-04-02 17:34:24.175] 在线连接:   1  |  收到数据:    28196 B  |  解析完整帧:   1007 帧  |  发送帧:   1007 帧  (   52364 B)  [帧头:EAEAEAEA  帧尾:AEAEAEAE]
[2026-04-02 17:34:25.176] 在线连接:   1  |  收到数据:    27776 B  |  解析完整帧:    992 帧  |  发送帧:    992 帧  (   51584 B)  [帧头:EAEAEAEA  帧尾:AEAEAEAE]
[2026-04-02 17:34:26.177] 在线连接:   1  |  收到数据:    28028 B  |  解析完整帧:   1001 帧  |  发送帧:   1001 帧  (   52052 B)  [帧头:EAEAEAEA  帧尾:AEAEAEAE]
[2026-04-02 17:34:27.178] 在线连接:   1  |  收到数据:    27888 B  |  解析完整帧:    996 帧  |  发送帧:    996 帧  (   51792 B)  [帧头:EAEAEAEA  帧尾:AEAEAEAE]
[2026-04-02 17:34:28.179] 在线连接:   1  |  收到数据:    28000 B  |  解析完整帧:   1000 帧  |  发送帧:   1000 帧  (   52000 B)  [帧头:EAEAEAEA  帧尾:AEAEAEAE]
[2026-04-02 17:34:29.180] 在线连接:   1  |  收到数据:    28056 B  |  解析完整帧:   1002 帧  |  发送帧:   1002 帧  (   52104 B)  [帧头:EAEAEAEA  帧尾:AEAEAEAE]
[2026-04-02 17:34:30.181] 在线连接:   1  |  收到数据:    27972 B  |  解析完整帧:    999 帧  |  发送帧:    999 帧  (   51948 B)  [帧头:EAEAEAEA  帧尾:AEAEAEAE]
[2026-04-02 17:34:31.182] 在线连接:   1  |  收到数据:    27524 B  |  解析完整帧:    983 帧  |  发送帧:    983 帧  (   51116 B)  [帧头:EAEAEAEA  帧尾:AEAEAEAE]
[2026-04-02 17:34:32.183] 在线连接:   1  |  收到数据:    28532 B  |  解析完整帧:   1019 帧  |  发送帧:   1019 帧  (   52988 B)  [帧头:EAEAEAEA  帧尾:AEAEAEAE]
[2026-04-02 17:34:33.183] 在线连接:   1  |  收到数据:    28056 B  |  解析完整帧:   1002 帧  |  发送帧:   1002 帧  (   52104 B)  [帧头:EAEAEAEA  帧尾:AEAEAEAE]
[2026-04-02 17:34:34.184] 在线连接:   1  |  收到数据:    28140 B  |  解析完整帧:   1005 帧  |  发送帧:    994 帧  (   51688 B)  [帧头:EAEAEAEA  帧尾:AEAEAEAE]
[2026-04-02 17:34:35.185] 在线连接:   1  |  收到数据:    27608 B  |  解析完整帧:    986 帧  |  发送帧:    997 帧  (   51844 B)  [帧头:EAEAEAEA  帧尾:AEAEAEAE]
[2026-04-02 17:34:36.185] 在线连接:   1  |  收到数据:    28000 B  |  解析完整帧:   1000 帧  |  发送帧:   1000 帧  (   52000 B)  [帧头:EAEAEAEA  帧尾:AEAEAEAE]
[2026-04-02 17:34:37.186] 在线连接:   1  |  收到数据:    28392 B  |  解析完整帧:   1014 帧  |  发送帧:   1014 帧  (   52728 B)  [帧头:EAEAEAEA  帧尾:AEAEAEAE]
[2026-04-02 17:34:38.187] 在线连接:   1  |  收到数据:    27972 B  |  解析完整帧:    999 帧  |  发送帧:    999 帧  (   51948 B)  [帧头:EAEAEAEA  帧尾:AEAEAEAE]
[2026-04-02 17:34:39.189] 在线连接:   1  |  收到数据:    27916 B  |  解析完整帧:    997 帧  |  发送帧:    997 帧  (   51844 B)  [帧头:EAEAEAEA  帧尾:AEAEAEAE]
[2026-04-02 17:34:40.189] 在线连接:   1  |  收到数据:    28196 B  |  解析完整帧:   1007 帧  |  发送帧:   1007 帧  (   52364 B)  [帧头:EAEAEAEA  帧尾:AEAEAEAE]
[2026-04-02 17:34:41.191] 在线连接:   1  |  收到数据:    28112 B  |  解析完整帧:   1004 帧  |  发送帧:   1004 帧  (   52208 B)  [帧头:EAEAEAEA  帧尾:AEAEAEAE]
[2026-04-02 17:34:42.192] 在线连接:   0  |  收到数据:     8568 B  |  解析完整帧:    306 帧  |  发送帧:    306 帧  (   15912 B)  [帧头:EAEAEAEA  帧尾:AEAEAEAE]
[2026-04-02 17:34:43.193] 在线连接:   0  |  收到数据:        0 B  |  解析完整帧:      0 帧  |  发送帧:      0 帧  (       0 B)  [帧头:EAEAEAEA  帧尾:AEAEAEAE]
[2026-04-02 17:34:44.194] 在线连接:   0  |  收到数据:        0 B  |  解析完整帧:      0 帧  |  发送帧:      0 帧  (       0 B)  [帧头:EAEAEAEA  帧尾:AEAEAEAE]
[2026-04-02 17:34:45.194] 在线连接:   0  |  收到数据:        0 B  |  解析完整帧:      0 帧  |  发送帧:      0 帧  (       0 B)  [帧头:EAEAEAEA  帧尾:AEAEAEAE]
[2026-04-02 17:34:46.195] 在线连接:   0  |  收到数据:        0 B  |  解析完整帧:      0 帧  |  发送帧:      0 帧  (       0 B)  [帧头:EAEAEAEA  帧尾:AEAEAEAE]
[2026-04-02 17:34:47.195] 在线连接:   0  |  收到数据:        0 B  |  解析完整帧:      0 帧  |  发送帧:      0 帧  (       0 B)  [帧头:EAEAEAEA  帧尾:AEAEAEAE]
[2026-04-02 17:34:48.196] 在线连接:   0  |  收到数据:        0 B  |  解析完整帧:      0 帧  |  发送帧:      0 帧  (       0 B)  [帧头:EAEAEAEA  帧尾:AEAEAEAE]
[2026-04-02 17:34:49.197] 在线连接:   0  |  收到数据:        0 B  |  解析完整帧:      0 帧  |  发送帧:      0 帧  (       0 B)  [帧头:EAEAEAEA  帧尾:AEAEAEAE]
[2026-04-02 17:34:50.197] 在线连接:   0  |  收到数据:        0 B  |  解析完整帧:      0 帧  |  发送帧:      0 帧  (       0 B)  [帧头:EAEAEAEA  帧尾:AEAEAEAE]
[2026-04-02 17:34:51.198] 在线连接:   0  |  收到数据:        0 B  |  解析完整帧:      0 帧  |  发送帧:      0 帧  (       0 B)  [帧头:EAEAEAEA  帧尾:AEAEAEAE]
[2026-04-02 17:34:52.200] 在线连接:   0  |  收到数据:        0 B  |  解析完整帧:      0 帧  |  发送帧:      0 帧  (       0 B)  [帧头:EAEAEAEA  帧尾:AEAEAEAE]
[2026-04-02 17:34:53.201] 在线连接:   0  |  收到数据:        0 B  |  解析完整帧:      0 帧  |  发送帧:      0 帧  (       0 B)  [帧头:EAEAEAEA  帧尾:AEAEAEAE]
[2026-04-02 17:34:54.202] 在线连接:   0  |  收到数据:        0 B  |  解析完整帧:      0 帧  |  发送帧:      0 帧  (       0 B)  [帧头:EAEAEAEA  帧尾:AEAEAEAE]
[2026-04-02 17:34:55.202] 在线连接:   0  |  收到数据:        0 B  |  解析完整帧:      0 帧  |  发送帧:      0 帧  (       0 B)  [帧头:EAEAEAEA  帧尾:AEAEAEAE]
[2026-04-02 17:34:56.203] 在线连接:   0  |  收到数据:        0 B  |  解析完整帧:      0 帧  |  发送帧:      0 帧  (       0 B)  [帧头:EAEAEAEA  帧尾:AEAEAEAE]
[2026-04-02 17:34:57.204] 在线连接:   0  |  收到数据:        0 B  |  解析完整帧:      0 帧  |  发送帧:      0 帧  (       0 B)  [帧头:EAEAEAEA  帧尾:AEAEAEAE]
[2026-04-02 17:34:58.205] 在线连接:   0  |  收到数据:        0 B  |  解析完整帧:      0 帧  |  发送帧:      0 帧  (       0 B)  [帧头:EAEAEAEA  帧尾:AEAEAEAE]
[2026-04-02 17:34:59.205] 在线连接:   1  |  收到数据:        0 B  |  解析完整帧:      0 帧  |  发送帧:      0 帧  (       0 B)  [帧头:EAEAEAEA  帧尾:AEAEAEAE]
[2026-04-02 17:35:00.206] 在线连接:   1  |  收到数据:        0 B  |  解析完整帧:      0 帧  |  发送帧:      0 帧  (       0 B)  [帧头:EAEAEAEA  帧尾:AEAEAEAE]
[2026-04-02 17:35:01.207] 在线连接:   1  |  收到数据:    18228 B  |  解析完整帧:    651 帧  |  发送帧:    651 帧  (   33852 B)  [帧头:EAEAEAEA  帧尾:AEAEAEAE]
[2026-04-02 17:35:02.207] 在线连接:   1  |  收到数据:    27776 B  |  解析完整帧:    992 帧  |  发送帧:    992 帧  (   51584 B)  [帧头:EAEAEAEA  帧尾:AEAEAEAE]
[2026-04-02 17:35:03.208] 在线连接:   1  |  收到数据:    27580 B  |  解析完整帧:    985 帧  |  发送帧:    985 帧  (   51220 B)  [帧头:EAEAEAEA  帧尾:AEAEAEAE]
[2026-04-02 17:35:04.208] 在线连接:   1  |  收到数据:    28028 B  |  解析完整帧:   1001 帧  |  发送帧:   1001 帧  (   52052 B)  [帧头:EAEAEAEA  帧尾:AEAEAEAE]
[2026-04-02 17:35:05.209] 在线连接:   1  |  收到数据:    28028 B  |  解析完整帧:   1001 帧  |  发送帧:   1001 帧  (   52052 B)  [帧头:EAEAEAEA  帧尾:AEAEAEAE]
[2026-04-02 17:35:06.210] 在线连接:   1  |  收到数据:    28000 B  |  解析完整帧:   1000 帧  |  发送帧:   1000 帧  (   52000 B)  [帧头:EAEAEAEA  帧尾:AEAEAEAE]
[2026-04-02 17:35:07.210] 在线连接:   1  |  收到数据:    28028 B  |  解析完整帧:   1001 帧  |  发送帧:   1001 帧  (   52052 B)  [帧头:EAEAEAEA  帧尾:AEAEAEAE]
[2026-04-02 17:35:08.211] 在线连接:   1  |  收到数据:    27916 B  |  解析完整帧:    997 帧  |  发送帧:    997 帧  (   51844 B)  [帧头:EAEAEAEA  帧尾:AEAEAEAE]
[2026-04-02 17:35:09.212] 在线连接:   1  |  收到数据:    27636 B  |  解析完整帧:    987 帧  |  发送帧:    987 帧  (   51324 B)  [帧头:EAEAEAEA  帧尾:AEAEAEAE]
[2026-04-02 17:35:10.212] 在线连接:   1  |  收到数据:    27972 B  |  解析完整帧:    999 帧  |  发送帧:    999 帧  (   51948 B)  [帧头:EAEAEAEA  帧尾:AEAEAEAE]
[2026-04-02 17:35:11.214] 在线连接:   1  |  收到数据:    28028 B  |  解析完整帧:   1001 帧  |  发送帧:   1001 帧  (   52052 B)  [帧头:EAEAEAEA  帧尾:AEAEAEAE]
[2026-04-02 17:35:12.214] 在线连接:   1  |  收到数据:    28028 B  |  解析完整帧:   1001 帧  |  发送帧:   1001 帧  (   52052 B)  [帧头:EAEAEAEA  帧尾:AEAEAEAE]
[2026-04-02 17:35:13.215] 在线连接:   1  |  收到数据:    27356 B  |  解析完整帧:    977 帧  |  发送帧:    977 帧  (   50804 B)  [帧头:EAEAEAEA  帧尾:AEAEAEAE]
[2026-04-02 17:35:14.216] 在线连接:   1  |  收到数据:    28028 B  |  解析完整帧:   1001 帧  |  发送帧:   1001 帧  (   52052 B)  [帧头:EAEAEAEA  帧尾:AEAEAEAE]
[2026-04-02 17:35:15.216] 在线连接:   1  |  收到数据:    28028 B  |  解析完整帧:   1001 帧  |  发送帧:   1001 帧  (   52052 B)  [帧头:EAEAEAEA  帧尾:AEAEAEAE]
[2026-04-02 17:35:16.217] 在线连接:   1  |  收到数据:    28028 B  |  解析完整帧:   1001 帧  |  发送帧:   1000 帧  (   52000 B)  [帧头:EAEAEAEA  帧尾:AEAEAEAE]
[2026-04-02 17:35:17.218] 在线连接:   1  |  收到数据:    28028 B  |  解析完整帧:   1001 帧  |  发送帧:   1002 帧  (   52104 B)  [帧头:EAEAEAEA  帧尾:AEAEAEAE]
[2026-04-02 17:35:18.219] 在线连接:   1  |  收到数据:    27468 B  |  解析完整帧:    981 帧  |  发送帧:    981 帧  (   51012 B)  [帧头:EAEAEAEA  帧尾:AEAEAEAE]
[2026-04-02 17:35:19.220] 在线连接:   1  |  收到数据:    28028 B  |  解析完整帧:   1001 帧  |  发送帧:   1001 帧  (   52052 B)  [帧头:EAEAEAEA  帧尾:AEAEAEAE]
[2026-04-02 17:35:20.220] 在线连接:   1  |  收到数据:    28028 B  |  解析完整帧:   1001 帧  |  发送帧:   1000 帧  (   52000 B)  [帧头:EAEAEAEA  帧尾:AEAEAEAE]
[2026-04-02 17:35:21.221] 在线连接:   1  |  收到数据:    27916 B  |  解析完整帧:    997 帧  |  发送帧:    997 帧  (   51844 B)  [帧头:EAEAEAEA  帧尾:AEAEAEAE]
[2026-04-02 17:35:22.222] 在线连接:   1  |  收到数据:    27860 B  |  解析完整帧:    995 帧  |  发送帧:    996 帧  (   51792 B)  [帧头:EAEAEAEA  帧尾:AEAEAEAE]
[2026-04-02 17:35:23.223] 在线连接:   1  |  收到数据:    27244 B  |  解析完整帧:    973 帧  |  发送帧:    973 帧  (   50596 B)  [帧头:EAEAEAEA  帧尾:AEAEAEAE]
[2026-04-02 17:35:24.223] 在线连接:   1  |  收到数据:    28000 B  |  解析完整帧:   1000 帧  |  发送帧:   1000 帧  (   52000 B)  [帧头:EAEAEAEA  帧尾:AEAEAEAE]
[2026-04-02 17:35:25.224] 在线连接:   1  |  收到数据:    27636 B  |  解析完整帧:    987 帧  |  发送帧:    987 帧  (   51324 B)  [帧头:EAEAEAEA  帧尾:AEAEAEAE]
[2026-04-02 17:35:26.225] 在线连接:   1  |  收到数据:    28028 B  |  解析完整帧:   1001 帧  |  发送帧:   1001 帧  (   52052 B)  [帧头:EAEAEAEA  帧尾:AEAEAEAE]
[2026-04-02 17:35:27.226] 在线连接:   1  |  收到数据:    28000 B  |  解析完整帧:   1000 帧  |  发送帧:   1000 帧  (   52000 B)  [帧头:EAEAEAEA  帧尾:AEAEAEAE]
[2026-04-02 17:35:28.230] 在线连接:   1  |  收到数据:    27692 B  |  解析完整帧:    989 帧  |  发送帧:    989 帧  (   51428 B)  [帧头:EAEAEAEA  帧尾:AEAEAEAE]
[2026-04-02 17:35:29.231] 在线连接:   1  |  收到数据:    28056 B  |  解析完整帧:   1002 帧  |  发送帧:   1002 帧  (   52104 B)  [帧头:EAEAEAEA  帧尾:AEAEAEAE]
[2026-04-02 17:35:30.233] 在线连接:   1  |  收到数据:    26572 B  |  解析完整帧:    949 帧  |  发送帧:    949 帧  (   49348 B)  [帧头:EAEAEAEA  帧尾:AEAEAEAE]
[2026-04-02 17:35:31.233] 在线连接:   1  |  收到数据:    28028 B  |  解析完整帧:   1001 帧  |  发送帧:   1001 帧  (   52052 B)  [帧头:EAEAEAEA  帧尾:AEAEAEAE]
[2026-04-02 17:35:32.234] 在线连接:   1  |  收到数据:    27944 B  |  解析完整帧:    998 帧  |  发送帧:    997 帧  (   51844 B)  [帧头:EAEAEAEA  帧尾:AEAEAEAE]
[2026-04-02 17:35:33.234] 在线连接:   1  |  收到数据:    28000 B  |  解析完整帧:   1000 帧  |  发送帧:   1001 帧  (   52052 B)  [帧头:EAEAEAEA  帧尾:AEAEAEAE]
[2026-04-02 17:35:34.235] 在线连接:   1  |  收到数据:    28028 B  |  解析完整帧:   1001 帧  |  发送帧:   1001 帧  (   52052 B)  [帧头:EAEAEAEA  帧尾:AEAEAEAE]
[2026-04-02 17:35:35.236] 在线连接:   1  |  收到数据:    28028 B  |  解析完整帧:   1001 帧  |  发送帧:   1001 帧  (   52052 B)  [帧头:EAEAEAEA  帧尾:AEAEAEAE]
[2026-04-02 17:35:36.237] 在线连接:   1  |  收到数据:    26488 B  |  解析完整帧:    946 帧  |  发送帧:    946 帧  (   49192 B)  [帧头:EAEAEAEA  帧尾:AEAEAEAE]
[2026-04-02 17:35:37.243] 在线连接:   1  |  收到数据:    27496 B  |  解析完整帧:    982 帧  |  发送帧:    982 帧  (   51064 B)  [帧头:EAEAEAEA  帧尾:AEAEAEAE]
[2026-04-02 17:35:38.248] 在线连接:   1  |  收到数据:    27664 B  |  解析完整帧:    988 帧  |  发送帧:    988 帧  (   51376 B)  [帧头:EAEAEAEA  帧尾:AEAEAEAE]
[2026-04-02 17:35:39.258] 在线连接:   1  |  收到数据:    25424 B  |  解析完整帧:    908 帧  |  发送帧:    908 帧  (   47216 B)  [帧头:EAEAEAEA  帧尾:AEAEAEAE]
[2026-04-02 17:35:40.269] 在线连接:   1  |  收到数据:    27692 B  |  解析完整帧:    989 帧  |  发送帧:    989 帧  (   51428 B)  [帧头:EAEAEAEA  帧尾:AEAEAEAE]
[2026-04-02 17:35:41.270] 在线连接:   1  |  收到数据:    27496 B  |  解析完整帧:    982 帧  |  发送帧:    982 帧  (   51064 B)  [帧头:EAEAEAEA  帧尾:AEAEAEAE]
[2026-04-02 17:35:42.271] 在线连接:   1  |  收到数据:    27104 B  |  解析完整帧:    968 帧  |  发送帧:    968 帧  (   50336 B)  [帧头:EAEAEAEA  帧尾:AEAEAEAE]
[2026-04-02 17:35:43.271] 在线连接:   1  |  收到数据:    28028 B  |  解析完整帧:   1001 帧  |  发送帧:   1001 帧  (   52052 B)  [帧头:EAEAEAEA  帧尾:AEAEAEAE]
[2026-04-02 17:35:44.272] 在线连接:   1  |  收到数据:    26964 B  |  解析完整帧:    963 帧  |  发送帧:    963 帧  (   50076 B)  [帧头:EAEAEAEA  帧尾:AEAEAEAE]
[2026-04-02 17:35:45.274] 在线连接:   1  |  收到数据:    27356 B  |  解析完整帧:    977 帧  |  发送帧:    977 帧  (   50804 B)  [帧头:EAEAEAEA  帧尾:AEAEAEAE]
[2026-04-02 17:35:46.286] 在线连接:   1  |  收到数据:    27972 B  |  解析完整帧:    999 帧  |  发送帧:    998 帧  (   51896 B)  [帧头:EAEAEAEA  帧尾:AEAEAEAE]
[2026-04-02 17:35:47.315] 在线连接:   1  |  收到数据:    28140 B  |  解析完整帧:   1005 帧  |  发送帧:   1006 帧  (   52312 B)  [帧头:EAEAEAEA  帧尾:AEAEAEAE]
[2026-04-02 17:35:48.320] 在线连接:   1  |  收到数据:    26768 B  |  解析完整帧:    956 帧  |  发送帧:    955 帧  (   49660 B)  [帧头:EAEAEAEA  帧尾:AEAEAEAE]
[2026-04-02 17:35:49.320] 在线连接:   1  |  收到数据:    28000 B  |  解析完整帧:   1000 帧  |  发送帧:   1000 帧  (   52000 B)  [帧头:EAEAEAEA  帧尾:AEAEAEAE]
[2026-04-02 17:35:50.321] 在线连接:   1  |  收到数据:    27608 B  |  解析完整帧:    986 帧  |  发送帧:    987 帧  (   51324 B)  [帧头:EAEAEAEA  帧尾:AEAEAEAE]
[2026-04-02 17:35:51.323] 在线连接:   1  |  收到数据:    27580 B  |  解析完整帧:    985 帧  |  发送帧:    985 帧  (   51220 B)  [帧头:EAEAEAEA  帧尾:AEAEAEAE]
[2026-04-02 17:35:52.324] 在线连接:   1  |  收到数据:    27300 B  |  解析完整帧:    975 帧  |  发送帧:    975 帧  (   50700 B)  [帧头:EAEAEAEA  帧尾:AEAEAEAE]
[2026-04-02 17:35:53.325] 在线连接:   1  |  收到数据:    27552 B  |  解析完整帧:    984 帧  |  发送帧:    984 帧  (   51168 B)  [帧头:EAEAEAEA  帧尾:AEAEAEAE]
[2026-04-02 17:35:54.326] 在线连接:   1  |  收到数据:    25452 B  |  解析完整帧:    909 帧  |  发送帧:    909 帧  (   47268 B)  [帧头:EAEAEAEA  帧尾:AEAEAEAE]
[2026-04-02 17:35:55.326] 在线连接:   1  |  收到数据:    27860 B  |  解析完整帧:    995 帧  |  发送帧:    995 帧  (   51740 B)  [帧头:EAEAEAEA  帧尾:AEAEAEAE]
[2026-04-02 17:35:56.327] 在线连接:   1  |  收到数据:    25732 B  |  解析完整帧:    919 帧  |  发送帧:    919 帧  (   47788 B)  [帧头:EAEAEAEA  帧尾:AEAEAEAE]
[2026-04-02 17:35:57.328] 在线连接:   1  |  收到数据:    27552 B  |  解析完整帧:    984 帧  |  发送帧:    984 帧  (   51168 B)  [帧头:EAEAEAEA  帧尾:AEAEAEAE]
[2026-04-02 17:35:58.329] 在线连接:   1  |  收到数据:    27020 B  |  解析完整帧:    965 帧  |  发送帧:    964 帧  (   50128 B)  [帧头:EAEAEAEA  帧尾:AEAEAEAE]
[2026-04-02 17:35:59.329] 在线连接:   1  |  收到数据:    25816 B  |  解析完整帧:    922 帧  |  发送帧:    923 帧  (   47996 B)  [帧头:EAEAEAEA  帧尾:AEAEAEAE]
[2026-04-02 17:36:00.330] 在线连接:   1  |  收到数据:    26432 B  |  解析完整帧:    944 帧  |  发送帧:    944 帧  (   49088 B)  [帧头:EAEAEAEA  帧尾:AEAEAEAE]
[2026-04-02 17:36:01.380] 在线连接:   1  |  收到数据:    23744 B  |  解析完整帧:    848 帧  |  发送帧:    848 帧  (   44096 B)  [帧头:EAEAEAEA  帧尾:AEAEAEAE]
[2026-04-02 17:36:02.388] 在线连接:   1  |  收到数据:    25424 B  |  解析完整帧:    908 帧  |  发送帧:    908 帧  (   47216 B)  [帧头:EAEAEAEA  帧尾:AEAEAEAE]
[2026-04-02 17:36:03.389] 在线连接:   1  |  收到数据:    24416 B  |  解析完整帧:    872 帧  |  发送帧:    872 帧  (   45344 B)  [帧头:EAEAEAEA  帧尾:AEAEAEAE]
[2026-04-02 17:36:04.391] 在线连接:   1  |  收到数据:    23632 B  |  解析完整帧:    844 帧  |  发送帧:    844 帧  (   43888 B)  [帧头:EAEAEAEA  帧尾:AEAEAEAE]
[2026-04-02 17:36:05.392] 在线连接:   1  |  收到数据:    23856 B  |  解析完整帧:    852 帧  |  发送帧:    851 帧  (   44252 B)  [帧头:EAEAEAEA  帧尾:AEAEAEAE]
[2026-04-02 17:36:06.395] 在线连接:   1  |  收到数据:    27776 B  |  解析完整帧:    992 帧  |  发送帧:    993 帧  (   51636 B)  [帧头:EAEAEAEA  帧尾:AEAEAEAE]
[2026-04-02 17:36:07.396] 在线连接:   1  |  收到数据:    26124 B  |  解析完整帧:    933 帧  |  发送帧:    933 帧  (   48516 B)  [帧头:EAEAEAEA  帧尾:AEAEAEAE]
[2026-04-02 17:36:08.398] 在线连接:   1  |  收到数据:    26404 B  |  解析完整帧:    943 帧  |  发送帧:    943 帧  (   49036 B)  [帧头:EAEAEAEA  帧尾:AEAEAEAE]
[2026-04-02 17:36:09.399] 在线连接:   1  |  收到数据:    27524 B  |  解析完整帧:    983 帧  |  发送帧:    983 帧  (   51116 B)  [帧头:EAEAEAEA  帧尾:AEAEAEAE]
[2026-04-02 17:36:10.400] 在线连接:   1  |  收到数据:    27216 B  |  解析完整帧:    972 帧  |  发送帧:    972 帧  (   50544 B)  [帧头:EAEAEAEA  帧尾:AEAEAEAE]
[2026-04-02 17:36:11.401] 在线连接:   1  |  收到数据:    23968 B  |  解析完整帧:    856 帧  |  发送帧:    856 帧  (   44512 B)  [帧头:EAEAEAEA  帧尾:AEAEAEAE]
[2026-04-02 17:36:12.402] 在线连接:   1  |  收到数据:    28028 B  |  解析完整帧:   1001 帧  |  发送帧:   1001 帧  (   52052 B)  [帧头:EAEAEAEA  帧尾:AEAEAEAE]
[2026-04-02 17:36:13.403] 在线连接:   1  |  收到数据:    27328 B  |  解析完整帧:    976 帧  |  发送帧:    976 帧  (   50752 B)  [帧头:EAEAEAEA  帧尾:AEAEAEAE]
[2026-04-02 17:36:14.404] 在线连接:   1  |  收到数据:    27804 B  |  解析完整帧:    993 帧  |  发送帧:    993 帧  (   51636 B)  [帧头:EAEAEAEA  帧尾:AEAEAEAE]
[2026-04-02 17:36:15.405] 在线连接:   1  |  收到数据:    27384 B  |  解析完整帧:    978 帧  |  发送帧:    978 帧  (   50856 B)  [帧头:EAEAEAEA  帧尾:AEAEAEAE]
[2026-04-02 17:36:16.406] 在线连接:   1  |  收到数据:    27384 B  |  解析完整帧:    978 帧  |  发送帧:    978 帧  (   50856 B)  [帧头:EAEAEAEA  帧尾:AEAEAEAE]
[2026-04-02 17:36:17.407] 在线连接:   1  |  收到数据:    28028 B  |  解析完整帧:   1001 帧  |  发送帧:   1001 帧  (   52052 B)  [帧头:EAEAEAEA  帧尾:AEAEAEAE]
[2026-04-02 17:36:18.426] 在线连接:   1  |  收到数据:    26068 B  |  解析完整帧:    931 帧  |  发送帧:    931 帧  (   48412 B)  [帧头:EAEAEAEA  帧尾:AEAEAEAE]
[2026-04-02 17:36:19.486] 在线连接:   1  |  收到数据:    26012 B  |  解析完整帧:    929 帧  |  发送帧:    928 帧  (   48256 B)  [帧头:EAEAEAEA  帧尾:AEAEAEAE]
[2026-04-02 17:36:20.489] 在线连接:   1  |  收到数据:    25312 B  |  解析完整帧:    904 帧  |  发送帧:    905 帧  (   47060 B)  [帧头:EAEAEAEA  帧尾:AEAEAEAE]
[2026-04-02 17:36:21.489] 在线连接:   1  |  收到数据:    27328 B  |  解析完整帧:    976 帧  |  发送帧:    976 帧  (   50752 B)  [帧头:EAEAEAEA  帧尾:AEAEAEAE]
[2026-04-02 17:36:22.490] 在线连接:   1  |  收到数据:    27916 B  |  解析完整帧:    997 帧  |  发送帧:    997 帧  (   51844 B)  [帧头:EAEAEAEA  帧尾:AEAEAEAE]
[2026-04-02 17:36:23.491] 在线连接:   1  |  收到数据:    26208 B  |  解析完整帧:    936 帧  |  发送帧:    936 帧  (   48672 B)  [帧头:EAEAEAEA  帧尾:AEAEAEAE]
[2026-04-02 17:36:24.492] 在线连接:   1  |  收到数据:    28028 B  |  解析完整帧:   1001 帧  |  发送帧:   1001 帧  (   52052 B)  [帧头:EAEAEAEA  帧尾:AEAEAEAE]
[2026-04-02 17:36:25.492] 在线连接:   1  |  收到数据:    27972 B  |  解析完整帧:    999 帧  |  发送帧:    999 帧  (   51948 B)  [帧头:EAEAEAEA  帧尾:AEAEAEAE]
[2026-04-02 17:36:26.495] 在线连接:   1  |  收到数据:    25788 B  |  解析完整帧:    921 帧  |  发送帧:    921 帧  (   47892 B)  [帧头:EAEAEAEA  帧尾:AEAEAEAE]
[2026-04-02 17:36:27.499] 在线连接:   1  |  收到数据:    24080 B  |  解析完整帧:    860 帧  |  发送帧:    860 帧  (   44720 B)  [帧头:EAEAEAEA  帧尾:AEAEAEAE]
[2026-04-02 17:36:28.500] 在线连接:   1  |  收到数据:    23828 B  |  解析完整帧:    851 帧  |  发送帧:    851 帧  (   44252 B)  [帧头:EAEAEAEA  帧尾:AEAEAEAE]
[2026-04-02 17:36:29.501] 在线连接:   1  |  收到数据:    25620 B  |  解析完整帧:    915 帧  |  发送帧:    915 帧  (   47580 B)  [帧头:EAEAEAEA  帧尾:AEAEAEAE]
[2026-04-02 17:36:30.502] 在线连接:   1  |  收到数据:    25340 B  |  解析完整帧:    905 帧  |  发送帧:    905 帧  (   47060 B)  [帧头:EAEAEAEA  帧尾:AEAEAEAE]
[2026-04-02 17:36:31.503] 在线连接:   1  |  收到数据:    28000 B  |  解析完整帧:   1000 帧  |  发送帧:   1000 帧  (   52000 B)  [帧头:EAEAEAEA  帧尾:AEAEAEAE]
[2026-04-02 17:36:32.510] 在线连接:   1  |  收到数据:    17892 B  |  解析完整帧:    639 帧  |  发送帧:    639 帧  (   33228 B)  [帧头:EAEAEAEA  帧尾:AEAEAEAE]
[2026-04-02 17:36:33.520] 在线连接:   1  |  收到数据:    22596 B  |  解析完整帧:    807 帧  |  发送帧:    807 帧  (   41964 B)  [帧头:EAEAEAEA  帧尾:AEAEAEAE]
[2026-04-02 17:36:34.523] 在线连接:   1  |  收到数据:    24276 B  |  解析完整帧:    867 帧  |  发送帧:    867 帧  (   45084 B)  [帧头:EAEAEAEA  帧尾:AEAEAEAE]
[2026-04-02 17:36:35.525] 在线连接:   1  |  收到数据:    28028 B  |  解析完整帧:   1001 帧  |  发送帧:   1001 帧  (   52052 B)  [帧头:EAEAEAEA  帧尾:AEAEAEAE]
[2026-04-02 17:36:36.525] 在线连接:   1  |  收到数据:    27636 B  |  解析完整帧:    987 帧  |  发送帧:    987 帧  (   51324 B)  [帧头:EAEAEAEA  帧尾:AEAEAEAE]
[2026-04-02 17:36:37.526] 在线连接:   1  |  收到数据:    26096 B  |  解析完整帧:    932 帧  |  发送帧:    932 帧  (   48464 B)  [帧头:EAEAEAEA  帧尾:AEAEAEAE]
[2026-04-02 17:36:38.527] 在线连接:   1  |  收到数据:    27832 B  |  解析完整帧:    994 帧  |  发送帧:    994 帧  (   51688 B)  [帧头:EAEAEAEA  帧尾:AEAEAEAE]
[2026-04-02 17:36:39.528] 在线连接:   1  |  收到数据:    27300 B  |  解析完整帧:    975 帧  |  发送帧:    975 帧  (   50700 B)  [帧头:EAEAEAEA  帧尾:AEAEAEAE]
[2026-04-02 17:36:40.528] 在线连接:   1  |  收到数据:    28028 B  |  解析完整帧:   1001 帧  |  发送帧:   1001 帧  (   52052 B)  [帧头:EAEAEAEA  帧尾:AEAEAEAE]
[2026-04-02 17:36:41.529] 在线连接:   1  |  收到数据:    27720 B  |  解析完整帧:    990 帧  |  发送帧:    990 帧  (   51480 B)  [帧头:EAEAEAEA  帧尾:AEAEAEAE]
[2026-04-02 17:36:42.530] 在线连接:   1  |  收到数据:    28028 B  |  解析完整帧:   1001 帧  |  发送帧:   1001 帧  (   52052 B)  [帧头:EAEAEAEA  帧尾:AEAEAEAE]
[2026-04-02 17:36:43.530] 在线连接:   1  |  收到数据:    28000 B  |  解析完整帧:   1000 帧  |  发送帧:   1000 帧  (   52000 B)  [帧头:EAEAEAEA  帧尾:AEAEAEAE]
[2026-04-02 17:36:44.533] 在线连接:   1  |  收到数据:    26264 B  |  解析完整帧:    938 帧  |  发送帧:    938 帧  (   48776 B)  [帧头:EAEAEAEA  帧尾:AEAEAEAE]
[2026-04-02 17:36:45.534] 在线连接:   1  |  收到数据:    26264 B  |  解析完整帧:    938 帧  |  发送帧:    938 帧  (   48776 B)  [帧头:EAEAEAEA  帧尾:AEAEAEAE]
[2026-04-02 17:36:46.535] 在线连接:   1  |  收到数据:    27916 B  |  解析完整帧:    997 帧  |  发送帧:    997 帧  (   51844 B)  [帧头:EAEAEAEA  帧尾:AEAEAEAE]
[2026-04-02 17:36:47.536] 在线连接:   1  |  收到数据:    26432 B  |  解析完整帧:    944 帧  |  发送帧:    944 帧  (   49088 B)  [帧头:EAEAEAEA  帧尾:AEAEAEAE]
[2026-04-02 17:36:48.537] 在线连接:   1  |  收到数据:    26824 B  |  解析完整帧:    958 帧  |  发送帧:    958 帧  (   49816 B)  [帧头:EAEAEAEA  帧尾:AEAEAEAE]
[2026-04-02 17:36:49.538] 在线连接:   1  |  收到数据:    27048 B  |  解析完整帧:    966 帧  |  发送帧:    966 帧  (   50232 B)  [帧头:EAEAEAEA  帧尾:AEAEAEAE]
[2026-04-02 17:36:50.539] 在线连接:   1  |  收到数据:    27916 B  |  解析完整帧:    997 帧  |  发送帧:    997 帧  (   51844 B)  [帧头:EAEAEAEA  帧尾:AEAEAEAE]
[2026-04-02 17:36:51.544] 在线连接:   1  |  收到数据:    27944 B  |  解析完整帧:    998 帧  |  发送帧:    998 帧  (   51896 B)  [帧头:EAEAEAEA  帧尾:AEAEAEAE]
[2026-04-02 17:36:52.544] 在线连接:   1  |  收到数据:    28000 B  |  解析完整帧:   1000 帧  |  发送帧:   1000 帧  (   52000 B)  [帧头:EAEAEAEA  帧尾:AEAEAEAE]
[2026-04-02 17:36:53.545] 在线连接:   1  |  收到数据:    27944 B  |  解析完整帧:    998 帧  |  发送帧:    998 帧  (   51896 B)  [帧头:EAEAEAEA  帧尾:AEAEAEAE]
[2026-04-02 17:36:54.546] 在线连接:   1  |  收到数据:    26180 B  |  解析完整帧:    935 帧  |  发送帧:    935 帧  (   48620 B)  [帧头:EAEAEAEA  帧尾:AEAEAEAE]
[2026-04-02 17:36:55.546] 在线连接:   1  |  收到数据:    28028 B  |  解析完整帧:   1001 帧  |  发送帧:   1001 帧  (   52052 B)  [帧头:EAEAEAEA  帧尾:AEAEAEAE]
[2026-04-02 17:36:56.547] 在线连接:   1  |  收到数据:    28000 B  |  解析完整帧:   1000 帧  |  发送帧:   1000 帧  (   52000 B)  [帧头:EAEAEAEA  帧尾:AEAEAEAE]
[2026-04-02 17:36:57.548] 在线连接:   1  |  收到数据:    28028 B  |  解析完整帧:   1001 帧  |  发送帧:   1001 帧  (   52052 B)  [帧头:EAEAEAEA  帧尾:AEAEAEAE]
[2026-04-02 17:36:58.549] 在线连接:   1  |  收到数据:    27552 B  |  解析完整帧:    984 帧  |  发送帧:    983 帧  (   51116 B)  [帧头:EAEAEAEA  帧尾:AEAEAEAE]
[2026-04-02 17:36:59.550] 在线连接:   1  |  收到数据:    26628 B  |  解析完整帧:    951 帧  |  发送帧:    952 帧  (   49504 B)  [帧头:EAEAEAEA  帧尾:AEAEAEAE]
[2026-04-02 17:37:00.551] 在线连接:   1  |  收到数据:    27888 B  |  解析完整帧:    996 帧  |  发送帧:    996 帧  (   51792 B)  [帧头:EAEAEAEA  帧尾:AEAEAEAE]
[2026-04-02 17:37:01.552] 在线连接:   1  |  收到数据:    28028 B  |  解析完整帧:   1001 帧  |  发送帧:   1001 帧  (   52052 B)  [帧头:EAEAEAEA  帧尾:AEAEAEAE]
[2026-04-02 17:37:02.553] 在线连接:   1  |  收到数据:    28028 B  |  解析完整帧:   1001 帧  |  发送帧:   1001 帧  (   52052 B)  [帧头:EAEAEAEA  帧尾:AEAEAEAE]
[2026-04-02 17:37:03.554] 在线连接:   1  |  收到数据:    27860 B  |  解析完整帧:    995 帧  |  发送帧:    995 帧  (   51740 B)  [帧头:EAEAEAEA  帧尾:AEAEAEAE]
[2026-04-02 17:37:04.555] 在线连接:   1  |  收到数据:    28000 B  |  解析完整帧:   1000 帧  |  发送帧:   1000 帧  (   52000 B)  [帧头:EAEAEAEA  帧尾:AEAEAEAE]
[2026-04-02 17:37:05.555] 在线连接:   1  |  收到数据:    26012 B  |  解析完整帧:    929 帧  |  发送帧:    929 帧  (   48308 B)  [帧头:EAEAEAEA  帧尾:AEAEAEAE]
[2026-04-02 17:37:06.556] 在线连接:   1  |  收到数据:    26964 B  |  解析完整帧:    963 帧  |  发送帧:    963 帧  (   50076 B)  [帧头:EAEAEAEA  帧尾:AEAEAEAE]
[2026-04-02 17:37:07.556] 在线连接:   1  |  收到数据:    27944 B  |  解析完整帧:    998 帧  |  发送帧:    998 帧  (   51896 B)  [帧头:EAEAEAEA  帧尾:AEAEAEAE]
[2026-04-02 17:37:08.557] 在线连接:   1  |  收到数据:    27972 B  |  解析完整帧:    999 帧  |  发送帧:    999 帧  (   51948 B)  [帧头:EAEAEAEA  帧尾:AEAEAEAE]
[2026-04-02 17:37:09.558] 在线连接:   1  |  收到数据:    27944 B  |  解析完整帧:    998 帧  |  发送帧:    998 帧  (   51896 B)  [帧头:EAEAEAEA  帧尾:AEAEAEAE]
[2026-04-02 17:37:10.559] 在线连接:   1  |  收到数据:    28028 B  |  解析完整帧:   1001 帧  |  发送帧:   1001 帧  (   52052 B)  [帧头:EAEAEAEA  帧尾:AEAEAEAE]
[2026-04-02 17:37:11.568] 在线连接:   1  |  收到数据:    28112 B  |  解析完整帧:   1004 帧  |  发送帧:   1004 帧  (   52208 B)  [帧头:EAEAEAEA  帧尾:AEAEAEAE]
[2026-04-02 17:37:12.571] 在线连接:   1  |  收到数据:    28084 B  |  解析完整帧:   1003 帧  |  发送帧:   1003 帧  (   52156 B)  [帧头:EAEAEAEA  帧尾:AEAEAEAE]
[2026-04-02 17:37:13.572] 在线连接:   1  |  收到数据:    28000 B  |  解析完整帧:   1000 帧  |  发送帧:   1000 帧  (   52000 B)  [帧头:EAEAEAEA  帧尾:AEAEAEAE]
[2026-04-02 17:37:14.573] 在线连接:   1  |  收到数据:    28056 B  |  解析完整帧:   1002 帧  |  发送帧:   1002 帧  (   52104 B)  [帧头:EAEAEAEA  帧尾:AEAEAEAE]
[2026-04-02 17:37:15.574] 在线连接:   1  |  收到数据:    27972 B  |  解析完整帧:    999 帧  |  发送帧:    999 帧  (   51948 B)  [帧头:EAEAEAEA  帧尾:AEAEAEAE]
[2026-04-02 17:37:16.575] 在线连接:   1  |  收到数据:    27888 B  |  解析完整帧:    996 帧  |  发送帧:    996 帧  (   51792 B)  [帧头:EAEAEAEA  帧尾:AEAEAEAE]
[2026-04-02 17:37:17.576] 在线连接:   1  |  收到数据:    27916 B  |  解析完整帧:    997 帧  |  发送帧:    997 帧  (   51844 B)  [帧头:EAEAEAEA  帧尾:AEAEAEAE]
[2026-04-02 17:37:18.576] 在线连接:   1  |  收到数据:    28028 B  |  解析完整帧:   1001 帧  |  发送帧:   1001 帧  (   52052 B)  [帧头:EAEAEAEA  帧尾:AEAEAEAE]
[2026-04-02 17:37:19.577] 在线连接:   1  |  收到数据:    28000 B  |  解析完整帧:   1000 帧  |  发送帧:   1000 帧  (   52000 B)  [帧头:EAEAEAEA  帧尾:AEAEAEAE]
[2026-04-02 17:37:20.577] 在线连接:   1  |  收到数据:    26740 B  |  解析完整帧:    955 帧  |  发送帧:    955 帧  (   49660 B)  [帧头:EAEAEAEA  帧尾:AEAEAEAE]
[2026-04-02 17:37:21.578] 在线连接:   1  |  收到数据:    28000 B  |  解析完整帧:   1000 帧  |  发送帧:   1000 帧  (   52000 B)  [帧头:EAEAEAEA  帧尾:AEAEAEAE]
[2026-04-02 17:37:22.579] 在线连接:   1  |  收到数据:    27888 B  |  解析完整帧:    996 帧  |  发送帧:    996 帧  (   51792 B)  [帧头:EAEAEAEA  帧尾:AEAEAEAE]
[2026-04-02 17:37:23.580] 在线连接:   1  |  收到数据:    27944 B  |  解析完整帧:    998 帧  |  发送帧:    997 帧  (   51844 B)  [帧头:EAEAEAEA  帧尾:AEAEAEAE]
[2026-04-02 17:37:24.582] 在线连接:   1  |  收到数据:    28056 B  |  解析完整帧:   1002 帧  |  发送帧:   1003 帧  (   52156 B)  [帧头:EAEAEAEA  帧尾:AEAEAEAE]
[2026-04-02 17:37:25.584] 在线连接:   1  |  收到数据:    27832 B  |  解析完整帧:    994 帧  |  发送帧:    993 帧  (   51636 B)  [帧头:EAEAEAEA  帧尾:AEAEAEAE]
[2026-04-02 17:37:26.585] 在线连接:   1  |  收到数据:    26740 B  |  解析完整帧:    955 帧  |  发送帧:    956 帧  (   49712 B)  [帧头:EAEAEAEA  帧尾:AEAEAEAE]
[2026-04-02 17:37:27.586] 在线连接:   1  |  收到数据:    28028 B  |  解析完整帧:   1001 帧  |  发送帧:   1001 帧  (   52052 B)  [帧头:EAEAEAEA  帧尾:AEAEAEAE]
[2026-04-02 17:37:28.586] 在线连接:   1  |  收到数据:    27916 B  |  解析完整帧:    997 帧  |  发送帧:    997 帧  (   51844 B)  [帧头:EAEAEAEA  帧尾:AEAEAEAE]
[2026-04-02 17:37:29.587] 在线连接:   1  |  收到数据:    27636 B  |  解析完整帧:    987 帧  |  发送帧:    987 帧  (   51324 B)  [帧头:EAEAEAEA  帧尾:AEAEAEAE]
[2026-04-02 17:37:30.588] 在线连接:   1  |  收到数据:    28028 B  |  解析完整帧:   1001 帧  |  发送帧:   1001 帧  (   52052 B)  [帧头:EAEAEAEA  帧尾:AEAEAEAE]
[2026-04-02 17:37:31.588] 在线连接:   1  |  收到数据:    27832 B  |  解析完整帧:    994 帧  |  发送帧:    994 帧  (   51688 B)  [帧头:EAEAEAEA  帧尾:AEAEAEAE]
[2026-04-02 17:37:32.589] 在线连接:   1  |  收到数据:    28000 B  |  解析完整帧:   1000 帧  |  发送帧:    999 帧  (   51948 B)  [帧头:EAEAEAEA  帧尾:AEAEAEAE]
[2026-04-02 17:37:33.593] 在线连接:   1  |  收到数据:    27608 B  |  解析完整帧:    986 帧  |  发送帧:    986 帧  (   51272 B)  [帧头:EAEAEAEA  帧尾:AEAEAEAE]
[2026-04-02 17:37:34.593] 在线连接:   1  |  收到数据:    27944 B  |  解析完整帧:    998 帧  |  发送帧:    999 帧  (   51948 B)  [帧头:EAEAEAEA  帧尾:AEAEAEAE]
[2026-04-02 17:37:35.594] 在线连接:   1  |  收到数据:    28028 B  |  解析完整帧:   1001 帧  |  发送帧:   1001 帧  (   52052 B)  [帧头:EAEAEAEA  帧尾:AEAEAEAE]
[2026-04-02 17:37:36.595] 在线连接:   1  |  收到数据:    28000 B  |  解析完整帧:   1000 帧  |  发送帧:   1000 帧  (   52000 B)  [帧头:EAEAEAEA  帧尾:AEAEAEAE]
[2026-04-02 17:37:37.595] 在线连接:   1  |  收到数据:    27944 B  |  解析完整帧:    998 帧  |  发送帧:    998 帧  (   51896 B)  [帧头:EAEAEAEA  帧尾:AEAEAEAE]
[2026-04-02 17:37:38.596] 在线连接:   1  |  收到数据:    27664 B  |  解析完整帧:    988 帧  |  发送帧:    988 帧  (   51376 B)  [帧头:EAEAEAEA  帧尾:AEAEAEAE]
[2026-04-02 17:37:39.597] 在线连接:   1  |  收到数据:    28028 B  |  解析完整帧:   1001 帧  |  发送帧:   1001 帧  (   52052 B)  [帧头:EAEAEAEA  帧尾:AEAEAEAE]
[2026-04-02 17:37:40.598] 在线连接:   1  |  收到数据:    27888 B  |  解析完整帧:    996 帧  |  发送帧:    996 帧  (   51792 B)  [帧头:EAEAEAEA  帧尾:AEAEAEAE]
[2026-04-02 17:37:41.599] 在线连接:   1  |  收到数据:    27076 B  |  解析完整帧:    967 帧  |  发送帧:    967 帧  (   50284 B)  [帧头:EAEAEAEA  帧尾:AEAEAEAE]
[2026-04-02 17:37:42.601] 在线连接:   1  |  收到数据:    27972 B  |  解析完整帧:    999 帧  |  发送帧:    999 帧  (   51948 B)  [帧头:EAEAEAEA  帧尾:AEAEAEAE]
[2026-04-02 17:37:43.603] 在线连接:   1  |  收到数据:    28084 B  |  解析完整帧:   1003 帧  |  发送帧:   1003 帧  (   52156 B)  [帧头:EAEAEAEA  帧尾:AEAEAEAE]
[2026-04-02 17:37:44.604] 在线连接:   1  |  收到数据:    26964 B  |  解析完整帧:    963 帧  |  发送帧:    962 帧  (   50024 B)  [帧头:EAEAEAEA  帧尾:AEAEAEAE]
[2026-04-02 17:37:45.605] 在线连接:   1  |  收到数据:    27300 B  |  解析完整帧:    975 帧  |  发送帧:    976 帧  (   50752 B)  [帧头:EAEAEAEA  帧尾:AEAEAEAE]
[2026-04-02 17:37:46.605] 在线连接:   1  |  收到数据:    27132 B  |  解析完整帧:    969 帧  |  发送帧:    969 帧  (   50388 B)  [帧头:EAEAEAEA  帧尾:AEAEAEAE]
[2026-04-02 17:37:47.606] 在线连接:   1  |  收到数据:    26628 B  |  解析完整帧:    951 帧  |  发送帧:    951 帧  (   49452 B)  [帧头:EAEAEAEA  帧尾:AEAEAEAE]
[2026-04-02 17:37:48.607] 在线连接:   1  |  收到数据:    26936 B  |  解析完整帧:    962 帧  |  发送帧:    962 帧  (   50024 B)  [帧头:EAEAEAEA  帧尾:AEAEAEAE]
[2026-04-02 17:37:49.608] 在线连接:   1  |  收到数据:    27272 B  |  解析完整帧:    974 帧  |  发送帧:    974 帧  (   50648 B)  [帧头:EAEAEAEA  帧尾:AEAEAEAE]
[2026-04-02 17:37:50.609] 在线连接:   1  |  收到数据:    27776 B  |  解析完整帧:    992 帧  |  发送帧:    992 帧  (   51584 B)  [帧头:EAEAEAEA  帧尾:AEAEAEAE]
[2026-04-02 17:37:51.610] 在线连接:   1  |  收到数据:    28056 B  |  解析完整帧:   1002 帧  |  发送帧:   1002 帧  (   52104 B)  [帧头:EAEAEAEA  帧尾:AEAEAEAE]
[2026-04-02 17:37:52.611] 在线连接:   1  |  收到数据:    27104 B  |  解析完整帧:    968 帧  |  发送帧:    968 帧  (   50336 B)  [帧头:EAEAEAEA  帧尾:AEAEAEAE]
[2026-04-02 17:37:53.612] 在线连接:   1  |  收到数据:    27888 B  |  解析完整帧:    996 帧  |  发送帧:    996 帧  (   51792 B)  [帧头:EAEAEAEA  帧尾:AEAEAEAE]
[2026-04-02 17:37:54.647] 在线连接:   1  |  收到数据:    28672 B  |  解析完整帧:   1024 帧  |  发送帧:   1024 帧  (   53248 B)  [帧头:EAEAEAEA  帧尾:AEAEAEAE]
[2026-04-02 17:37:55.649] 在线连接:   1  |  收到数据:    27580 B  |  解析完整帧:    985 帧  |  发送帧:    984 帧  (   51168 B)  [帧头:EAEAEAEA  帧尾:AEAEAEAE]
[2026-04-02 17:37:56.650] 在线连接:   1  |  收到数据:    28028 B  |  解析完整帧:   1001 帧  |  发送帧:   1002 帧  (   52104 B)  [帧头:EAEAEAEA  帧尾:AEAEAEAE]
[2026-04-02 17:37:57.651] 在线连接:   1  |  收到数据:    27636 B  |  解析完整帧:    987 帧  |  发送帧:    987 帧  (   51324 B)  [帧头:EAEAEAEA  帧尾:AEAEAEAE]
[2026-04-02 17:37:58.651] 在线连接:   1  |  收到数据:    28028 B  |  解析完整帧:   1001 帧  |  发送帧:   1001 帧  (   52052 B)  [帧头:EAEAEAEA  帧尾:AEAEAEAE]
[2026-04-02 17:37:59.654] 在线连接:   1  |  收到数据:    27412 B  |  解析完整帧:    979 帧  |  发送帧:    979 帧  (   50908 B)  [帧头:EAEAEAEA  帧尾:AEAEAEAE]
[2026-04-02 17:38:00.655] 在线连接:   1  |  收到数据:    27832 B  |  解析完整帧:    994 帧  |  发送帧:    994 帧  (   51688 B)  [帧头:EAEAEAEA  帧尾:AEAEAEAE]
[2026-04-02 17:38:01.656] 在线连接:   1  |  收到数据:    25788 B  |  解析完整帧:    921 帧  |  发送帧:    921 帧  (   47892 B)  [帧头:EAEAEAEA  帧尾:AEAEAEAE]
[2026-04-02 17:38:02.657] 在线连接:   1  |  收到数据:    27972 B  |  解析完整帧:    999 帧  |  发送帧:    999 帧  (   51948 B)  [帧头:EAEAEAEA  帧尾:AEAEAEAE]
[2026-04-02 17:38:03.660] 在线连接:   1  |  收到数据:    27216 B  |  解析完整帧:    972 帧  |  发送帧:    972 帧  (   50544 B)  [帧头:EAEAEAEA  帧尾:AEAEAEAE]
[2026-04-02 17:38:04.663] 在线连接:   1  |  收到数据:    27972 B  |  解析完整帧:    999 帧  |  发送帧:    999 帧  (   51948 B)  [帧头:EAEAEAEA  帧尾:AEAEAEAE]
[2026-04-02 17:38:05.664] 在线连接:   1  |  收到数据:    27636 B  |  解析完整帧:    987 帧  |  发送帧:    987 帧  (   51324 B)  [帧头:EAEAEAEA  帧尾:AEAEAEAE]
[2026-04-02 17:38:06.664] 在线连接:   1  |  收到数据:    27524 B  |  解析完整帧:    983 帧  |  发送帧:    983 帧  (   51116 B)  [帧头:EAEAEAEA  帧尾:AEAEAEAE]
[2026-04-02 17:38:07.665] 在线连接:   1  |  收到数据:    28000 B  |  解析完整帧:   1000 帧  |  发送帧:   1000 帧  (   52000 B)  [帧头:EAEAEAEA  帧尾:AEAEAEAE]
[2026-04-02 17:38:08.665] 在线连接:   1  |  收到数据:    27804 B  |  解析完整帧:    993 帧  |  发送帧:    993 帧  (   51636 B)  [帧头:EAEAEAEA  帧尾:AEAEAEAE]
[2026-04-02 17:38:09.666] 在线连接:   1  |  收到数据:    27832 B  |  解析完整帧:    994 帧  |  发送帧:    993 帧  (   51636 B)  [帧头:EAEAEAEA  帧尾:AEAEAEAE]
[2026-04-02 17:38:10.666] 在线连接:   1  |  收到数据:    27384 B  |  解析完整帧:    978 帧  |  发送帧:    979 帧  (   50908 B)  [帧头:EAEAEAEA  帧尾:AEAEAEAE]
[2026-04-02 17:38:11.667] 在线连接:   1  |  收到数据:    27384 B  |  解析完整帧:    978 帧  |  发送帧:    978 帧  (   50856 B)  [帧头:EAEAEAEA  帧尾:AEAEAEAE]
[2026-04-02 17:38:12.668] 在线连接:   1  |  收到数据:    27412 B  |  解析完整帧:    979 帧  |  发送帧:    979 帧  (   50908 B)  [帧头:EAEAEAEA  帧尾:AEAEAEAE]
[2026-04-02 17:38:13.669] 在线连接:   1  |  收到数据:    27020 B  |  解析完整帧:    965 帧  |  发送帧:    965 帧  (   50180 B)  [帧头:EAEAEAEA  帧尾:AEAEAEAE]
[2026-04-02 17:38:14.670] 在线连接:   1  |  收到数据:    25928 B  |  解析完整帧:    926 帧  |  发送帧:    926 帧  (   48152 B)  [帧头:EAEAEAEA  帧尾:AEAEAEAE]
[2026-04-02 17:38:15.671] 在线连接:   1  |  收到数据:    27412 B  |  解析完整帧:    979 帧  |  发送帧:    979 帧  (   50908 B)  [帧头:EAEAEAEA  帧尾:AEAEAEAE]
[2026-04-02 17:38:16.672] 在线连接:   1  |  收到数据:    26572 B  |  解析完整帧:    949 帧  |  发送帧:    949 帧  (   49348 B)  [帧头:EAEAEAEA  帧尾:AEAEAEAE]
[2026-04-02 17:38:17.673] 在线连接:   1  |  收到数据:    27748 B  |  解析完整帧:    991 帧  |  发送帧:    991 帧  (   51532 B)  [帧头:EAEAEAEA  帧尾:AEAEAEAE]
[2026-04-02 17:38:18.674] 在线连接:   1  |  收到数据:    27608 B  |  解析完整帧:    986 帧  |  发送帧:    986 帧  (   51272 B)  [帧头:EAEAEAEA  帧尾:AEAEAEAE]
[2026-04-02 17:38:19.675] 在线连接:   1  |  收到数据:    27972 B  |  解析完整帧:    999 帧  |  发送帧:    998 帧  (   51896 B)  [帧头:EAEAEAEA  帧尾:AEAEAEAE]
[2026-04-02 17:38:20.676] 在线连接:   1  |  收到数据:    27720 B  |  解析完整帧:    990 帧  |  发送帧:    991 帧  (   51532 B)  [帧头:EAEAEAEA  帧尾:AEAEAEAE]
[2026-04-02 17:38:21.676] 在线连接:   1  |  收到数据:    25256 B  |  解析完整帧:    902 帧  |  发送帧:    902 帧  (   46904 B)  [帧头:EAEAEAEA  帧尾:AEAEAEAE]
[2026-04-02 17:38:22.677] 在线连接:   1  |  收到数据:    28000 B  |  解析完整帧:   1000 帧  |  发送帧:   1000 帧  (   52000 B)  [帧头:EAEAEAEA  帧尾:AEAEAEAE]
[2026-04-02 17:38:23.678] 在线连接:   1  |  收到数据:    27944 B  |  解析完整帧:    998 帧  |  发送帧:    998 帧  (   51896 B)  [帧头:EAEAEAEA  帧尾:AEAEAEAE]
[2026-04-02 17:38:24.679] 在线连接:   1  |  收到数据:    27412 B  |  解析完整帧:    979 帧  |  发送帧:    978 帧  (   50856 B)  [帧头:EAEAEAEA  帧尾:AEAEAEAE]
[2026-04-02 17:38:25.681] 在线连接:   1  |  收到数据:    28000 B  |  解析完整帧:   1000 帧  |  发送帧:   1001 帧  (   52052 B)  [帧头:EAEAEAEA  帧尾:AEAEAEAE]
[2026-04-02 17:38:26.682] 在线连接:   1  |  收到数据:    27944 B  |  解析完整帧:    998 帧  |  发送帧:    997 帧  (   51844 B)  [帧头:EAEAEAEA  帧尾:AEAEAEAE]
[2026-04-02 17:38:27.683] 在线连接:   1  |  收到数据:    28000 B  |  解析完整帧:   1000 帧  |  发送帧:   1001 帧  (   52052 B)  [帧头:EAEAEAEA  帧尾:AEAEAEAE]
[2026-04-02 17:38:28.684] 在线连接:   1  |  收到数据:    27748 B  |  解析完整帧:    991 帧  |  发送帧:    991 帧  (   51532 B)  [帧头:EAEAEAEA  帧尾:AEAEAEAE]
[2026-04-02 17:38:29.699] 在线连接:   1  |  收到数据:    27468 B  |  解析完整帧:    981 帧  |  发送帧:    981 帧  (   51012 B)  [帧头:EAEAEAEA  帧尾:AEAEAEAE]
[2026-04-02 17:38:30.710] 在线连接:   1  |  收到数据:    25704 B  |  解析完整帧:    918 帧  |  发送帧:    918 帧  (   47736 B)  [帧头:EAEAEAEA  帧尾:AEAEAEAE]
[2026-04-02 17:38:31.712] 在线连接:   1  |  收到数据:    27972 B  |  解析完整帧:    999 帧  |  发送帧:    999 帧  (   51948 B)  [帧头:EAEAEAEA  帧尾:AEAEAEAE]
[2026-04-02 17:38:32.714] 在线连接:   1  |  收到数据:    27916 B  |  解析完整帧:    997 帧  |  发送帧:    997 帧  (   51844 B)  [帧头:EAEAEAEA  帧尾:AEAEAEAE]
[2026-04-02 17:38:33.714] 在线连接:   1  |  收到数据:    28028 B  |  解析完整帧:   1001 帧  |  发送帧:   1001 帧  (   52052 B)  [帧头:EAEAEAEA  帧尾:AEAEAEAE]
[2026-04-02 17:38:34.715] 在线连接:   1  |  收到数据:    28028 B  |  解析完整帧:   1001 帧  |  发送帧:   1001 帧  (   52052 B)  [帧头:EAEAEAEA  帧尾:AEAEAEAE]
[2026-04-02 17:38:35.730] 在线连接:   1  |  收到数据:    24332 B  |  解析完整帧:    869 帧  |  发送帧:    869 帧  (   45188 B)  [帧头:EAEAEAEA  帧尾:AEAEAEAE]
[2026-04-02 17:38:36.740] 在线连接:   1  |  收到数据:    25368 B  |  解析完整帧:    906 帧  |  发送帧:    906 帧  (   47112 B)  [帧头:EAEAEAEA  帧尾:AEAEAEAE]
[2026-04-02 17:38:37.741] 在线连接:   1  |  收到数据:    26432 B  |  解析完整帧:    944 帧  |  发送帧:    944 帧  (   49088 B)  [帧头:EAEAEAEA  帧尾:AEAEAEAE]
[2026-04-02 17:38:38.742] 在线连接:   1  |  收到数据:    27048 B  |  解析完整帧:    966 帧  |  发送帧:    966 帧  (   50232 B)  [帧头:EAEAEAEA  帧尾:AEAEAEAE]
[2026-04-02 17:38:39.744] 在线连接:   1  |  收到数据:    26432 B  |  解析完整帧:    944 帧  |  发送帧:    943 帧  (   49036 B)  [帧头:EAEAEAEA  帧尾:AEAEAEAE]
[2026-04-02 17:38:40.744] 在线连接:   1  |  收到数据:    27888 B  |  解析完整帧:    996 帧  |  发送帧:    997 帧  (   51844 B)  [帧头:EAEAEAEA  帧尾:AEAEAEAE]
[2026-04-02 17:38:41.745] 在线连接:   1  |  收到数据:    28028 B  |  解析完整帧:   1001 帧  |  发送帧:   1001 帧  (   52052 B)  [帧头:EAEAEAEA  帧尾:AEAEAEAE]
[2026-04-02 17:38:42.746] 在线连接:   1  |  收到数据:    28028 B  |  解析完整帧:   1001 帧  |  发送帧:   1001 帧  (   52052 B)  [帧头:EAEAEAEA  帧尾:AEAEAEAE]
[2026-04-02 17:38:43.746] 在线连接:   1  |  收到数据:    27944 B  |  解析完整帧:    998 帧  |  发送帧:    998 帧  (   51896 B)  [帧头:EAEAEAEA  帧尾:AEAEAEAE]
[2026-04-02 17:38:44.747] 在线连接:   1  |  收到数据:    27636 B  |  解析完整帧:    987 帧  |  发送帧:    987 帧  (   51324 B)  [帧头:EAEAEAEA  帧尾:AEAEAEAE]
[2026-04-02 17:38:45.748] 在线连接:   1  |  收到数据:    27216 B  |  解析完整帧:    972 帧  |  发送帧:    972 帧  (   50544 B)  [帧头:EAEAEAEA  帧尾:AEAEAEAE]
[2026-04-02 17:38:46.749] 在线连接:   1  |  收到数据:    28028 B  |  解析完整帧:   1001 帧  |  发送帧:   1001 帧  (   52052 B)  [帧头:EAEAEAEA  帧尾:AEAEAEAE]
[2026-04-02 17:38:47.750] 在线连接:   1  |  收到数据:    28028 B  |  解析完整帧:   1001 帧  |  发送帧:   1001 帧  (   52052 B)  [帧头:EAEAEAEA  帧尾:AEAEAEAE]
[2026-04-02 17:38:48.751] 在线连接:   1  |  收到数据:    27692 B  |  解析完整帧:    989 帧  |  发送帧:    989 帧  (   51428 B)  [帧头:EAEAEAEA  帧尾:AEAEAEAE]
[2026-04-02 17:38:49.752] 在线连接:   1  |  收到数据:    26124 B  |  解析完整帧:    933 帧  |  发送帧:    933 帧  (   48516 B)  [帧头:EAEAEAEA  帧尾:AEAEAEAE]
[2026-04-02 17:38:50.753] 在线连接:   1  |  收到数据:    27384 B  |  解析完整帧:    978 帧  |  发送帧:    978 帧  (   50856 B)  [帧头:EAEAEAEA  帧尾:AEAEAEAE]
[2026-04-02 17:38:51.753] 在线连接:   1  |  收到数据:    27524 B  |  解析完整帧:    983 帧  |  发送帧:    983 帧  (   51116 B)  [帧头:EAEAEAEA  帧尾:AEAEAEAE]
[2026-04-02 17:38:52.754] 在线连接:   1  |  收到数据:    28028 B  |  解析完整帧:   1001 帧  |  发送帧:   1000 帧  (   52000 B)  [帧头:EAEAEAEA  帧尾:AEAEAEAE]
[2026-04-02 17:38:53.754] 在线连接:   1  |  收到数据:    28000 B  |  解析完整帧:   1000 帧  |  发送帧:   1001 帧  (   52052 B)  [帧头:EAEAEAEA  帧尾:AEAEAEAE]
[2026-04-02 17:38:54.755] 在线连接:   1  |  收到数据:    26852 B  |  解析完整帧:    959 帧  |  发送帧:    959 帧  (   49868 B)  [帧头:EAEAEAEA  帧尾:AEAEAEAE]
[2026-04-02 17:38:55.757] 在线连接:   1  |  收到数据:    27944 B  |  解析完整帧:    998 帧  |  发送帧:    998 帧  (   51896 B)  [帧头:EAEAEAEA  帧尾:AEAEAEAE]
[2026-04-02 17:38:56.758] 在线连接:   1  |  收到数据:    28028 B  |  解析完整帧:   1001 帧  |  发送帧:   1001 帧  (   52052 B)  [帧头:EAEAEAEA  帧尾:AEAEAEAE]
[2026-04-02 17:38:57.759] 在线连接:   1  |  收到数据:    27916 B  |  解析完整帧:    997 帧  |  发送帧:    997 帧  (   51844 B)  [帧头:EAEAEAEA  帧尾:AEAEAEAE]
[2026-04-02 17:38:58.760] 在线连接:   1  |  收到数据:    24388 B  |  解析完整帧:    871 帧  |  发送帧:    870 帧  (   45240 B)  [帧头:EAEAEAEA  帧尾:AEAEAEAE]
[2026-04-02 17:38:59.761] 在线连接:   1  |  收到数据:    28028 B  |  解析完整帧:   1001 帧  |  发送帧:   1002 帧  (   52104 B)  [帧头:EAEAEAEA  帧尾:AEAEAEAE]
[2026-04-02 17:39:00.761] 在线连接:   1  |  收到数据:    27944 B  |  解析完整帧:    998 帧  |  发送帧:    998 帧  (   51896 B)  [帧头:EAEAEAEA  帧尾:AEAEAEAE]
[2026-04-02 17:39:01.762] 在线连接:   1  |  收到数据:    28028 B  |  解析完整帧:   1001 帧  |  发送帧:   1001 帧  (   52052 B)  [帧头:EAEAEAEA  帧尾:AEAEAEAE]
[2026-04-02 17:39:02.763] 在线连接:   1  |  收到数据:    27244 B  |  解析完整帧:    973 帧  |  发送帧:    973 帧  (   50596 B)  [帧头:EAEAEAEA  帧尾:AEAEAEAE]
[2026-04-02 17:39:03.763] 在线连接:   1  |  收到数据:    28028 B  |  解析完整帧:   1001 帧  |  发送帧:   1001 帧  (   52052 B)  [帧头:EAEAEAEA  帧尾:AEAEAEAE]
[2026-04-02 17:39:04.764] 在线连接:   1  |  收到数据:    27776 B  |  解析完整帧:    992 帧  |  发送帧:    992 帧  (   51584 B)  [帧头:EAEAEAEA  帧尾:AEAEAEAE]
[2026-04-02 17:39:05.765] 在线连接:   1  |  收到数据:    27524 B  |  解析完整帧:    983 帧  |  发送帧:    983 帧  (   51116 B)  [帧头:EAEAEAEA  帧尾:AEAEAEAE]
[2026-04-02 17:39:06.767] 在线连接:   1  |  收到数据:    27552 B  |  解析完整帧:    984 帧  |  发送帧:    984 帧  (   51168 B)  [帧头:EAEAEAEA  帧尾:AEAEAEAE]
[2026-04-02 17:39:07.792] 在线连接:   1  |  收到数据:    28112 B  |  解析完整帧:   1004 帧  |  发送帧:   1004 帧  (   52208 B)  [帧头:EAEAEAEA  帧尾:AEAEAEAE]
[2026-04-02 17:39:08.813] 在线连接:   1  |  收到数据:    26992 B  |  解析完整帧:    964 帧  |  发送帧:    964 帧  (   50128 B)  [帧头:EAEAEAEA  帧尾:AEAEAEAE]
[2026-04-02 17:39:09.814] 在线连接:   1  |  收到数据:    28028 B  |  解析完整帧:   1001 帧  |  发送帧:   1001 帧  (   52052 B)  [帧头:EAEAEAEA  帧尾:AEAEAEAE]
[2026-04-02 17:39:10.815] 在线连接:   1  |  收到数据:    26348 B  |  解析完整帧:    941 帧  |  发送帧:    941 帧  (   48932 B)  [帧头:EAEAEAEA  帧尾:AEAEAEAE]
[2026-04-02 17:39:11.816] 在线连接:   1  |  收到数据:    27720 B  |  解析完整帧:    990 帧  |  发送帧:    990 帧  (   51480 B)  [帧头:EAEAEAEA  帧尾:AEAEAEAE]
[2026-04-02 17:39:12.817] 在线连接:   1  |  收到数据:    28028 B  |  解析完整帧:   1001 帧  |  发送帧:   1000 帧  (   52000 B)  [帧头:EAEAEAEA  帧尾:AEAEAEAE]
[2026-04-02 17:39:13.817] 在线连接:   1  |  收到数据:    27944 B  |  解析完整帧:    998 帧  |  发送帧:    999 帧  (   51948 B)  [帧头:EAEAEAEA  帧尾:AEAEAEAE]
[2026-04-02 17:39:14.818] 在线连接:   1  |  收到数据:    27832 B  |  解析完整帧:    994 帧  |  发送帧:    994 帧  (   51688 B)  [帧头:EAEAEAEA  帧尾:AEAEAEAE]
[2026-04-02 17:39:15.819] 在线连接:   1  |  收到数据:    28028 B  |  解析完整帧:   1001 帧  |  发送帧:   1000 帧  (   52000 B)  [帧头:EAEAEAEA  帧尾:AEAEAEAE]
[2026-04-02 17:39:16.820] 在线连接:   1  |  收到数据:    28000 B  |  解析完整帧:   1000 帧  |  发送帧:   1001 帧  (   52052 B)  [帧头:EAEAEAEA  帧尾:AEAEAEAE]
[2026-04-02 17:39:17.821] 在线连接:   1  |  收到数据:    28028 B  |  解析完整帧:   1001 帧  |  发送帧:   1001 帧  (   52052 B)  [帧头:EAEAEAEA  帧尾:AEAEAEAE]
[2026-04-02 17:39:18.822] 在线连接:   1  |  收到数据:    28056 B  |  解析完整帧:   1002 帧  |  发送帧:   1002 帧  (   52104 B)  [帧头:EAEAEAEA  帧尾:AEAEAEAE]
[2026-04-02 17:39:19.823] 在线连接:   1  |  收到数据:    28000 B  |  解析完整帧:   1000 帧  |  发送帧:   1000 帧  (   52000 B)  [帧头:EAEAEAEA  帧尾:AEAEAEAE]
[2026-04-02 17:39:20.824] 在线连接:   1  |  收到数据:    27972 B  |  解析完整帧:    999 帧  |  发送帧:    999 帧  (   51948 B)  [帧头:EAEAEAEA  帧尾:AEAEAEAE]
[2026-04-02 17:39:21.825] 在线连接:   1  |  收到数据:    28028 B  |  解析完整帧:   1001 帧  |  发送帧:   1001 帧  (   52052 B)  [帧头:EAEAEAEA  帧尾:AEAEAEAE]
[2026-04-02 17:39:22.826] 在线连接:   1  |  收到数据:    27104 B  |  解析完整帧:    968 帧  |  发送帧:    968 帧  (   50336 B)  [帧头:EAEAEAEA  帧尾:AEAEAEAE]
[2026-04-02 17:39:23.827] 在线连接:   1  |  收到数据:    27496 B  |  解析完整帧:    982 帧  |  发送帧:    982 帧  (   51064 B)  [帧头:EAEAEAEA  帧尾:AEAEAEAE]
[2026-04-02 17:39:24.828] 在线连接:   1  |  收到数据:    27916 B  |  解析完整帧:    997 帧  |  发送帧:    997 帧  (   51844 B)  [帧头:EAEAEAEA  帧尾:AEAEAEAE]
[2026-04-02 17:39:25.828] 在线连接:   1  |  收到数据:    27916 B  |  解析完整帧:    997 帧  |  发送帧:    997 帧  (   51844 B)  [帧头:EAEAEAEA  帧尾:AEAEAEAE]
[2026-04-02 17:39:26.829] 在线连接:   1  |  收到数据:    28028 B  |  解析完整帧:   1001 帧  |  发送帧:   1001 帧  (   52052 B)  [帧头:EAEAEAEA  帧尾:AEAEAEAE]
[2026-04-02 17:39:27.830] 在线连接:   1  |  收到数据:    27468 B  |  解析完整帧:    981 帧  |  发送帧:    981 帧  (   51012 B)  [帧头:EAEAEAEA  帧尾:AEAEAEAE]
[2026-04-02 17:39:28.830] 在线连接:   1  |  收到数据:    27860 B  |  解析完整帧:    995 帧  |  发送帧:    995 帧  (   51740 B)  [帧头:EAEAEAEA  帧尾:AEAEAEAE]
[2026-04-02 17:39:29.831] 在线连接:   1  |  收到数据:    28028 B  |  解析完整帧:   1001 帧  |  发送帧:   1001 帧  (   52052 B)  [帧头:EAEAEAEA  帧尾:AEAEAEAE]
[2026-04-02 17:39:30.832] 在线连接:   1  |  收到数据:    28028 B  |  解析完整帧:   1001 帧  |  发送帧:   1001 帧  (   52052 B)  [帧头:EAEAEAEA  帧尾:AEAEAEAE]
[2026-04-02 17:39:31.833] 在线连接:   1  |  收到数据:    27104 B  |  解析完整帧:    968 帧  |  发送帧:    968 帧  (   50336 B)  [帧头:EAEAEAEA  帧尾:AEAEAEAE]
[2026-04-02 17:39:32.834] 在线连接:   1  |  收到数据:    28028 B  |  解析完整帧:   1001 帧  |  发送帧:   1001 帧  (   52052 B)  [帧头:EAEAEAEA  帧尾:AEAEAEAE]
[2026-04-02 17:39:33.834] 在线连接:   1  |  收到数据:    28028 B  |  解析完整帧:   1001 帧  |  发送帧:   1001 帧  (   52052 B)  [帧头:EAEAEAEA  帧尾:AEAEAEAE]
[2026-04-02 17:39:34.836] 在线连接:   1  |  收到数据:    28028 B  |  解析完整帧:   1001 帧  |  发送帧:   1001 帧  (   52052 B)  [帧头:EAEAEAEA  帧尾:AEAEAEAE]
[2026-04-02 17:39:35.837] 在线连接:   1  |  收到数据:    28056 B  |  解析完整帧:   1002 帧  |  发送帧:   1001 帧  (   52052 B)  [帧头:EAEAEAEA  帧尾:AEAEAEAE]
[2026-04-02 17:39:36.838] 在线连接:   1  |  收到数据:    27580 B  |  解析完整帧:    985 帧  |  发送帧:    985 帧  (   51220 B)  [帧头:EAEAEAEA  帧尾:AEAEAEAE]
[2026-04-02 17:39:37.840] 在线连接:   1  |  收到数据:    28028 B  |  解析完整帧:   1001 帧  |  发送帧:   1002 帧  (   52104 B)  [帧头:EAEAEAEA  帧尾:AEAEAEAE]
[2026-04-02 17:39:38.841] 在线连接:   1  |  收到数据:    28028 B  |  解析完整帧:   1001 帧  |  发送帧:   1001 帧  (   52052 B)  [帧头:EAEAEAEA  帧尾:AEAEAEAE]
[2026-04-02 17:39:39.842] 在线连接:   1  |  收到数据:    27356 B  |  解析完整帧:    977 帧  |  发送帧:    977 帧  (   50804 B)  [帧头:EAEAEAEA  帧尾:AEAEAEAE]
[2026-04-02 17:39:40.843] 在线连接:   1  |  收到数据:    28028 B  |  解析完整帧:   1001 帧  |  发送帧:   1001 帧  (   52052 B)  [帧头:EAEAEAEA  帧尾:AEAEAEAE]
[2026-04-02 17:39:41.844] 在线连接:   1  |  收到数据:    28028 B  |  解析完整帧:   1001 帧  |  发送帧:   1001 帧  (   52052 B)  [帧头:EAEAEAEA  帧尾:AEAEAEAE]
[2026-04-02 17:39:42.845] 在线连接:   1  |  收到数据:    27860 B  |  解析完整帧:    995 帧  |  发送帧:    995 帧  (   51740 B)  [帧头:EAEAEAEA  帧尾:AEAEAEAE]
[2026-04-02 17:39:43.845] 在线连接:   1  |  收到数据:    28028 B  |  解析完整帧:   1001 帧  |  发送帧:   1001 帧  (   52052 B)  [帧头:EAEAEAEA  帧尾:AEAEAEAE]
[2026-04-02 17:39:44.847] 在线连接:   1  |  收到数据:    28028 B  |  解析完整帧:   1001 帧  |  发送帧:   1001 帧  (   52052 B)  [帧头:EAEAEAEA  帧尾:AEAEAEAE]
[2026-04-02 17:39:45.848] 在线连接:   1  |  收到数据:    28028 B  |  解析完整帧:   1001 帧  |  发送帧:   1001 帧  (   52052 B)  [帧头:EAEAEAEA  帧尾:AEAEAEAE]
[2026-04-02 17:39:46.849] 在线连接:   1  |  收到数据:    27048 B  |  解析完整帧:    966 帧  |  发送帧:    966 帧  (   50232 B)  [帧头:EAEAEAEA  帧尾:AEAEAEAE]
[2026-04-02 17:39:47.850] 在线连接:   1  |  收到数据:    28056 B  |  解析完整帧:   1002 帧  |  发送帧:   1002 帧  (   52104 B)  [帧头:EAEAEAEA  帧尾:AEAEAEAE]
[2026-04-02 17:39:48.850] 在线连接:   1  |  收到数据:    28000 B  |  解析完整帧:   1000 帧  |  发送帧:   1000 帧  (   52000 B)  [帧头:EAEAEAEA  帧尾:AEAEAEAE]
[2026-04-02 17:39:49.851] 在线连接:   1  |  收到数据:    28028 B  |  解析完整帧:   1001 帧  |  发送帧:   1001 帧  (   52052 B)  [帧头:EAEAEAEA  帧尾:AEAEAEAE]
[2026-04-02 17:39:50.852] 在线连接:   1  |  收到数据:    28028 B  |  解析完整帧:   1001 帧  |  发送帧:   1000 帧  (   52000 B)  [帧头:EAEAEAEA  帧尾:AEAEAEAE]
[2026-04-02 17:39:51.853] 在线连接:   1  |  收到数据:    27888 B  |  解析完整帧:    996 帧  |  发送帧:    997 帧  (   51844 B)  [帧头:EAEAEAEA  帧尾:AEAEAEAE]
[2026-04-02 17:39:52.853] 在线连接:   1  |  收到数据:    28028 B  |  解析完整帧:   1001 帧  |  发送帧:   1000 帧  (   52000 B)  [帧头:EAEAEAEA  帧尾:AEAEAEAE]
[2026-04-02 17:39:53.854] 在线连接:   1  |  收到数据:    28028 B  |  解析完整帧:   1001 帧  |  发送帧:   1002 帧  (   52104 B)  [帧头:EAEAEAEA  帧尾:AEAEAEAE]
[2026-04-02 17:39:54.855] 在线连接:   1  |  收到数据:    28000 B  |  解析完整帧:   1000 帧  |  发送帧:   1000 帧  (   52000 B)  [帧头:EAEAEAEA  帧尾:AEAEAEAE]
[2026-04-02 17:39:55.855] 在线连接:   1  |  收到数据:    28028 B  |  解析完整帧:   1001 帧  |  发送帧:   1001 帧  (   52052 B)  [帧头:EAEAEAEA  帧尾:AEAEAEAE]
[2026-04-02 17:39:56.856] 在线连接:   1  |  收到数据:    28000 B  |  解析完整帧:   1000 帧  |  发送帧:   1000 帧  (   52000 B)  [帧头:EAEAEAEA  帧尾:AEAEAEAE]
[2026-04-02 17:39:57.857] 在线连接:   1  |  收到数据:    27972 B  |  解析完整帧:    999 帧  |  发送帧:    999 帧  (   51948 B)  [帧头:EAEAEAEA  帧尾:AEAEAEAE]
[2026-04-02 17:39:58.858] 在线连接:   1  |  收到数据:    28028 B  |  解析完整帧:   1001 帧  |  发送帧:   1000 帧  (   52000 B)  [帧头:EAEAEAEA  帧尾:AEAEAEAE]
[2026-04-02 17:39:59.859] 在线连接:   1  |  收到数据:    26936 B  |  解析完整帧:    962 帧  |  发送帧:    963 帧  (   50076 B)  [帧头:EAEAEAEA  帧尾:AEAEAEAE]
[2026-04-02 17:40:00.860] 在线连接:   1  |  收到数据:    28028 B  |  解析完整帧:   1001 帧  |  发送帧:   1001 帧  (   52052 B)  [帧头:EAEAEAEA  帧尾:AEAEAEAE]
[2026-04-02 17:40:01.861] 在线连接:   1  |  收到数据:    28028 B  |  解析完整帧:   1001 帧  |  发送帧:   1001 帧  (   52052 B)  [帧头:EAEAEAEA  帧尾:AEAEAEAE]
[2026-04-02 17:40:02.861] 在线连接:   1  |  收到数据:    28028 B  |  解析完整帧:   1001 帧  |  发送帧:   1001 帧  (   52052 B)  [帧头:EAEAEAEA  帧尾:AEAEAEAE]
[2026-04-02 17:40:03.862] 在线连接:   1  |  收到数据:    28000 B  |  解析完整帧:   1000 帧  |  发送帧:   1000 帧  (   52000 B)  [帧头:EAEAEAEA  帧尾:AEAEAEAE]
[2026-04-02 17:40:04.863] 在线连接:   1  |  收到数据:    28028 B  |  解析完整帧:   1001 帧  |  发送帧:   1001 帧  (   52052 B)  [帧头:EAEAEAEA  帧尾:AEAEAEAE]
[2026-04-02 17:40:05.864] 在线连接:   1  |  收到数据:    28028 B  |  解析完整帧:   1001 帧  |  发送帧:   1001 帧  (   52052 B)  [帧头:EAEAEAEA  帧尾:AEAEAEAE]
[2026-04-02 17:40:06.864] 在线连接:   1  |  收到数据:    28028 B  |  解析完整帧:   1001 帧  |  发送帧:   1001 帧  (   52052 B)  [帧头:EAEAEAEA  帧尾:AEAEAEAE]
[2026-04-02 17:40:07.865] 在线连接:   1  |  收到数据:    28028 B  |  解析完整帧:   1001 帧  |  发送帧:   1000 帧  (   52000 B)  [帧头:EAEAEAEA  帧尾:AEAEAEAE]
[2026-04-02 17:40:08.866] 在线连接:   1  |  收到数据:    28000 B  |  解析完整帧:   1000 帧  |  发送帧:   1001 帧  (   52052 B)  [帧头:EAEAEAEA  帧尾:AEAEAEAE]
[2026-04-02 17:40:09.867] 在线连接:   1  |  收到数据:    28028 B  |  解析完整帧:   1001 帧  |  发送帧:   1001 帧  (   52052 B)  [帧头:EAEAEAEA  帧尾:AEAEAEAE]
[2026-04-02 17:40:10.867] 在线连接:   1  |  收到数据:    28028 B  |  解析完整帧:   1001 帧  |  发送帧:   1001 帧  (   52052 B)  [帧头:EAEAEAEA  帧尾:AEAEAEAE]
[2026-04-02 17:40:11.868] 在线连接:   1  |  收到数据:    28000 B  |  解析完整帧:   1000 帧  |  发送帧:   1000 帧  (   52000 B)  [帧头:EAEAEAEA  帧尾:AEAEAEAE]
[2026-04-02 17:40:12.869] 在线连接:   1  |  收到数据:    28028 B  |  解析完整帧:   1001 帧  |  发送帧:   1001 帧  (   52052 B)  [帧头:EAEAEAEA  帧尾:AEAEAEAE]
[2026-04-02 17:40:13.869] 在线连接:   1  |  收到数据:    28028 B  |  解析完整帧:   1001 帧  |  发送帧:   1000 帧  (   52000 B)  [帧头:EAEAEAEA  帧尾:AEAEAEAE]
[2026-04-02 17:40:14.870] 在线连接:   1  |  收到数据:    28000 B  |  解析完整帧:   1000 帧  |  发送帧:   1001 帧  (   52052 B)  [帧头:EAEAEAEA  帧尾:AEAEAEAE]
[2026-04-02 17:40:15.871] 在线连接:   1  |  收到数据:    28028 B  |  解析完整帧:   1001 帧  |  发送帧:   1001 帧  (   52052 B)  [帧头:EAEAEAEA  帧尾:AEAEAEAE]
[2026-04-02 17:40:16.872] 在线连接:   1  |  收到数据:    28028 B  |  解析完整帧:   1001 帧  |  发送帧:   1001 帧  (   52052 B)  [帧头:EAEAEAEA  帧尾:AEAEAEAE]
[2026-04-02 17:40:17.873] 在线连接:   1  |  收到数据:    28028 B  |  解析完整帧:   1001 帧  |  发送帧:   1001 帧  (   52052 B)  [帧头:EAEAEAEA  帧尾:AEAEAEAE]
[2026-04-02 17:40:18.874] 在线连接:   1  |  收到数据:    27720 B  |  解析完整帧:    990 帧  |  发送帧:    990 帧  (   51480 B)  [帧头:EAEAEAEA  帧尾:AEAEAEAE]
[2026-04-02 17:40:19.874] 在线连接:   1  |  收到数据:    28028 B  |  解析完整帧:   1001 帧  |  发送帧:   1001 帧  (   52052 B)  [帧头:EAEAEAEA  帧尾:AEAEAEAE]
[2026-04-02 17:40:20.875] 在线连接:   1  |  收到数据:    27972 B  |  解析完整帧:    999 帧  |  发送帧:    999 帧  (   51948 B)  [帧头:EAEAEAEA  帧尾:AEAEAEAE]
[2026-04-02 17:40:21.876] 在线连接:   1  |  收到数据:    28028 B  |  解析完整帧:   1001 帧  |  发送帧:   1001 帧  (   52052 B)  [帧头:EAEAEAEA  帧尾:AEAEAEAE]
[2026-04-02 17:40:22.877] 在线连接:   1  |  收到数据:    28000 B  |  解析完整帧:   1000 帧  |  发送帧:   1000 帧  (   52000 B)  [帧头:EAEAEAEA  帧尾:AEAEAEAE]
[2026-04-02 17:40:23.878] 在线连接:   1  |  收到数据:    28028 B  |  解析完整帧:   1001 帧  |  发送帧:   1001 帧  (   52052 B)  [帧头:EAEAEAEA  帧尾:AEAEAEAE]
[2026-04-02 17:40:24.878] 在线连接:   1  |  收到数据:    28028 B  |  解析完整帧:   1001 帧  |  发送帧:   1001 帧  (   52052 B)  [帧头:EAEAEAEA  帧尾:AEAEAEAE]
[2026-04-02 17:40:25.879] 在线连接:   1  |  收到数据:    28028 B  |  解析完整帧:   1001 帧  |  发送帧:   1000 帧  (   52000 B)  [帧头:EAEAEAEA  帧尾:AEAEAEAE]
[2026-04-02 17:40:26.879] 在线连接:   1  |  收到数据:    27944 B  |  解析完整帧:    998 帧  |  发送帧:    999 帧  (   51948 B)  [帧头:EAEAEAEA  帧尾:AEAEAEAE]
[2026-04-02 17:40:27.881] 在线连接:   1  |  收到数据:    28056 B  |  解析完整帧:   1002 帧  |  发送帧:   1001 帧  (   52052 B)  [帧头:EAEAEAEA  帧尾:AEAEAEAE]
[2026-04-02 17:40:28.882] 在线连接:   1  |  收到数据:    28028 B  |  解析完整帧:   1001 帧  |  发送帧:   1001 帧  (   52052 B)  [帧头:EAEAEAEA  帧尾:AEAEAEAE]
[2026-04-02 17:40:29.883] 在线连接:   1  |  收到数据:    28028 B  |  解析完整帧:   1001 帧  |  发送帧:   1002 帧  (   52104 B)  [帧头:EAEAEAEA  帧尾:AEAEAEAE]
[2026-04-02 17:40:30.884] 在线连接:   1  |  收到数据:    28028 B  |  解析完整帧:   1001 帧  |  发送帧:   1000 帧  (   52000 B)  [帧头:EAEAEAEA  帧尾:AEAEAEAE]
[2026-04-02 17:40:31.885] 在线连接:   1  |  收到数据:    28000 B  |  解析完整帧:   1000 帧  |  发送帧:   1001 帧  (   52052 B)  [帧头:EAEAEAEA  帧尾:AEAEAEAE]
[2026-04-02 17:40:32.886] 在线连接:   1  |  收到数据:    28028 B  |  解析完整帧:   1001 帧  |  发送帧:   1001 帧  (   52052 B)  [帧头:EAEAEAEA  帧尾:AEAEAEAE]
[2026-04-02 17:40:33.886] 在线连接:   1  |  收到数据:    27916 B  |  解析完整帧:    997 帧  |  发送帧:    997 帧  (   51844 B)  [帧头:EAEAEAEA  帧尾:AEAEAEAE]
[2026-04-02 17:40:34.887] 在线连接:   1  |  收到数据:    28028 B  |  解析完整帧:   1001 帧  |  发送帧:   1001 帧  (   52052 B)  [帧头:EAEAEAEA  帧尾:AEAEAEAE]
[2026-04-02 17:40:35.888] 在线连接:   1  |  收到数据:    28028 B  |  解析完整帧:   1001 帧  |  发送帧:   1001 帧  (   52052 B)  [帧头:EAEAEAEA  帧尾:AEAEAEAE]
[2026-04-02 17:40:36.889] 在线连接:   1  |  收到数据:    27188 B  |  解析完整帧:    971 帧  |  发送帧:    971 帧  (   50492 B)  [帧头:EAEAEAEA  帧尾:AEAEAEAE]
[2026-04-02 17:40:37.890] 在线连接:   1  |  收到数据:    28028 B  |  解析完整帧:   1001 帧  |  发送帧:   1001 帧  (   52052 B)  [帧头:EAEAEAEA  帧尾:AEAEAEAE]
[2026-04-02 17:40:38.890] 在线连接:   1  |  收到数据:    28028 B  |  解析完整帧:   1001 帧  |  发送帧:   1001 帧  (   52052 B)  [帧头:EAEAEAEA  帧尾:AEAEAEAE]
[2026-04-02 17:40:39.891] 在线连接:   1  |  收到数据:    28028 B  |  解析完整帧:   1001 帧  |  发送帧:   1001 帧  (   52052 B)  [帧头:EAEAEAEA  帧尾:AEAEAEAE]
[2026-04-02 17:40:40.892] 在线连接:   1  |  收到数据:    28028 B  |  解析完整帧:   1001 帧  |  发送帧:   1000 帧  (   52000 B)  [帧头:EAEAEAEA  帧尾:AEAEAEAE]
[2026-04-02 17:40:41.893] 在线连接:   1  |  收到数据:    27804 B  |  解析完整帧:    993 帧  |  发送帧:    994 帧  (   51688 B)  [帧头:EAEAEAEA  帧尾:AEAEAEAE]
[2026-04-02 17:40:42.893] 在线连接:   1  |  收到数据:    28028 B  |  解析完整帧:   1001 帧  |  发送帧:   1001 帧  (   52052 B)  [帧头:EAEAEAEA  帧尾:AEAEAEAE]
[2026-04-02 17:40:43.894] 在线连接:   1  |  收到数据:    28028 B  |  解析完整帧:   1001 帧  |  发送帧:   1001 帧  (   52052 B)  [帧头:EAEAEAEA  帧尾:AEAEAEAE]
[2026-04-02 17:40:44.895] 在线连接:   1  |  收到数据:    28000 B  |  解析完整帧:   1000 帧  |  发送帧:   1000 帧  (   52000 B)  [帧头:EAEAEAEA  帧尾:AEAEAEAE]
[2026-04-02 17:40:45.895] 在线连接:   1  |  收到数据:    27636 B  |  解析完整帧:    987 帧  |  发送帧:    987 帧  (   51324 B)  [帧头:EAEAEAEA  帧尾:AEAEAEAE]
[2026-04-02 17:40:46.896] 在线连接:   1  |  收到数据:    28028 B  |  解析完整帧:   1001 帧  |  发送帧:   1001 帧  (   52052 B)  [帧头:EAEAEAEA  帧尾:AEAEAEAE]
[2026-04-02 17:40:47.898] 在线连接:   1  |  收到数据:    28056 B  |  解析完整帧:   1002 帧  |  发送帧:   1002 帧  (   52104 B)  [帧头:EAEAEAEA  帧尾:AEAEAEAE]
[2026-04-02 17:40:48.899] 在线连接:   1  |  收到数据:    28028 B  |  解析完整帧:   1001 帧  |  发送帧:   1000 帧  (   52000 B)  [帧头:EAEAEAEA  帧尾:AEAEAEAE]
[2026-04-02 17:40:49.899] 在线连接:   1  |  收到数据:    28000 B  |  解析完整帧:   1000 帧  |  发送帧:   1001 帧  (   52052 B)  [帧头:EAEAEAEA  帧尾:AEAEAEAE]
[2026-04-02 17:40:50.900] 在线连接:   1  |  收到数据:    28028 B  |  解析完整帧:   1001 帧  |  发送帧:   1001 帧  (   52052 B)  [帧头:EAEAEAEA  帧尾:AEAEAEAE]
[2026-04-02 17:40:51.901] 在线连接:   1  |  收到数据:    28028 B  |  解析完整帧:   1001 帧  |  发送帧:   1001 帧  (   52052 B)  [帧头:EAEAEAEA  帧尾:AEAEAEAE]
[2026-04-02 17:40:52.902] 在线连接:   1  |  收到数据:    27972 B  |  解析完整帧:    999 帧  |  发送帧:    999 帧  (   51948 B)  [帧头:EAEAEAEA  帧尾:AEAEAEAE]
[2026-04-02 17:40:53.902] 在线连接:   1  |  收到数据:    28000 B  |  解析完整帧:   1000 帧  |  发送帧:   1000 帧  (   52000 B)  [帧头:EAEAEAEA  帧尾:AEAEAEAE]
[2026-04-02 17:40:54.903] 在线连接:   1  |  收到数据:    27832 B  |  解析完整帧:    994 帧  |  发送帧:    994 帧  (   51688 B)  [帧头:EAEAEAEA  帧尾:AEAEAEAE]
[2026-04-02 17:40:55.904] 在线连接:   1  |  收到数据:    27860 B  |  解析完整帧:    995 帧  |  发送帧:    995 帧  (   51740 B)  [帧头:EAEAEAEA  帧尾:AEAEAEAE]
[2026-04-02 17:40:56.905] 在线连接:   1  |  收到数据:    28028 B  |  解析完整帧:   1001 帧  |  发送帧:   1001 帧  (   52052 B)  [帧头:EAEAEAEA  帧尾:AEAEAEAE]
[2026-04-02 17:40:57.905] 在线连接:   1  |  收到数据:    28028 B  |  解析完整帧:   1001 帧  |  发送帧:   1000 帧  (   52000 B)  [帧头:EAEAEAEA  帧尾:AEAEAEAE]
[2026-04-02 17:40:58.907] 在线连接:   1  |  收到数据:    28028 B  |  解析完整帧:   1001 帧  |  发送帧:   1002 帧  (   52104 B)  [帧头:EAEAEAEA  帧尾:AEAEAEAE]
[2026-04-02 17:40:59.908] 在线连接:   1  |  收到数据:    25480 B  |  解析完整帧:    910 帧  |  发送帧:    910 帧  (   47320 B)  [帧头:EAEAEAEA  帧尾:AEAEAEAE]
[2026-04-02 17:41:00.908] 在线连接:   1  |  收到数据:    27384 B  |  解析完整帧:    978 帧  |  发送帧:    978 帧  (   50856 B)  [帧头:EAEAEAEA  帧尾:AEAEAEAE]
[2026-04-02 17:41:01.909] 在线连接:   1  |  收到数据:    27552 B  |  解析完整帧:    984 帧  |  发送帧:    984 帧  (   51168 B)  [帧头:EAEAEAEA  帧尾:AEAEAEAE]
[2026-04-02 17:41:02.910] 在线连接:   1  |  收到数据:    25844 B  |  解析完整帧:    923 帧  |  发送帧:    923 帧  (   47996 B)  [帧头:EAEAEAEA  帧尾:AEAEAEAE]
[2026-04-02 17:41:03.911] 在线连接:   1  |  收到数据:    27944 B  |  解析完整帧:    998 帧  |  发送帧:    998 帧  (   51896 B)  [帧头:EAEAEAEA  帧尾:AEAEAEAE]
[2026-04-02 17:41:04.912] 在线连接:   1  |  收到数据:    28028 B  |  解析完整帧:   1001 帧  |  发送帧:   1001 帧  (   52052 B)  [帧头:EAEAEAEA  帧尾:AEAEAEAE]
[2026-04-02 17:41:05.922] 在线连接:   1  |  收到数据:    25844 B  |  解析完整帧:    923 帧  |  发送帧:    923 帧  (   47996 B)  [帧头:EAEAEAEA  帧尾:AEAEAEAE]
[2026-04-02 17:41:06.939] 在线连接:   1  |  收到数据:    27888 B  |  解析完整帧:    996 帧  |  发送帧:    996 帧  (   51792 B)  [帧头:EAEAEAEA  帧尾:AEAEAEAE]
[2026-04-02 17:41:07.940] 在线连接:   1  |  收到数据:    28028 B  |  解析完整帧:   1001 帧  |  发送帧:   1001 帧  (   52052 B)  [帧头:EAEAEAEA  帧尾:AEAEAEAE]
[2026-04-02 17:41:08.941] 在线连接:   1  |  收到数据:    28028 B  |  解析完整帧:   1001 帧  |  发送帧:   1001 帧  (   52052 B)  [帧头:EAEAEAEA  帧尾:AEAEAEAE]
[2026-04-02 17:41:09.941] 在线连接:   1  |  收到数据:    28000 B  |  解析完整帧:   1000 帧  |  发送帧:   1000 帧  (   52000 B)  [帧头:EAEAEAEA  帧尾:AEAEAEAE]
[2026-04-02 17:41:10.942] 在线连接:   1  |  收到数据:    27328 B  |  解析完整帧:    976 帧  |  发送帧:    976 帧  (   50752 B)  [帧头:EAEAEAEA  帧尾:AEAEAEAE]
[2026-04-02 17:41:11.943] 在线连接:   1  |  收到数据:    28028 B  |  解析完整帧:   1001 帧  |  发送帧:   1001 帧  (   52052 B)  [帧头:EAEAEAEA  帧尾:AEAEAEAE]
[2026-04-02 17:41:12.944] 在线连接:   1  |  收到数据:    28000 B  |  解析完整帧:   1000 帧  |  发送帧:   1000 帧  (   52000 B)  [帧头:EAEAEAEA  帧尾:AEAEAEAE]
[2026-04-02 17:41:13.945] 在线连接:   1  |  收到数据:    27496 B  |  解析完整帧:    982 帧  |  发送帧:    982 帧  (   51064 B)  [帧头:EAEAEAEA  帧尾:AEAEAEAE]
[2026-04-02 17:41:14.945] 在线连接:   1  |  收到数据:    28028 B  |  解析完整帧:   1001 帧  |  发送帧:   1001 帧  (   52052 B)  [帧头:EAEAEAEA  帧尾:AEAEAEAE]
[2026-04-02 17:41:15.947] 在线连接:   1  |  收到数据:    27468 B  |  解析完整帧:    981 帧  |  发送帧:    981 帧  (   51012 B)  [帧头:EAEAEAEA  帧尾:AEAEAEAE]
[2026-04-02 17:41:16.948] 在线连接:   1  |  收到数据:    28028 B  |  解析完整帧:   1001 帧  |  发送帧:   1001 帧  (   52052 B)  [帧头:EAEAEAEA  帧尾:AEAEAEAE]
[2026-04-02 17:41:17.949] 在线连接:   1  |  收到数据:    28000 B  |  解析完整帧:   1000 帧  |  发送帧:   1000 帧  (   52000 B)  [帧头:EAEAEAEA  帧尾:AEAEAEAE]
[2026-04-02 17:41:18.949] 在线连接:   1  |  收到数据:    26796 B  |  解析完整帧:    957 帧  |  发送帧:    957 帧  (   49764 B)  [帧头:EAEAEAEA  帧尾:AEAEAEAE]
[2026-04-02 17:41:19.950] 在线连接:   1  |  收到数据:    28028 B  |  解析完整帧:   1001 帧  |  发送帧:   1001 帧  (   52052 B)  [帧头:EAEAEAEA  帧尾:AEAEAEAE]
[2026-04-02 17:41:20.951] 在线连接:   1  |  收到数据:    27636 B  |  解析完整帧:    987 帧  |  发送帧:    987 帧  (   51324 B)  [帧头:EAEAEAEA  帧尾:AEAEAEAE]
[2026-04-02 17:41:21.951] 在线连接:   1  |  收到数据:    28028 B  |  解析完整帧:   1001 帧  |  发送帧:   1001 帧  (   52052 B)  [帧头:EAEAEAEA  帧尾:AEAEAEAE]
[2026-04-02 17:41:22.953] 在线连接:   1  |  收到数据:    27720 B  |  解析完整帧:    990 帧  |  发送帧:    989 帧  (   51428 B)  [帧头:EAEAEAEA  帧尾:AEAEAEAE]
[2026-04-02 17:41:23.953] 在线连接:   1  |  收到数据:    28000 B  |  解析完整帧:   1000 帧  |  发送帧:   1001 帧  (   52052 B)  [帧头:EAEAEAEA  帧尾:AEAEAEAE]
[2026-04-02 17:41:24.954] 在线连接:   1  |  收到数据:    28028 B  |  解析完整帧:   1001 帧  |  发送帧:   1001 帧  (   52052 B)  [帧头:EAEAEAEA  帧尾:AEAEAEAE]
[2026-04-02 17:41:25.955] 在线连接:   1  |  收到数据:    28028 B  |  解析完整帧:   1001 帧  |  发送帧:   1001 帧  (   52052 B)  [帧头:EAEAEAEA  帧尾:AEAEAEAE]
[2026-04-02 17:41:26.956] 在线连接:   1  |  收到数据:    27804 B  |  解析完整帧:    993 帧  |  发送帧:    993 帧  (   51636 B)  [帧头:EAEAEAEA  帧尾:AEAEAEAE]
[2026-04-02 17:41:27.956] 在线连接:   1  |  收到数据:    28000 B  |  解析完整帧:   1000 帧  |  发送帧:   1000 帧  (   52000 B)  [帧头:EAEAEAEA  帧尾:AEAEAEAE]
[2026-04-02 17:41:28.957] 在线连接:   1  |  收到数据:    27888 B  |  解析完整帧:    996 帧  |  发送帧:    996 帧  (   51792 B)  [帧头:EAEAEAEA  帧尾:AEAEAEAE]
[2026-04-02 17:41:29.958] 在线连接:   1  |  收到数据:    28056 B  |  解析完整帧:   1002 帧  |  发送帧:   1002 帧  (   52104 B)  [帧头:EAEAEAEA  帧尾:AEAEAEAE]
[2026-04-02 17:41:30.959] 在线连接:   1  |  收到数据:    28028 B  |  解析完整帧:   1001 帧  |  发送帧:   1000 帧  (   52000 B)  [帧头:EAEAEAEA  帧尾:AEAEAEAE]
[2026-04-02 17:41:31.960] 在线连接:   1  |  收到数据:    28028 B  |  解析完整帧:   1001 帧  |  发送帧:   1001 帧  (   52052 B)  [帧头:EAEAEAEA  帧尾:AEAEAEAE]
[2026-04-02 17:41:32.961] 在线连接:   1  |  收到数据:    28028 B  |  解析完整帧:   1001 帧  |  发送帧:   1002 帧  (   52104 B)  [帧头:EAEAEAEA  帧尾:AEAEAEAE]
[2026-04-02 17:41:33.970] 在线连接:   1  |  收到数据:    27748 B  |  解析完整帧:    991 帧  |  发送帧:    991 帧  (   51532 B)  [帧头:EAEAEAEA  帧尾:AEAEAEAE]
[2026-04-02 17:41:34.984] 在线连接:   1  |  收到数据:    28112 B  |  解析完整帧:   1004 帧  |  发送帧:   1004 帧  (   52208 B)  [帧头:EAEAEAEA  帧尾:AEAEAEAE]
[2026-04-02 17:41:35.985] 在线连接:   1  |  收到数据:    27440 B  |  解析完整帧:    980 帧  |  发送帧:    979 帧  (   50908 B)  [帧头:EAEAEAEA  帧尾:AEAEAEAE]
[2026-04-02 17:41:36.986] 在线连接:   1  |  收到数据:    28000 B  |  解析完整帧:   1000 帧  |  发送帧:   1001 帧  (   52052 B)  [帧头:EAEAEAEA  帧尾:AEAEAEAE]
[2026-04-02 17:41:37.986] 在线连接:   1  |  收到数据:    27972 B  |  解析完整帧:    999 帧  |  发送帧:    999 帧  (   51948 B)  [帧头:EAEAEAEA  帧尾:AEAEAEAE]
[2026-04-02 17:41:38.988] 在线连接:   1  |  收到数据:    27552 B  |  解析完整帧:    984 帧  |  发送帧:    984 帧  (   51168 B)  [帧头:EAEAEAEA  帧尾:AEAEAEAE]
[2026-04-02 17:41:39.988] 在线连接:   1  |  收到数据:    28028 B  |  解析完整帧:   1001 帧  |  发送帧:   1001 帧  (   52052 B)  [帧头:EAEAEAEA  帧尾:AEAEAEAE]
[2026-04-02 17:41:40.989] 在线连接:   1  |  收到数据:    28028 B  |  解析完整帧:   1001 帧  |  发送帧:   1001 帧  (   52052 B)  [帧头:EAEAEAEA  帧尾:AEAEAEAE]
[2026-04-02 17:41:41.990] 在线连接:   1  |  收到数据:    27636 B  |  解析完整帧:    987 帧  |  发送帧:    987 帧  (   51324 B)  [帧头:EAEAEAEA  帧尾:AEAEAEAE]
[2026-04-02 17:41:42.990] 在线连接:   1  |  收到数据:    27580 B  |  解析完整帧:    985 帧  |  发送帧:    985 帧  (   51220 B)  [帧头:EAEAEAEA  帧尾:AEAEAEAE]
[2026-04-02 17:41:43.991] 在线连接:   1  |  收到数据:    27860 B  |  解析完整帧:    995 帧  |  发送帧:    995 帧  (   51740 B)  [帧头:EAEAEAEA  帧尾:AEAEAEAE]
[2026-04-02 17:41:44.992] 在线连接:   1  |  收到数据:    27776 B  |  解析完整帧:    992 帧  |  发送帧:    992 帧  (   51584 B)  [帧头:EAEAEAEA  帧尾:AEAEAEAE]
[2026-04-02 17:41:45.993] 在线连接:   1  |  收到数据:    26404 B  |  解析完整帧:    943 帧  |  发送帧:    943 帧  (   49036 B)  [帧头:EAEAEAEA  帧尾:AEAEAEAE]
[2026-04-02 17:41:46.994] 在线连接:   1  |  收到数据:    27244 B  |  解析完整帧:    973 帧  |  发送帧:    973 帧  (   50596 B)  [帧头:EAEAEAEA  帧尾:AEAEAEAE]
[2026-04-02 17:41:47.995] 在线连接:   1  |  收到数据:    28000 B  |  解析完整帧:   1000 帧  |  发送帧:   1000 帧  (   52000 B)  [帧头:EAEAEAEA  帧尾:AEAEAEAE]
[2026-04-02 17:41:48.996] 在线连接:   1  |  收到数据:    27020 B  |  解析完整帧:    965 帧  |  发送帧:    965 帧  (   50180 B)  [帧头:EAEAEAEA  帧尾:AEAEAEAE]
[2026-04-02 17:41:49.998] 在线连接:   1  |  收到数据:    27944 B  |  解析完整帧:    998 帧  |  发送帧:    998 帧  (   51896 B)  [帧头:EAEAEAEA  帧尾:AEAEAEAE]
[2026-04-02 17:41:50.999] 在线连接:   1  |  收到数据:    28028 B  |  解析完整帧:   1001 帧  |  发送帧:   1001 帧  (   52052 B)  [帧头:EAEAEAEA  帧尾:AEAEAEAE]
[2026-04-02 17:41:52.000] 在线连接:   1  |  收到数据:    27636 B  |  解析完整帧:    987 帧  |  发送帧:    987 帧  (   51324 B)  [帧头:EAEAEAEA  帧尾:AEAEAEAE]
[2026-04-02 17:41:53.001] 在线连接:   1  |  收到数据:    27972 B  |  解析完整帧:    999 帧  |  发送帧:    999 帧  (   51948 B)  [帧头:EAEAEAEA  帧尾:AEAEAEAE]
[2026-04-02 17:41:54.001] 在线连接:   1  |  收到数据:    28028 B  |  解析完整帧:   1001 帧  |  发送帧:   1001 帧  (   52052 B)  [帧头:EAEAEAEA  帧尾:AEAEAEAE]
[2026-04-02 17:41:55.002] 在线连接:   1  |  收到数据:    28028 B  |  解析完整帧:   1001 帧  |  发送帧:   1000 帧  (   52000 B)  [帧头:EAEAEAEA  帧尾:AEAEAEAE]
[2026-04-02 17:41:56.003] 在线连接:   1  |  收到数据:    28028 B  |  解析完整帧:   1001 帧  |  发送帧:   1002 帧  (   52104 B)  [帧头:EAEAEAEA  帧尾:AEAEAEAE]
[2026-04-02 17:41:57.004] 在线连接:   1  |  收到数据:    27944 B  |  解析完整帧:    998 帧  |  发送帧:    998 帧  (   51896 B)  [帧头:EAEAEAEA  帧尾:AEAEAEAE]
[2026-04-02 17:41:58.004] 在线连接:   1  |  收到数据:    28000 B  |  解析完整帧:   1000 帧  |  发送帧:   1000 帧  (   52000 B)  [帧头:EAEAEAEA  帧尾:AEAEAEAE]
[2026-04-02 17:41:59.007] 在线连接:   1  |  收到数据:    28084 B  |  解析完整帧:   1003 帧  |  发送帧:   1003 帧  (   52156 B)  [帧头:EAEAEAEA  帧尾:AEAEAEAE]
[2026-04-02 17:42:00.009] 在线连接:   1  |  收到数据:    27692 B  |  解析完整帧:    989 帧  |  发送帧:    989 帧  (   51428 B)  [帧头:EAEAEAEA  帧尾:AEAEAEAE]
[2026-04-02 17:42:01.010] 在线连接:   1  |  收到数据:    28000 B  |  解析完整帧:   1000 帧  |  发送帧:   1000 帧  (   52000 B)  [帧头:EAEAEAEA  帧尾:AEAEAEAE]
[2026-04-02 17:42:02.010] 在线连接:   1  |  收到数据:    28028 B  |  解析完整帧:   1001 帧  |  发送帧:   1001 帧  (   52052 B)  [帧头:EAEAEAEA  帧尾:AEAEAEAE]
[2026-04-02 17:42:03.011] 在线连接:   1  |  收到数据:    28028 B  |  解析完整帧:   1001 帧  |  发送帧:   1001 帧  (   52052 B)  [帧头:EAEAEAEA  帧尾:AEAEAEAE]
[2026-04-02 17:42:04.012] 在线连接:   1  |  收到数据:    28028 B  |  解析完整帧:   1001 帧  |  发送帧:   1001 帧  (   52052 B)  [帧头:EAEAEAEA  帧尾:AEAEAEAE]
[2026-04-02 17:42:05.014] 在线连接:   1  |  收到数据:    28028 B  |  解析完整帧:   1001 帧  |  发送帧:   1001 帧  (   52052 B)  [帧头:EAEAEAEA  帧尾:AEAEAEAE]
[2026-04-02 17:42:06.014] 在线连接:   1  |  收到数据:    28028 B  |  解析完整帧:   1001 帧  |  发送帧:   1001 帧  (   52052 B)  [帧头:EAEAEAEA  帧尾:AEAEAEAE]
[2026-04-02 17:42:07.016] 在线连接:   1  |  收到数据:    28028 B  |  解析完整帧:   1001 帧  |  发送帧:   1001 帧  (   52052 B)  [帧头:EAEAEAEA  帧尾:AEAEAEAE]
[2026-04-02 17:42:08.016] 在线连接:   1  |  收到数据:    28028 B  |  解析完整帧:   1001 帧  |  发送帧:   1001 帧  (   52052 B)  [帧头:EAEAEAEA  帧尾:AEAEAEAE]
[2026-04-02 17:42:09.017] 在线连接:   1  |  收到数据:    28028 B  |  解析完整帧:   1001 帧  |  发送帧:   1001 帧  (   52052 B)  [帧头:EAEAEAEA  帧尾:AEAEAEAE]
[2026-04-02 17:42:10.018] 在线连接:   1  |  收到数据:    26908 B  |  解析完整帧:    961 帧  |  发送帧:    961 帧  (   49972 B)  [帧头:EAEAEAEA  帧尾:AEAEAEAE]
[2026-04-02 17:42:11.020] 在线连接:   1  |  收到数据:    28028 B  |  解析完整帧:   1001 帧  |  发送帧:   1001 帧  (   52052 B)  [帧头:EAEAEAEA  帧尾:AEAEAEAE]
[2026-04-02 17:42:12.021] 在线连接:   1  |  收到数据:    28028 B  |  解析完整帧:   1001 帧  |  发送帧:   1001 帧  (   52052 B)  [帧头:EAEAEAEA  帧尾:AEAEAEAE]
[2026-04-02 17:42:13.022] 在线连接:   1  |  收到数据:    27972 B  |  解析完整帧:    999 帧  |  发送帧:    999 帧  (   51948 B)  [帧头:EAEAEAEA  帧尾:AEAEAEAE]
[2026-04-02 17:42:14.023] 在线连接:   1  |  收到数据:    28028 B  |  解析完整帧:   1001 帧  |  发送帧:   1001 帧  (   52052 B)  [帧头:EAEAEAEA  帧尾:AEAEAEAE]
[2026-04-02 17:42:15.023] 在线连接:   1  |  收到数据:    28000 B  |  解析完整帧:   1000 帧  |  发送帧:   1000 帧  (   52000 B)  [帧头:EAEAEAEA  帧尾:AEAEAEAE]
[2026-04-02 17:42:16.025] 在线连接:   1  |  收到数据:    28056 B  |  解析完整帧:   1002 帧  |  发送帧:   1002 帧  (   52104 B)  [帧头:EAEAEAEA  帧尾:AEAEAEAE]
[2026-04-02 17:42:17.026] 在线连接:   1  |  收到数据:    28028 B  |  解析完整帧:   1001 帧  |  发送帧:   1001 帧  (   52052 B)  [帧头:EAEAEAEA  帧尾:AEAEAEAE]
[2026-04-02 17:42:18.027] 在线连接:   1  |  收到数据:    28028 B  |  解析完整帧:   1001 帧  |  发送帧:   1001 帧  (   52052 B)  [帧头:EAEAEAEA  帧尾:AEAEAEAE]
[2026-04-02 17:42:19.028] 在线连接:   1  |  收到数据:    28028 B  |  解析完整帧:   1001 帧  |  发送帧:   1001 帧  (   52052 B)  [帧头:EAEAEAEA  帧尾:AEAEAEAE]
[2026-04-02 17:42:20.029] 在线连接:   1  |  收到数据:    28028 B  |  解析完整帧:   1001 帧  |  发送帧:   1001 帧  (   52052 B)  [帧头:EAEAEAEA  帧尾:AEAEAEAE]
[2026-04-02 17:42:21.030] 在线连接:   1  |  收到数据:    28028 B  |  解析完整帧:   1001 帧  |  发送帧:   1000 帧  (   52000 B)  [帧头:EAEAEAEA  帧尾:AEAEAEAE]
[2026-04-02 17:42:22.030] 在线连接:   1  |  收到数据:    27524 B  |  解析完整帧:    983 帧  |  发送帧:    984 帧  (   51168 B)  [帧头:EAEAEAEA  帧尾:AEAEAEAE]
[2026-04-02 17:42:23.031] 在线连接:   1  |  收到数据:    27832 B  |  解析完整帧:    994 帧  |  发送帧:    994 帧  (   51688 B)  [帧头:EAEAEAEA  帧尾:AEAEAEAE]
[2026-04-02 17:42:24.032] 在线连接:   1  |  收到数据:    28028 B  |  解析完整帧:   1001 帧  |  发送帧:   1001 帧  (   52052 B)  [帧头:EAEAEAEA  帧尾:AEAEAEAE]
[2026-04-02 17:42:25.033] 在线连接:   1  |  收到数据:    28028 B  |  解析完整帧:   1001 帧  |  发送帧:   1001 帧  (   52052 B)  [帧头:EAEAEAEA  帧尾:AEAEAEAE]
[2026-04-02 17:42:26.034] 在线连接:   1  |  收到数据:    28028 B  |  解析完整帧:   1001 帧  |  发送帧:   1001 帧  (   52052 B)  [帧头:EAEAEAEA  帧尾:AEAEAEAE]
[2026-04-02 17:42:27.035] 在线连接:   1  |  收到数据:    28028 B  |  解析完整帧:   1001 帧  |  发送帧:   1001 帧  (   52052 B)  [帧头:EAEAEAEA  帧尾:AEAEAEAE]
[2026-04-02 17:42:28.036] 在线连接:   1  |  收到数据:    28028 B  |  解析完整帧:   1001 帧  |  发送帧:   1001 帧  (   52052 B)  [帧头:EAEAEAEA  帧尾:AEAEAEAE]
[2026-04-02 17:42:29.036] 在线连接:   1  |  收到数据:    28000 B  |  解析完整帧:   1000 帧  |  发送帧:   1000 帧  (   52000 B)  [帧头:EAEAEAEA  帧尾:AEAEAEAE]
[2026-04-02 17:42:30.037] 在线连接:   1  |  收到数据:    27972 B  |  解析完整帧:    999 帧  |  发送帧:    999 帧  (   51948 B)  [帧头:EAEAEAEA  帧尾:AEAEAEAE]
[2026-04-02 17:42:31.038] 在线连接:   1  |  收到数据:    28028 B  |  解析完整帧:   1001 帧  |  发送帧:   1000 帧  (   52000 B)  [帧头:EAEAEAEA  帧尾:AEAEAEAE]
[2026-04-02 17:42:32.038] 在线连接:   1  |  收到数据:    27776 B  |  解析完整帧:    992 帧  |  发送帧:    992 帧  (   51584 B)  [帧头:EAEAEAEA  帧尾:AEAEAEAE]
[2026-04-02 17:42:33.039] 在线连接:   1  |  收到数据:    27748 B  |  解析完整帧:    991 帧  |  发送帧:    992 帧  (   51584 B)  [帧头:EAEAEAEA  帧尾:AEAEAEAE]
[2026-04-02 17:42:34.040] 在线连接:   1  |  收到数据:    27888 B  |  解析完整帧:    996 帧  |  发送帧:    996 帧  (   51792 B)  [帧头:EAEAEAEA  帧尾:AEAEAEAE]
[2026-04-02 17:42:35.042] 在线连接:   1  |  收到数据:    28056 B  |  解析完整帧:   1002 帧  |  发送帧:   1002 帧  (   52104 B)  [帧头:EAEAEAEA  帧尾:AEAEAEAE]
[2026-04-02 17:42:36.043] 在线连接:   1  |  收到数据:    28028 B  |  解析完整帧:   1001 帧  |  发送帧:   1001 帧  (   52052 B)  [帧头:EAEAEAEA  帧尾:AEAEAEAE]
[2026-04-02 17:42:37.043] 在线连接:   1  |  收到数据:    24948 B  |  解析完整帧:    891 帧  |  发送帧:    890 帧  (   46280 B)  [帧头:EAEAEAEA  帧尾:AEAEAEAE]
[2026-04-02 17:42:38.044] 在线连接:   1  |  收到数据:    26488 B  |  解析完整帧:    946 帧  |  发送帧:    947 帧  (   49244 B)  [帧头:EAEAEAEA  帧尾:AEAEAEAE]
[2026-04-02 17:42:39.045] 在线连接:   1  |  收到数据:    27384 B  |  解析完整帧:    978 帧  |  发送帧:    978 帧  (   50856 B)  [帧头:EAEAEAEA  帧尾:AEAEAEAE]
[2026-04-02 17:42:40.046] 在线连接:   1  |  收到数据:    28028 B  |  解析完整帧:   1001 帧  |  发送帧:   1000 帧  (   52000 B)  [帧头:EAEAEAEA  帧尾:AEAEAEAE]
[2026-04-02 17:42:41.046] 在线连接:   1  |  收到数据:    27888 B  |  解析完整帧:    996 帧  |  发送帧:    997 帧  (   51844 B)  [帧头:EAEAEAEA  帧尾:AEAEAEAE]
[2026-04-02 17:42:42.047] 在线连接:   1  |  收到数据:    28028 B  |  解析完整帧:   1001 帧  |  发送帧:   1001 帧  (   52052 B)  [帧头:EAEAEAEA  帧尾:AEAEAEAE]
[2026-04-02 17:42:43.048] 在线连接:   1  |  收到数据:    27944 B  |  解析完整帧:    998 帧  |  发送帧:    998 帧  (   51896 B)  [帧头:EAEAEAEA  帧尾:AEAEAEAE]
[2026-04-02 17:42:44.049] 在线连接:   1  |  收到数据:    27944 B  |  解析完整帧:    998 帧  |  发送帧:    998 帧  (   51896 B)  [帧头:EAEAEAEA  帧尾:AEAEAEAE]
[2026-04-02 17:42:45.050] 在线连接:   1  |  收到数据:    28028 B  |  解析完整帧:   1001 帧  |  发送帧:   1001 帧  (   52052 B)  [帧头:EAEAEAEA  帧尾:AEAEAEAE]
[2026-04-02 17:42:46.051] 在线连接:   1  |  收到数据:    28028 B  |  解析完整帧:   1001 帧  |  发送帧:   1001 帧  (   52052 B)  [帧头:EAEAEAEA  帧尾:AEAEAEAE]
[2026-04-02 17:42:47.052] 在线连接:   1  |  收到数据:    26656 B  |  解析完整帧:    952 帧  |  发送帧:    952 帧  (   49504 B)  [帧头:EAEAEAEA  帧尾:AEAEAEAE]
[2026-04-02 17:42:48.053] 在线连接:   1  |  收到数据:    28084 B  |  解析完整帧:   1003 帧  |  发送帧:   1002 帧  (   52104 B)  [帧头:EAEAEAEA  帧尾:AEAEAEAE]
[2026-04-02 17:42:49.055] 在线连接:   1  |  收到数据:    28028 B  |  解析完整帧:   1001 帧  |  发送帧:   1002 帧  (   52104 B)  [帧头:EAEAEAEA  帧尾:AEAEAEAE]
[2026-04-02 17:42:50.056] 在线连接:   1  |  收到数据:    27300 B  |  解析完整帧:    975 帧  |  发送帧:    975 帧  (   50700 B)  [帧头:EAEAEAEA  帧尾:AEAEAEAE]
[2026-04-02 17:42:51.058] 在线连接:   1  |  收到数据:    26068 B  |  解析完整帧:    931 帧  |  发送帧:    931 帧  (   48412 B)  [帧头:EAEAEAEA  帧尾:AEAEAEAE]
[2026-04-02 17:42:52.058] 在线连接:   1  |  收到数据:    26768 B  |  解析完整帧:    956 帧  |  发送帧:    956 帧  (   49712 B)  [帧头:EAEAEAEA  帧尾:AEAEAEAE]
[2026-04-02 17:42:53.059] 在线连接:   1  |  收到数据:    28028 B  |  解析完整帧:   1001 帧  |  发送帧:   1000 帧  (   52000 B)  [帧头:EAEAEAEA  帧尾:AEAEAEAE]
[2026-04-02 17:42:54.060] 在线连接:   1  |  收到数据:    28028 B  |  解析完整帧:   1001 帧  |  发送帧:   1001 帧  (   52052 B)  [帧头:EAEAEAEA  帧尾:AEAEAEAE]
[2026-04-02 17:42:55.061] 在线连接:   1  |  收到数据:    28000 B  |  解析完整帧:   1000 帧  |  发送帧:   1001 帧  (   52052 B)  [帧头:EAEAEAEA  帧尾:AEAEAEAE]
[2026-04-02 17:42:56.061] 在线连接:   1  |  收到数据:    21952 B  |  解析完整帧:    784 帧  |  发送帧:    784 帧  (   40768 B)  [帧头:EAEAEAEA  帧尾:AEAEAEAE]
[2026-04-02 17:42:57.062] 在线连接:   1  |  收到数据:    27384 B  |  解析完整帧:    978 帧  |  发送帧:    978 帧  (   50856 B)  [帧头:EAEAEAEA  帧尾:AEAEAEAE]
[2026-04-02 17:42:58.063] 在线连接:   1  |  收到数据:    26684 B  |  解析完整帧:    953 帧  |  发送帧:    953 帧  (   49556 B)  [帧头:EAEAEAEA  帧尾:AEAEAEAE]
[2026-04-02 17:42:59.063] 在线连接:   1  |  收到数据:    27944 B  |  解析完整帧:    998 帧  |  发送帧:    998 帧  (   51896 B)  [帧头:EAEAEAEA  帧尾:AEAEAEAE]
[2026-04-02 17:43:00.064] 在线连接:   1  |  收到数据:    27944 B  |  解析完整帧:    998 帧  |  发送帧:    998 帧  (   51896 B)  [帧头:EAEAEAEA  帧尾:AEAEAEAE]
[2026-04-02 17:43:01.065] 在线连接:   1  |  收到数据:    27944 B  |  解析完整帧:    998 帧  |  发送帧:    998 帧  (   51896 B)  [帧头:EAEAEAEA  帧尾:AEAEAEAE]
[2026-04-02 17:43:02.066] 在线连接:   1  |  收到数据:    27972 B  |  解析完整帧:    999 帧  |  发送帧:    998 帧  (   51896 B)  [帧头:EAEAEAEA  帧尾:AEAEAEAE]
[2026-04-02 17:43:03.066] 在线连接:   1  |  收到数据:    28000 B  |  解析完整帧:   1000 帧  |  发送帧:   1001 帧  (   52052 B)  [帧头:EAEAEAEA  帧尾:AEAEAEAE]
[2026-04-02 17:43:04.067] 在线连接:   1  |  收到数据:    27440 B  |  解析完整帧:    980 帧  |  发送帧:    980 帧  (   50960 B)  [帧头:EAEAEAEA  帧尾:AEAEAEAE]
[2026-04-02 17:43:05.069] 在线连接:   1  |  收到数据:    28056 B  |  解析完整帧:   1002 帧  |  发送帧:   1002 帧  (   52104 B)  [帧头:EAEAEAEA  帧尾:AEAEAEAE]
[2026-04-02 17:43:06.069] 在线连接:   1  |  收到数据:    28000 B  |  解析完整帧:   1000 帧  |  发送帧:   1000 帧  (   52000 B)  [帧头:EAEAEAEA  帧尾:AEAEAEAE]
[2026-04-02 17:43:07.070] 在线连接:   1  |  收到数据:    28028 B  |  解析完整帧:   1001 帧  |  发送帧:   1001 帧  (   52052 B)  [帧头:EAEAEAEA  帧尾:AEAEAEAE]
[2026-04-02 17:43:08.071] 在线连接:   1  |  收到数据:    28000 B  |  解析完整帧:   1000 帧  |  发送帧:   1000 帧  (   52000 B)  [帧头:EAEAEAEA  帧尾:AEAEAEAE]
[2026-04-02 17:43:09.071] 在线连接:   1  |  收到数据:    28028 B  |  解析完整帧:   1001 帧  |  发送帧:   1001 帧  (   52052 B)  [帧头:EAEAEAEA  帧尾:AEAEAEAE]
[2026-04-02 17:43:10.072] 在线连接:   1  |  收到数据:    28028 B  |  解析完整帧:   1001 帧  |  发送帧:   1000 帧  (   52000 B)  [帧头:EAEAEAEA  帧尾:AEAEAEAE]
[2026-04-02 17:43:11.072] 在线连接:   1  |  收到数据:    27944 B  |  解析完整帧:    998 帧  |  发送帧:    999 帧  (   51948 B)  [帧头:EAEAEAEA  帧尾:AEAEAEAE]
[2026-04-02 17:43:12.073] 在线连接:   1  |  收到数据:    27608 B  |  解析完整帧:    986 帧  |  发送帧:    986 帧  (   51272 B)  [帧头:EAEAEAEA  帧尾:AEAEAEAE]
[2026-04-02 17:43:13.074] 在线连接:   1  |  收到数据:    27944 B  |  解析完整帧:    998 帧  |  发送帧:    998 帧  (   51896 B)  [帧头:EAEAEAEA  帧尾:AEAEAEAE]
[2026-04-02 17:43:14.074] 在线连接:   1  |  收到数据:    28028 B  |  解析完整帧:   1001 帧  |  发送帧:   1001 帧  (   52052 B)  [帧头:EAEAEAEA  帧尾:AEAEAEAE]
[2026-04-02 17:43:15.075] 在线连接:   1  |  收到数据:    28028 B  |  解析完整帧:   1001 帧  |  发送帧:   1001 帧  (   52052 B)  [帧头:EAEAEAEA  帧尾:AEAEAEAE]
[2026-04-02 17:43:16.076] 在线连接:   1  |  收到数据:    28000 B  |  解析完整帧:   1000 帧  |  发送帧:   1000 帧  (   52000 B)  [帧头:EAEAEAEA  帧尾:AEAEAEAE]
[2026-04-02 17:43:17.077] 在线连接:   1  |  收到数据:    28028 B  |  解析完整帧:   1001 帧  |  发送帧:   1001 帧  (   52052 B)  [帧头:EAEAEAEA  帧尾:AEAEAEAE]
[2026-04-02 17:43:18.078] 在线连接:   1  |  收到数据:    28028 B  |  解析完整帧:   1001 帧  |  发送帧:   1001 帧  (   52052 B)  [帧头:EAEAEAEA  帧尾:AEAEAEAE]
[2026-04-02 17:43:19.078] 在线连接:   1  |  收到数据:    28028 B  |  解析完整帧:   1001 帧  |  发送帧:   1001 帧  (   52052 B)  [帧头:EAEAEAEA  帧尾:AEAEAEAE]
[2026-04-02 17:43:20.079] 在线连接:   1  |  收到数据:    27692 B  |  解析完整帧:    989 帧  |  发送帧:    989 帧  (   51428 B)  [帧头:EAEAEAEA  帧尾:AEAEAEAE]
[2026-04-02 17:43:21.082] 在线连接:   1  |  收到数据:    28112 B  |  解析完整帧:   1004 帧  |  发送帧:   1004 帧  (   52208 B)  [帧头:EAEAEAEA  帧尾:AEAEAEAE]
[2026-04-02 17:43:22.084] 在线连接:   1  |  收到数据:    27944 B  |  解析完整帧:    998 帧  |  发送帧:    998 帧  (   51896 B)  [帧头:EAEAEAEA  帧尾:AEAEAEAE]
[2026-04-02 17:43:23.085] 在线连接:   1  |  收到数据:    28028 B  |  解析完整帧:   1001 帧  |  发送帧:   1001 帧  (   52052 B)  [帧头:EAEAEAEA  帧尾:AEAEAEAE]
[2026-04-02 17:43:24.085] 在线连接:   1  |  收到数据:    28028 B  |  解析完整帧:   1001 帧  |  发送帧:   1000 帧  (   52000 B)  [帧头:EAEAEAEA  帧尾:AEAEAEAE]
[2026-04-02 17:43:25.086] 在线连接:   1  |  收到数据:    28000 B  |  解析完整帧:   1000 帧  |  发送帧:   1001 帧  (   52052 B)  [帧头:EAEAEAEA  帧尾:AEAEAEAE]
[2026-04-02 17:43:26.087] 在线连接:   1  |  收到数据:    28028 B  |  解析完整帧:   1001 帧  |  发送帧:   1001 帧  (   52052 B)  [帧头:EAEAEAEA  帧尾:AEAEAEAE]
[2026-04-02 17:43:27.088] 在线连接:   1  |  收到数据:    27944 B  |  解析完整帧:    998 帧  |  发送帧:    998 帧  (   51896 B)  [帧头:EAEAEAEA  帧尾:AEAEAEAE]
[2026-04-02 17:43:28.089] 在线连接:   1  |  收到数据:    28028 B  |  解析完整帧:   1001 帧  |  发送帧:   1001 帧  (   52052 B)  [帧头:EAEAEAEA  帧尾:AEAEAEAE]
[2026-04-02 17:43:29.089] 在线连接:   1  |  收到数据:    27468 B  |  解析完整帧:    981 帧  |  发送帧:    981 帧  (   51012 B)  [帧头:EAEAEAEA  帧尾:AEAEAEAE]
[2026-04-02 17:43:30.090] 在线连接:   1  |  收到数据:    27748 B  |  解析完整帧:    991 帧  |  发送帧:    991 帧  (   51532 B)  [帧头:EAEAEAEA  帧尾:AEAEAEAE]
[2026-04-02 17:43:31.091] 在线连接:   1  |  收到数据:    27804 B  |  解析完整帧:    993 帧  |  发送帧:    992 帧  (   51584 B)  [帧头:EAEAEAEA  帧尾:AEAEAEAE]
[2026-04-02 17:43:32.091] 在线连接:   1  |  收到数据:    28000 B  |  解析完整帧:   1000 帧  |  发送帧:   1001 帧  (   52052 B)  [帧头:EAEAEAEA  帧尾:AEAEAEAE]
[2026-04-02 17:43:33.092] 在线连接:   1  |  收到数据:    27832 B  |  解析完整帧:    994 帧  |  发送帧:    994 帧  (   51688 B)  [帧头:EAEAEAEA  帧尾:AEAEAEAE]
[2026-04-02 17:43:34.093] 在线连接:   1  |  收到数据:    28028 B  |  解析完整帧:   1001 帧  |  发送帧:   1001 帧  (   52052 B)  [帧头:EAEAEAEA  帧尾:AEAEAEAE]
[2026-04-02 17:43:35.094] 在线连接:   1  |  收到数据:    26796 B  |  解析完整帧:    957 帧  |  发送帧:    957 帧  (   49764 B)  [帧头:EAEAEAEA  帧尾:AEAEAEAE]
[2026-04-02 17:43:36.094] 在线连接:   1  |  收到数据:    28028 B  |  解析完整帧:   1001 帧  |  发送帧:   1001 帧  (   52052 B)  [帧头:EAEAEAEA  帧尾:AEAEAEAE]
[2026-04-02 17:43:37.095] 在线连接:   1  |  收到数据:    27944 B  |  解析完整帧:    998 帧  |  发送帧:    998 帧  (   51896 B)  [帧头:EAEAEAEA  帧尾:AEAEAEAE]
[2026-04-02 17:43:38.096] 在线连接:   1  |  收到数据:    28028 B  |  解析完整帧:   1001 帧  |  发送帧:   1001 帧  (   52052 B)  [帧头:EAEAEAEA  帧尾:AEAEAEAE]
[2026-04-02 17:43:39.097] 在线连接:   1  |  收到数据:    28028 B  |  解析完整帧:   1001 帧  |  发送帧:   1001 帧  (   52052 B)  [帧头:EAEAEAEA  帧尾:AEAEAEAE]
[2026-04-02 17:43:40.098] 在线连接:   1  |  收到数据:    28000 B  |  解析完整帧:   1000 帧  |  发送帧:   1000 帧  (   52000 B)  [帧头:EAEAEAEA  帧尾:AEAEAEAE]
[2026-04-02 17:43:41.098] 在线连接:   1  |  收到数据:    27440 B  |  解析完整帧:    980 帧  |  发送帧:    980 帧  (   50960 B)  [帧头:EAEAEAEA  帧尾:AEAEAEAE]
[2026-04-02 17:43:42.099] 在线连接:   1  |  收到数据:    28028 B  |  解析完整帧:   1001 帧  |  发送帧:   1001 帧  (   52052 B)  [帧头:EAEAEAEA  帧尾:AEAEAEAE]
[2026-04-02 17:43:43.100] 在线连接:   1  |  收到数据:    28028 B  |  解析完整帧:   1001 帧  |  发送帧:   1001 帧  (   52052 B)  [帧头:EAEAEAEA  帧尾:AEAEAEAE]
[2026-04-02 17:43:44.101] 在线连接:   1  |  收到数据:    28000 B  |  解析完整帧:   1000 帧  |  发送帧:   1000 帧  (   52000 B)  [帧头:EAEAEAEA  帧尾:AEAEAEAE]
[2026-04-02 17:43:45.101] 在线连接:   1  |  收到数据:    28028 B  |  解析完整帧:   1001 帧  |  发送帧:   1001 帧  (   52052 B)  [帧头:EAEAEAEA  帧尾:AEAEAEAE]
[2026-04-02 17:43:46.102] 在线连接:   1  |  收到数据:    28028 B  |  解析完整帧:   1001 帧  |  发送帧:   1001 帧  (   52052 B)  [帧头:EAEAEAEA  帧尾:AEAEAEAE]
[2026-04-02 17:43:47.103] 在线连接:   1  |  收到数据:    28028 B  |  解析完整帧:   1001 帧  |  发送帧:   1001 帧  (   52052 B)  [帧头:EAEAEAEA  帧尾:AEAEAEAE]
[2026-04-02 17:43:48.103] 在线连接:   1  |  收到数据:    27916 B  |  解析完整帧:    997 帧  |  发送帧:    997 帧  (   51844 B)  [帧头:EAEAEAEA  帧尾:AEAEAEAE]
[2026-04-02 17:43:49.105] 在线连接:   1  |  收到数据:    28028 B  |  解析完整帧:   1001 帧  |  发送帧:   1001 帧  (   52052 B)  [帧头:EAEAEAEA  帧尾:AEAEAEAE]
[2026-04-02 17:43:50.106] 在线连接:   1  |  收到数据:    27580 B  |  解析完整帧:    985 帧  |  发送帧:    985 帧  (   51220 B)  [帧头:EAEAEAEA  帧尾:AEAEAEAE]
[2026-04-02 17:43:51.107] 在线连接:   1  |  收到数据:    28028 B  |  解析完整帧:   1001 帧  |  发送帧:   1001 帧  (   52052 B)  [帧头:EAEAEAEA  帧尾:AEAEAEAE]
[2026-04-02 17:43:52.107] 在线连接:   1  |  收到数据:    28028 B  |  解析完整帧:   1001 帧  |  发送帧:   1001 帧  (   52052 B)  [帧头:EAEAEAEA  帧尾:AEAEAEAE]
[2026-04-02 17:43:53.108] 在线连接:   1  |  收到数据:    27692 B  |  解析完整帧:    989 帧  |  发送帧:    989 帧  (   51428 B)  [帧头:EAEAEAEA  帧尾:AEAEAEAE]
[2026-04-02 17:43:54.109] 在线连接:   1  |  收到数据:    28000 B  |  解析完整帧:   1000 帧  |  发送帧:   1000 帧  (   52000 B)  [帧头:EAEAEAEA  帧尾:AEAEAEAE]
[2026-04-02 17:43:55.110] 在线连接:   1  |  收到数据:    27860 B  |  解析完整帧:    995 帧  |  发送帧:    995 帧  (   51740 B)  [帧头:EAEAEAEA  帧尾:AEAEAEAE]
[2026-04-02 17:43:56.111] 在线连接:   1  |  收到数据:    28028 B  |  解析完整帧:   1001 帧  |  发送帧:   1001 帧  (   52052 B)  [帧头:EAEAEAEA  帧尾:AEAEAEAE]
[2026-04-02 17:43:57.111] 在线连接:   1  |  收到数据:    28028 B  |  解析完整帧:   1001 帧  |  发送帧:   1000 帧  (   52000 B)  [帧头:EAEAEAEA  帧尾:AEAEAEAE]
[2026-04-02 17:43:58.112] 在线连接:   1  |  收到数据:    28028 B  |  解析完整帧:   1001 帧  |  发送帧:   1001 帧  (   52052 B)  [帧头:EAEAEAEA  帧尾:AEAEAEAE]
[2026-04-02 17:43:59.113] 在线连接:   1  |  收到数据:    28000 B  |  解析完整帧:   1000 帧  |  发送帧:   1001 帧  (   52052 B)  [帧头:EAEAEAEA  帧尾:AEAEAEAE]
[2026-04-02 17:44:00.113] 在线连接:   1  |  收到数据:    27860 B  |  解析完整帧:    995 帧  |  发送帧:    995 帧  (   51740 B)  [帧头:EAEAEAEA  帧尾:AEAEAEAE]
[2026-04-02 17:44:01.114] 在线连接:   1  |  收到数据:    27608 B  |  解析完整帧:    986 帧  |  发送帧:    986 帧  (   51272 B)  [帧头:EAEAEAEA  帧尾:AEAEAEAE]
[2026-04-02 17:44:02.115] 在线连接:   1  |  收到数据:    26908 B  |  解析完整帧:    961 帧  |  发送帧:    961 帧  (   49972 B)  [帧头:EAEAEAEA  帧尾:AEAEAEAE]
[2026-04-02 17:44:03.116] 在线连接:   1  |  收到数据:    27804 B  |  解析完整帧:    993 帧  |  发送帧:    993 帧  (   51636 B)  [帧头:EAEAEAEA  帧尾:AEAEAEAE]
[2026-04-02 17:44:04.117] 在线连接:   1  |  收到数据:    27160 B  |  解析完整帧:    970 帧  |  发送帧:    969 帧  (   50388 B)  [帧头:EAEAEAEA  帧尾:AEAEAEAE]
[2026-04-02 17:44:05.120] 在线连接:   1  |  收到数据:    27524 B  |  解析完整帧:    983 帧  |  发送帧:    984 帧  (   51168 B)  [帧头:EAEAEAEA  帧尾:AEAEAEAE]
[2026-04-02 17:44:06.122] 在线连接:   1  |  收到数据:    28028 B  |  解析完整帧:   1001 帧  |  发送帧:   1001 帧  (   52052 B)  [帧头:EAEAEAEA  帧尾:AEAEAEAE]
[2026-04-02 17:44:07.123] 在线连接:   1  |  收到数据:    27804 B  |  解析完整帧:    993 帧  |  发送帧:    993 帧  (   51636 B)  [帧头:EAEAEAEA  帧尾:AEAEAEAE]
[2026-04-02 17:44:08.123] 在线连接:   1  |  收到数据:    27972 B  |  解析完整帧:    999 帧  |  发送帧:    999 帧  (   51948 B)  [帧头:EAEAEAEA  帧尾:AEAEAEAE]
[2026-04-02 17:44:09.124] 在线连接:   1  |  收到数据:    27944 B  |  解析完整帧:    998 帧  |  发送帧:    998 帧  (   51896 B)  [帧头:EAEAEAEA  帧尾:AEAEAEAE]
[2026-04-02 17:44:10.125] 在线连接:   1  |  收到数据:    28000 B  |  解析完整帧:   1000 帧  |  发送帧:   1000 帧  (   52000 B)  [帧头:EAEAEAEA  帧尾:AEAEAEAE]
[2026-04-02 17:44:11.125] 在线连接:   1  |  收到数据:    28028 B  |  解析完整帧:   1001 帧  |  发送帧:   1001 帧  (   52052 B)  [帧头:EAEAEAEA  帧尾:AEAEAEAE]
[2026-04-02 17:44:12.126] 在线连接:   1  |  收到数据:    28028 B  |  解析完整帧:   1001 帧  |  发送帧:   1001 帧  (   52052 B)  [帧头:EAEAEAEA  帧尾:AEAEAEAE]
[2026-04-02 17:44:13.127] 在线连接:   1  |  收到数据:    28028 B  |  解析完整帧:   1001 帧  |  发送帧:   1001 帧  (   52052 B)  [帧头:EAEAEAEA  帧尾:AEAEAEAE]
[2026-04-02 17:44:14.128] 在线连接:   1  |  收到数据:    27580 B  |  解析完整帧:    985 帧  |  发送帧:    985 帧  (   51220 B)  [帧头:EAEAEAEA  帧尾:AEAEAEAE]
[2026-04-02 17:44:15.129] 在线连接:   1  |  收到数据:    27692 B  |  解析完整帧:    989 帧  |  发送帧:    989 帧  (   51428 B)  [帧头:EAEAEAEA  帧尾:AEAEAEAE]
[2026-04-02 17:44:16.129] 在线连接:   1  |  收到数据:    27524 B  |  解析完整帧:    983 帧  |  发送帧:    983 帧  (   51116 B)  [帧头:EAEAEAEA  帧尾:AEAEAEAE]
[2026-04-02 17:44:17.130] 在线连接:   1  |  收到数据:    27496 B  |  解析完整帧:    982 帧  |  发送帧:    982 帧  (   51064 B)  [帧头:EAEAEAEA  帧尾:AEAEAEAE]
[2026-04-02 17:44:18.131] 在线连接:   1  |  收到数据:    27608 B  |  解析完整帧:    986 帧  |  发送帧:    986 帧  (   51272 B)  [帧头:EAEAEAEA  帧尾:AEAEAEAE]
[2026-04-02 17:44:19.132] 在线连接:   1  |  收到数据:    27888 B  |  解析完整帧:    996 帧  |  发送帧:    996 帧  (   51792 B)  [帧头:EAEAEAEA  帧尾:AEAEAEAE]
[2026-04-02 17:44:20.148] 在线连接:   1  |  收到数据:    26460 B  |  解析完整帧:    945 帧  |  发送帧:    945 帧  (   49140 B)  [帧头:EAEAEAEA  帧尾:AEAEAEAE]
[2026-04-02 17:44:21.152] 在线连接:   1  |  收到数据:    25564 B  |  解析完整帧:    913 帧  |  发送帧:    913 帧  (   47476 B)  [帧头:EAEAEAEA  帧尾:AEAEAEAE]
[2026-04-02 17:44:22.155] 在线连接:   1  |  收到数据:    26796 B  |  解析完整帧:    957 帧  |  发送帧:    957 帧  (   49764 B)  [帧头:EAEAEAEA  帧尾:AEAEAEAE]
[2026-04-02 17:44:23.155] 在线连接:   0  |  收到数据:    27244 B  |  解析完整帧:    973 帧  |  发送帧:    973 帧  (   50596 B)  [帧头:EAEAEAEA  帧尾:AEAEAEAE]
[2026-04-02 17:44:24.157] 在线连接:   0  |  收到数据:        0 B  |  解析完整帧:      0 帧  |  发送帧:      0 帧  (       0 B)  [帧头:EAEAEAEA  帧尾:AEAEAEAE]
[2026-04-02 17:44:25.158] 在线连接:   0  |  收到数据:        0 B  |  解析完整帧:      0 帧  |  发送帧:      0 帧  (       0 B)  [帧头:EAEAEAEA  帧尾:AEAEAEAE]
[2026-04-02 17:44:26.163] 在线连接:   0  |  收到数据:        0 B  |  解析完整帧:      0 帧  |  发送帧:      0 帧  (       0 B)  [帧头:EAEAEAEA  帧尾:AEAEAEAE]
[2026-04-02 17:44:27.167] 在线连接:   0  |  收到数据:        0 B  |  解析完整帧:      0 帧  |  发送帧:      0 帧  (       0 B)  [帧头:EAEAEAEA  帧尾:AEAEAEAE]
[2026-04-02 17:44:28.169] 在线连接:   0  |  收到数据:        0 B  |  解析完整帧:      0 帧  |  发送帧:      0 帧  (       0 B)  [帧头:EAEAEAEA  帧尾:AEAEAEAE]
[2026-04-02 17:44:29.170] 在线连接:   0  |  收到数据:        0 B  |  解析完整帧:      0 帧  |  发送帧:      0 帧  (       0 B)  [帧头:EAEAEAEA  帧尾:AEAEAEAE]
[2026-04-02 17:44:30.171] 在线连接:   0  |  收到数据:        0 B  |  解析完整帧:      0 帧  |  发送帧:      0 帧  (       0 B)  [帧头:EAEAEAEA  帧尾:AEAEAEAE]
[2026-04-02 17:44:31.171] 在线连接:   0  |  收到数据:        0 B  |  解析完整帧:      0 帧  |  发送帧:      0 帧  (       0 B)  [帧头:EAEAEAEA  帧尾:AEAEAEAE]
[2026-04-02 17:44:32.172] 在线连接:   0  |  收到数据:        0 B  |  解析完整帧:      0 帧  |  发送帧:      0 帧  (       0 B)  [帧头:EAEAEAEA  帧尾:AEAEAEAE]
[2026-04-02 17:44:33.173] 在线连接:   0  |  收到数据:        0 B  |  解析完整帧:      0 帧  |  发送帧:      0 帧  (       0 B)  [帧头:EAEAEAEA  帧尾:AEAEAEAE]
[2026-04-02 17:44:34.174] 在线连接:   0  |  收到数据:        0 B  |  解析完整帧:      0 帧  |  发送帧:      0 帧  (       0 B)  [帧头:EAEAEAEA  帧尾:AEAEAEAE]
[2026-04-02 17:44:35.174] 在线连接:   0  |  收到数据:        0 B  |  解析完整帧:      0 帧  |  发送帧:      0 帧  (       0 B)  [帧头:EAEAEAEA  帧尾:AEAEAEAE]
[2026-04-02 17:44:36.175] 在线连接:   0  |  收到数据:        0 B  |  解析完整帧:      0 帧  |  发送帧:      0 帧  (       0 B)  [帧头:EAEAEAEA  帧尾:AEAEAEAE]
[2026-04-02 17:44:37.176] 在线连接:   0  |  收到数据:        0 B  |  解析完整帧:      0 帧  |  发送帧:      0 帧  (       0 B)  [帧头:EAEAEAEA  帧尾:AEAEAEAE]
[2026-04-02 17:44:38.184] 在线连接:   0  |  收到数据:        0 B  |  解析完整帧:      0 帧  |  发送帧:      0 帧  (       0 B)  [帧头:EAEAEAEA  帧尾:AEAEAEAE]
[2026-04-02 17:44:39.193] 在线连接:   0  |  收到数据:        0 B  |  解析完整帧:      0 帧  |  发送帧:      0 帧  (       0 B)  [帧头:EAEAEAEA  帧尾:AEAEAEAE]
[2026-04-02 17:44:40.194] 在线连接:   0  |  收到数据:        0 B  |  解析完整帧:      0 帧  |  发送帧:      0 帧  (       0 B)  [帧头:EAEAEAEA  帧尾:AEAEAEAE]
[2026-04-02 17:44:41.194] 在线连接:   0  |  收到数据:        0 B  |  解析完整帧:      0 帧  |  发送帧:      0 帧  (       0 B)  [帧头:EAEAEAEA  帧尾:AEAEAEAE]
[2026-04-02 17:44:42.195] 在线连接:   0  |  收到数据:        0 B  |  解析完整帧:      0 帧  |  发送帧:      0 帧  (       0 B)  [帧头:EAEAEAEA  帧尾:AEAEAEAE]
[2026-04-02 17:44:43.198] 在线连接:   0  |  收到数据:        0 B  |  解析完整帧:      0 帧  |  发送帧:      0 帧  (       0 B)  [帧头:EAEAEAEA  帧尾:AEAEAEAE]
[2026-04-02 17:44:44.200] 在线连接:   0  |  收到数据:        0 B  |  解析完整帧:      0 帧  |  发送帧:      0 帧  (       0 B)  [帧头:EAEAEAEA  帧尾:AEAEAEAE]
[2026-04-02 17:44:45.200] 在线连接:   0  |  收到数据:        0 B  |  解析完整帧:      0 帧  |  发送帧:      0 帧  (       0 B)  [帧头:EAEAEAEA  帧尾:AEAEAEAE]
[2026-04-02 17:44:46.201] 在线连接:   0  |  收到数据:        0 B  |  解析完整帧:      0 帧  |  发送帧:      0 帧  (       0 B)  [帧头:EAEAEAEA  帧尾:AEAEAEAE]
[2026-04-02 17:44:47.202] 在线连接:   0  |  收到数据:        0 B  |  解析完整帧:      0 帧  |  发送帧:      0 帧  (       0 B)  [帧头:EAEAEAEA  帧尾:AEAEAEAE]
[2026-04-02 17:44:48.202] 在线连接:   0  |  收到数据:        0 B  |  解析完整帧:      0 帧  |  发送帧:      0 帧  (       0 B)  [帧头:EAEAEAEA  帧尾:AEAEAEAE]
[2026-04-02 17:44:49.203] 在线连接:   0  |  收到数据:        0 B  |  解析完整帧:      0 帧  |  发送帧:      0 帧  (       0 B)  [帧头:EAEAEAEA  帧尾:AEAEAEAE]
[2026-04-02 17:44:50.204] 在线连接:   0  |  收到数据:        0 B  |  解析完整帧:      0 帧  |  发送帧:      0 帧  (       0 B)  [帧头:EAEAEAEA  帧尾:AEAEAEAE]
[2026-04-02 17:44:51.205] 在线连接:   0  |  收到数据:        0 B  |  解析完整帧:      0 帧  |  发送帧:      0 帧  (       0 B)  [帧头:EAEAEAEA  帧尾:AEAEAEAE]
[2026-04-02 17:44:52.206] 在线连接:   0  |  收到数据:        0 B  |  解析完整帧:      0 帧  |  发送帧:      0 帧  (       0 B)  [帧头:EAEAEAEA  帧尾:AEAEAEAE]
[2026-04-02 17:44:53.207] 在线连接:   0  |  收到数据:        0 B  |  解析完整帧:      0 帧  |  发送帧:      0 帧  (       0 B)  [帧头:EAEAEAEA  帧尾:AEAEAEAE]
[2026-04-02 17:44:54.207] 在线连接:   0  |  收到数据:        0 B  |  解析完整帧:      0 帧  |  发送帧:      0 帧  (       0 B)  [帧头:EAEAEAEA  帧尾:AEAEAEAE]
[2026-04-02 17:44:55.208] 在线连接:   0  |  收到数据:        0 B  |  解析完整帧:      0 帧  |  发送帧:      0 帧  (       0 B)  [帧头:EAEAEAEA  帧尾:AEAEAEAE]
[2026-04-02 17:44:56.208] 在线连接:   0  |  收到数据:        0 B  |  解析完整帧:      0 帧  |  发送帧:      0 帧  (       0 B)  [帧头:EAEAEAEA  帧尾:AEAEAEAE]
[2026-04-02 17:44:57.217] 在线连接:   0  |  收到数据:        0 B  |  解析完整帧:      0 帧  |  发送帧:      0 帧  (       0 B)  [帧头:EAEAEAEA  帧尾:AEAEAEAE]
[2026-04-02 17:44:58.224] 在线连接:   0  |  收到数据:        0 B  |  解析完整帧:      0 帧  |  发送帧:      0 帧  (       0 B)  [帧头:EAEAEAEA  帧尾:AEAEAEAE]
[2026-04-02 17:44:59.225] 在线连接:   0  |  收到数据:        0 B  |  解析完整帧:      0 帧  |  发送帧:      0 帧  (       0 B)  [帧头:EAEAEAEA  帧尾:AEAEAEAE]
[2026-04-02 17:45:00.226] 在线连接:   0  |  收到数据:        0 B  |  解析完整帧:      0 帧  |  发送帧:      0 帧  (       0 B)  [帧头:EAEAEAEA  帧尾:AEAEAEAE]
[2026-04-02 17:45:01.226] 在线连接:   0  |  收到数据:        0 B  |  解析完整帧:      0 帧  |  发送帧:      0 帧  (       0 B)  [帧头:EAEAEAEA  帧尾:AEAEAEAE]
[2026-04-02 17:45:02.227] 在线连接:   0  |  收到数据:        0 B  |  解析完整帧:      0 帧  |  发送帧:      0 帧  (       0 B)  [帧头:EAEAEAEA  帧尾:AEAEAEAE]
[2026-04-02 17:45:03.228] 在线连接:   0  |  收到数据:        0 B  |  解析完整帧:      0 帧  |  发送帧:      0 帧  (       0 B)  [帧头:EAEAEAEA  帧尾:AEAEAEAE]
[2026-04-02 17:45:04.229] 在线连接:   0  |  收到数据:        0 B  |  解析完整帧:      0 帧  |  发送帧:      0 帧  (       0 B)  [帧头:EAEAEAEA  帧尾:AEAEAEAE]
[2026-04-02 17:45:05.229] 在线连接:   0  |  收到数据:        0 B  |  解析完整帧:      0 帧  |  发送帧:      0 帧  (       0 B)  [帧头:EAEAEAEA  帧尾:AEAEAEAE]
[2026-04-02 17:45:06.230] 在线连接:   0  |  收到数据:        0 B  |  解析完整帧:      0 帧  |  发送帧:      0 帧  (       0 B)  [帧头:EAEAEAEA  帧尾:AEAEAEAE]
[2026-04-02 17:45:07.231] 在线连接:   0  |  收到数据:        0 B  |  解析完整帧:      0 帧  |  发送帧:      0 帧  (       0 B)  [帧头:EAEAEAEA  帧尾:AEAEAEAE]
[2026-04-02 17:45:08.232] 在线连接:   0  |  收到数据:        0 B  |  解析完整帧:      0 帧  |  发送帧:      0 帧  (       0 B)  [帧头:EAEAEAEA  帧尾:AEAEAEAE]
[2026-04-02 17:45:09.232] 在线连接:   0  |  收到数据:        0 B  |  解析完整帧:      0 帧  |  发送帧:      0 帧  (       0 B)  [帧头:EAEAEAEA  帧尾:AEAEAEAE]
[2026-04-02 17:45:10.233] 在线连接:   0  |  收到数据:        0 B  |  解析完整帧:      0 帧  |  发送帧:      0 帧  (       0 B)  [帧头:EAEAEAEA  帧尾:AEAEAEAE]
[2026-04-02 17:45:11.234] 在线连接:   0  |  收到数据:        0 B  |  解析完整帧:      0 帧  |  发送帧:      0 帧  (       0 B)  [帧头:EAEAEAEA  帧尾:AEAEAEAE]
[2026-04-02 17:45:12.237] 在线连接:   0  |  收到数据:        0 B  |  解析完整帧:      0 帧  |  发送帧:      0 帧  (       0 B)  [帧头:EAEAEAEA  帧尾:AEAEAEAE]
[2026-04-02 17:45:13.238] 在线连接:   0  |  收到数据:        0 B  |  解析完整帧:      0 帧  |  发送帧:      0 帧  (       0 B)  [帧头:EAEAEAEA  帧尾:AEAEAEAE]
[2026-04-02 17:45:14.240] 在线连接:   0  |  收到数据:        0 B  |  解析完整帧:      0 帧  |  发送帧:      0 帧  (       0 B)  [帧头:EAEAEAEA  帧尾:AEAEAEAE]
[2026-04-02 17:45:15.240] 在线连接:   0  |  收到数据:        0 B  |  解析完整帧:      0 帧  |  发送帧:      0 帧  (       0 B)  [帧头:EAEAEAEA  帧尾:AEAEAEAE]
[2026-04-02 17:45:16.241] 在线连接:   0  |  收到数据:        0 B  |  解析完整帧:      0 帧  |  发送帧:      0 帧  (       0 B)  [帧头:EAEAEAEA  帧尾:AEAEAEAE]
[2026-04-02 17:45:17.242] 在线连接:   0  |  收到数据:        0 B  |  解析完整帧:      0 帧  |  发送帧:      0 帧  (       0 B)  [帧头:EAEAEAEA  帧尾:AEAEAEAE]
[2026-04-02 17:45:18.242] 在线连接:   0  |  收到数据:        0 B  |  解析完整帧:      0 帧  |  发送帧:      0 帧  (       0 B)  [帧头:EAEAEAEA  帧尾:AEAEAEAE]
[2026-04-02 17:45:19.244] 在线连接:   0  |  收到数据:        0 B  |  解析完整帧:      0 帧  |  发送帧:      0 帧  (       0 B)  [帧头:EAEAEAEA  帧尾:AEAEAEAE]
[2026-04-02 17:45:20.244] 在线连接:   0  |  收到数据:        0 B  |  解析完整帧:      0 帧  |  发送帧:      0 帧  (       0 B)  [帧头:EAEAEAEA  帧尾:AEAEAEAE]
[2026-04-02 17:45:21.245] 在线连接:   0  |  收到数据:        0 B  |  解析完整帧:      0 帧  |  发送帧:      0 帧  (       0 B)  [帧头:EAEAEAEA  帧尾:AEAEAEAE]
[2026-04-02 17:45:22.246] 在线连接:   0  |  收到数据:        0 B  |  解析完整帧:      0 帧  |  发送帧:      0 帧  (       0 B)  [帧头:EAEAEAEA  帧尾:AEAEAEAE]
[2026-04-02 17:45:23.247] 在线连接:   0  |  收到数据:        0 B  |  解析完整帧:      0 帧  |  发送帧:      0 帧  (       0 B)  [帧头:EAEAEAEA  帧尾:AEAEAEAE]
[2026-04-02 17:45:24.247] 在线连接:   0  |  收到数据:        0 B  |  解析完整帧:      0 帧  |  发送帧:      0 帧  (       0 B)  [帧头:EAEAEAEA  帧尾:AEAEAEAE]
[2026-04-02 17:45:25.248] 在线连接:   0  |  收到数据:        0 B  |  解析完整帧:      0 帧  |  发送帧:      0 帧  (       0 B)  [帧头:EAEAEAEA  帧尾:AEAEAEAE]
[2026-04-02 17:45:26.249] 在线连接:   0  |  收到数据:        0 B  |  解析完整帧:      0 帧  |  发送帧:      0 帧  (       0 B)  [帧头:EAEAEAEA  帧尾:AEAEAEAE]
[2026-04-02 17:45:27.250] 在线连接:   0  |  收到数据:        0 B  |  解析完整帧:      0 帧  |  发送帧:      0 帧  (       0 B)  [帧头:EAEAEAEA  帧尾:AEAEAEAE]
[2026-04-02 17:45:28.252] 在线连接:   0  |  收到数据:        0 B  |  解析完整帧:      0 帧  |  发送帧:      0 帧  (       0 B)  [帧头:EAEAEAEA  帧尾:AEAEAEAE]
[2026-04-02 17:45:29.253] 在线连接:   0  |  收到数据:        0 B  |  解析完整帧:      0 帧  |  发送帧:      0 帧  (       0 B)  [帧头:EAEAEAEA  帧尾:AEAEAEAE]
[2026-04-02 17:45:30.253] 在线连接:   0  |  收到数据:        0 B  |  解析完整帧:      0 帧  |  发送帧:      0 帧  (       0 B)  [帧头:EAEAEAEA  帧尾:AEAEAEAE]
[2026-04-02 17:45:31.254] 在线连接:   0  |  收到数据:        0 B  |  解析完整帧:      0 帧  |  发送帧:      0 帧  (       0 B)  [帧头:EAEAEAEA  帧尾:AEAEAEAE]
[2026-04-02 17:45:32.255] 在线连接:   0  |  收到数据:        0 B  |  解析完整帧:      0 帧  |  发送帧:      0 帧  (       0 B)  [帧头:EAEAEAEA  帧尾:AEAEAEAE]
[2026-04-02 17:45:33.256] 在线连接:   0  |  收到数据:        0 B  |  解析完整帧:      0 帧  |  发送帧:      0 帧  (       0 B)  [帧头:EAEAEAEA  帧尾:AEAEAEAE]
[2026-04-02 17:45:34.257] 在线连接:   0  |  收到数据:        0 B  |  解析完整帧:      0 帧  |  发送帧:      0 帧  (       0 B)  [帧头:EAEAEAEA  帧尾:AEAEAEAE]
[2026-04-02 17:45:35.257] 在线连接:   0  |  收到数据:        0 B  |  解析完整帧:      0 帧  |  发送帧:      0 帧  (       0 B)  [帧头:EAEAEAEA  帧尾:AEAEAEAE]
[2026-04-02 17:45:36.261] 在线连接:   0  |  收到数据:        0 B  |  解析完整帧:      0 帧  |  发送帧:      0 帧  (       0 B)  [帧头:EAEAEAEA  帧尾:AEAEAEAE]
[2026-04-02 17:45:37.262] 在线连接:   0  |  收到数据:        0 B  |  解析完整帧:      0 帧  |  发送帧:      0 帧  (       0 B)  [帧头:EAEAEAEA  帧尾:AEAEAEAE]
[2026-04-02 17:45:38.263] 在线连接:   0  |  收到数据:        0 B  |  解析完整帧:      0 帧  |  发送帧:      0 帧  (       0 B)  [帧头:EAEAEAEA  帧尾:AEAEAEAE]
[2026-04-02 17:45:39.263] 在线连接:   0  |  收到数据:        0 B  |  解析完整帧:      0 帧  |  发送帧:      0 帧  (       0 B)  [帧头:EAEAEAEA  帧尾:AEAEAEAE]
[2026-04-02 17:45:40.264] 在线连接:   0  |  收到数据:        0 B  |  解析完整帧:      0 帧  |  发送帧:      0 帧  (       0 B)  [帧头:EAEAEAEA  帧尾:AEAEAEAE]
[2026-04-02 17:45:41.265] 在线连接:   0  |  收到数据:        0 B  |  解析完整帧:      0 帧  |  发送帧:      0 帧  (       0 B)  [帧头:EAEAEAEA  帧尾:AEAEAEAE]
[2026-04-02 17:45:42.266] 在线连接:   0  |  收到数据:        0 B  |  解析完整帧:      0 帧  |  发送帧:      0 帧  (       0 B)  [帧头:EAEAEAEA  帧尾:AEAEAEAE]
[2026-04-02 17:45:43.266] 在线连接:   0  |  收到数据:        0 B  |  解析完整帧:      0 帧  |  发送帧:      0 帧  (       0 B)  [帧头:EAEAEAEA  帧尾:AEAEAEAE]
[2026-04-02 17:45:44.267] 在线连接:   0  |  收到数据:        0 B  |  解析完整帧:      0 帧  |  发送帧:      0 帧  (       0 B)  [帧头:EAEAEAEA  帧尾:AEAEAEAE]
[2026-04-02 17:45:45.268] 在线连接:   0  |  收到数据:        0 B  |  解析完整帧:      0 帧  |  发送帧:      0 帧  (       0 B)  [帧头:EAEAEAEA  帧尾:AEAEAEAE]
[2026-04-02 17:45:46.269] 在线连接:   0  |  收到数据:        0 B  |  解析完整帧:      0 帧  |  发送帧:      0 帧  (       0 B)  [帧头:EAEAEAEA  帧尾:AEAEAEAE]
[2026-04-02 17:45:47.270] 在线连接:   0  |  收到数据:        0 B  |  解析完整帧:      0 帧  |  发送帧:      0 帧  (       0 B)  [帧头:EAEAEAEA  帧尾:AEAEAEAE]
[2026-04-02 17:45:48.279] 在线连接:   0  |  收到数据:        0 B  |  解析完整帧:      0 帧  |  发送帧:      0 帧  (       0 B)  [帧头:EAEAEAEA  帧尾:AEAEAEAE]
[2026-04-02 17:45:49.288] 在线连接:   0  |  收到数据:        0 B  |  解析完整帧:      0 帧  |  发送帧:      0 帧  (       0 B)  [帧头:EAEAEAEA  帧尾:AEAEAEAE]
[2026-04-02 17:45:50.289] 在线连接:   0  |  收到数据:        0 B  |  解析完整帧:      0 帧  |  发送帧:      0 帧  (       0 B)  [帧头:EAEAEAEA  帧尾:AEAEAEAE]
[2026-04-02 17:45:51.290] 在线连接:   0  |  收到数据:        0 B  |  解析完整帧:      0 帧  |  发送帧:      0 帧  (       0 B)  [帧头:EAEAEAEA  帧尾:AEAEAEAE]
[2026-04-02 17:45:52.291] 在线连接:   0  |  收到数据:        0 B  |  解析完整帧:      0 帧  |  发送帧:      0 帧  (       0 B)  [帧头:EAEAEAEA  帧尾:AEAEAEAE]
[2026-04-02 17:45:53.292] 在线连接:   0  |  收到数据:        0 B  |  解析完整帧:      0 帧  |  发送帧:      0 帧  (       0 B)  [帧头:EAEAEAEA  帧尾:AEAEAEAE]
[2026-04-02 17:45:54.292] 在线连接:   0  |  收到数据:        0 B  |  解析完整帧:      0 帧  |  发送帧:      0 帧  (       0 B)  [帧头:EAEAEAEA  帧尾:AEAEAEAE]
[2026-04-02 17:45:55.294] 在线连接:   0  |  收到数据:        0 B  |  解析完整帧:      0 帧  |  发送帧:      0 帧  (       0 B)  [帧头:EAEAEAEA  帧尾:AEAEAEAE]
[2026-04-02 17:45:56.294] 在线连接:   0  |  收到数据:        0 B  |  解析完整帧:      0 帧  |  发送帧:      0 帧  (       0 B)  [帧头:EAEAEAEA  帧尾:AEAEAEAE]
[2026-04-02 17:45:57.295] 在线连接:   0  |  收到数据:        0 B  |  解析完整帧:      0 帧  |  发送帧:      0 帧  (       0 B)  [帧头:EAEAEAEA  帧尾:AEAEAEAE]
[2026-04-02 17:45:58.296] 在线连接:   0  |  收到数据:        0 B  |  解析完整帧:      0 帧  |  发送帧:      0 帧  (       0 B)  [帧头:EAEAEAEA  帧尾:AEAEAEAE]
[2026-04-02 17:45:59.297] 在线连接:   1  |  收到数据:        0 B  |  解析完整帧:      0 帧  |  发送帧:      0 帧  (       0 B)  [帧头:EAEAEAEA  帧尾:AEAEAEAE]
[2026-04-02 17:46:00.306] 在线连接:   1  |  收到数据:        0 B  |  解析完整帧:      0 帧  |  发送帧:      0 帧  (       0 B)  [帧头:EAEAEAEA  帧尾:AEAEAEAE]
[2026-04-02 17:46:01.309] 在线连接:   1  |  收到数据:     4396 B  |  解析完整帧:    157 帧  |  发送帧:    157 帧  (    8164 B)  [帧头:EAEAEAEA  帧尾:AEAEAEAE]
[2026-04-02 17:46:02.309] 在线连接:   1  |  收到数据:    28140 B  |  解析完整帧:   1005 帧  |  发送帧:   1005 帧  (   52260 B)  [帧头:EAEAEAEA  帧尾:AEAEAEAE]
[2026-04-02 17:46:03.310] 在线连接:   1  |  收到数据:    28028 B  |  解析完整帧:   1001 帧  |  发送帧:   1001 帧  (   52052 B)  [帧头:EAEAEAEA  帧尾:AEAEAEAE]
[2026-04-02 17:46:04.311] 在线连接:   1  |  收到数据:    28028 B  |  解析完整帧:   1001 帧  |  发送帧:   1001 帧  (   52052 B)  [帧头:EAEAEAEA  帧尾:AEAEAEAE]
[2026-04-02 17:46:05.312] 在线连接:   1  |  收到数据:    28056 B  |  解析完整帧:   1002 帧  |  发送帧:   1002 帧  (   52104 B)  [帧头:EAEAEAEA  帧尾:AEAEAEAE]
[2026-04-02 17:46:06.312] 在线连接:   1  |  收到数据:    27916 B  |  解析完整帧:    997 帧  |  发送帧:    997 帧  (   51844 B)  [帧头:EAEAEAEA  帧尾:AEAEAEAE]
[2026-04-02 17:46:07.314] 在线连接:   1  |  收到数据:    28084 B  |  解析完整帧:   1003 帧  |  发送帧:   1003 帧  (   52156 B)  [帧头:EAEAEAEA  帧尾:AEAEAEAE]
[2026-04-02 17:46:08.324] 在线连接:   1  |  收到数据:    28252 B  |  解析完整帧:   1009 帧  |  发送帧:   1009 帧  (   52468 B)  [帧头:EAEAEAEA  帧尾:AEAEAEAE]
[2026-04-02 17:46:09.325] 在线连接:   1  |  收到数据:    27804 B  |  解析完整帧:    993 帧  |  发送帧:    993 帧  (   51636 B)  [帧头:EAEAEAEA  帧尾:AEAEAEAE]
[2026-04-02 17:46:10.327] 在线连接:   1  |  收到数据:    28364 B  |  解析完整帧:   1013 帧  |  发送帧:   1013 帧  (   52676 B)  [帧头:EAEAEAEA  帧尾:AEAEAEAE]
[2026-04-02 17:46:11.328] 在线连接:   1  |  收到数据:    27916 B  |  解析完整帧:    997 帧  |  发送帧:    997 帧  (   51844 B)  [帧头:EAEAEAEA  帧尾:AEAEAEAE]
[2026-04-02 17:46:12.328] 在线连接:   1  |  收到数据:    27944 B  |  解析完整帧:    998 帧  |  发送帧:    998 帧  (   51896 B)  [帧头:EAEAEAEA  帧尾:AEAEAEAE]
[2026-04-02 17:46:13.329] 在线连接:   1  |  收到数据:    28000 B  |  解析完整帧:   1000 帧  |  发送帧:   1000 帧  (   52000 B)  [帧头:EAEAEAEA  帧尾:AEAEAEAE]
[2026-04-02 17:46:14.331] 在线连接:   1  |  收到数据:    28140 B  |  解析完整帧:   1005 帧  |  发送帧:   1005 帧  (   52260 B)  [帧头:EAEAEAEA  帧尾:AEAEAEAE]
[2026-04-02 17:46:15.332] 在线连接:   1  |  收到数据:    27944 B  |  解析完整帧:    998 帧  |  发送帧:    998 帧  (   51896 B)  [帧头:EAEAEAEA  帧尾:AEAEAEAE]
[2026-04-02 17:46:16.334] 在线连接:   1  |  收到数据:    28112 B  |  解析完整帧:   1004 帧  |  发送帧:   1004 帧  (   52208 B)  [帧头:EAEAEAEA  帧尾:AEAEAEAE]
[2026-04-02 17:46:17.334] 在线连接:   1  |  收到数据:    28028 B  |  解析完整帧:   1001 帧  |  发送帧:   1001 帧  (   52052 B)  [帧头:EAEAEAEA  帧尾:AEAEAEAE]
[2026-04-02 17:46:18.335] 在线连接:   1  |  收到数据:    28028 B  |  解析完整帧:   1001 帧  |  发送帧:   1001 帧  (   52052 B)  [帧头:EAEAEAEA  帧尾:AEAEAEAE]
[2026-04-02 17:46:19.336] 在线连接:   1  |  收到数据:    28028 B  |  解析完整帧:   1001 帧  |  发送帧:   1001 帧  (   52052 B)  [帧头:EAEAEAEA  帧尾:AEAEAEAE]
[2026-04-02 17:46:20.337] 在线连接:   1  |  收到数据:    28056 B  |  解析完整帧:   1002 帧  |  发送帧:    988 帧  (   51376 B)  [帧头:EAEAEAEA  帧尾:AEAEAEAE]
[2026-04-02 17:46:21.338] 在线连接:   1  |  收到数据:    28000 B  |  解析完整帧:   1000 帧  |  发送帧:   1014 帧  (   52728 B)  [帧头:EAEAEAEA  帧尾:AEAEAEAE]
[2026-04-02 17:46:22.339] 在线连接:   1  |  收到数据:    27944 B  |  解析完整帧:    998 帧  |  发送帧:    998 帧  (   51896 B)  [帧头:EAEAEAEA  帧尾:AEAEAEAE]
[2026-04-02 17:46:23.340] 在线连接:   1  |  收到数据:    28140 B  |  解析完整帧:   1005 帧  |  发送帧:   1005 帧  (   52260 B)  [帧头:EAEAEAEA  帧尾:AEAEAEAE]
[2026-04-02 17:46:24.341] 在线连接:   1  |  收到数据:    28028 B  |  解析完整帧:   1001 帧  |  发送帧:    999 帧  (   51948 B)  [帧头:EAEAEAEA  帧尾:AEAEAEAE]
[2026-04-02 17:46:25.342] 在线连接:   1  |  收到数据:    27916 B  |  解析完整帧:    997 帧  |  发送帧:    999 帧  (   51948 B)  [帧头:EAEAEAEA  帧尾:AEAEAEAE]
[2026-04-02 17:46:26.343] 在线连接:   1  |  收到数据:    28140 B  |  解析完整帧:   1005 帧  |  发送帧:   1005 帧  (   52260 B)  [帧头:EAEAEAEA  帧尾:AEAEAEAE]
[2026-04-02 17:46:27.344] 在线连接:   1  |  收到数据:    27888 B  |  解析完整帧:    996 帧  |  发送帧:    996 帧  (   51792 B)  [帧头:EAEAEAEA  帧尾:AEAEAEAE]
[2026-04-02 17:46:28.365] 在线连接:   1  |  收到数据:    28224 B  |  解析完整帧:   1008 帧  |  发送帧:   1008 帧  (   52416 B)  [帧头:EAEAEAEA  帧尾:AEAEAEAE]
[2026-04-02 17:46:29.366] 在线连接:   1  |  收到数据:    28196 B  |  解析完整帧:   1007 帧  |  发送帧:   1007 帧  (   52364 B)  [帧头:EAEAEAEA  帧尾:AEAEAEAE]
[2026-04-02 17:46:30.366] 在线连接:   1  |  收到数据:    28084 B  |  解析完整帧:   1003 帧  |  发送帧:   1003 帧  (   52156 B)  [帧头:EAEAEAEA  帧尾:AEAEAEAE]
[2026-04-02 17:46:31.367] 在线连接:   1  |  收到数据:    28224 B  |  解析完整帧:   1008 帧  |  发送帧:   1008 帧  (   52416 B)  [帧头:EAEAEAEA  帧尾:AEAEAEAE]
[2026-04-02 17:46:32.368] 在线连接:   1  |  收到数据:    28084 B  |  解析完整帧:   1003 帧  |  发送帧:    998 帧  (   51896 B)  [帧头:EAEAEAEA  帧尾:AEAEAEAE]
[2026-04-02 17:46:33.369] 在线连接:   1  |  收到数据:    27944 B  |  解析完整帧:    998 帧  |  发送帧:   1003 帧  (   52156 B)  [帧头:EAEAEAEA  帧尾:AEAEAEAE]
[2026-04-02 17:46:34.369] 在线连接:   1  |  收到数据:    27468 B  |  解析完整帧:    981 帧  |  发送帧:    981 帧  (   51012 B)  [帧头:EAEAEAEA  帧尾:AEAEAEAE]
[2026-04-02 17:46:35.370] 在线连接:   1  |  收到数据:    28644 B  |  解析完整帧:   1023 帧  |  发送帧:   1023 帧  (   53196 B)  [帧头:EAEAEAEA  帧尾:AEAEAEAE]
[2026-04-02 17:46:36.370] 在线连接:   1  |  收到数据:    27972 B  |  解析完整帧:    999 帧  |  发送帧:    999 帧  (   51948 B)  [帧头:EAEAEAEA  帧尾:AEAEAEAE]
[2026-04-02 17:46:37.371] 在线连接:   1  |  收到数据:    28056 B  |  解析完整帧:   1002 帧  |  发送帧:   1002 帧  (   52104 B)  [帧头:EAEAEAEA  帧尾:AEAEAEAE]
[2026-04-02 17:46:38.371] 在线连接:   1  |  收到数据:    28028 B  |  解析完整帧:   1001 帧  |  发送帧:   1000 帧  (   52000 B)  [帧头:EAEAEAEA  帧尾:AEAEAEAE]
[2026-04-02 17:46:39.372] 在线连接:   1  |  收到数据:    27916 B  |  解析完整帧:    997 帧  |  发送帧:    998 帧  (   51896 B)  [帧头:EAEAEAEA  帧尾:AEAEAEAE]
[2026-04-02 17:46:40.374] 在线连接:   1  |  收到数据:    28056 B  |  解析完整帧:   1002 帧  |  发送帧:   1002 帧  (   52104 B)  [帧头:EAEAEAEA  帧尾:AEAEAEAE]
[2026-04-02 17:46:41.375] 在线连接:   1  |  收到数据:    27972 B  |  解析完整帧:    999 帧  |  发送帧:    999 帧  (   51948 B)  [帧头:EAEAEAEA  帧尾:AEAEAEAE]
[2026-04-02 17:46:42.376] 在线连接:   1  |  收到数据:    28140 B  |  解析完整帧:   1005 帧  |  发送帧:   1005 帧  (   52260 B)  [帧头:EAEAEAEA  帧尾:AEAEAEAE]
[2026-04-02 17:46:43.376] 在线连接:   1  |  收到数据:    27972 B  |  解析完整帧:    999 帧  |  发送帧:    999 帧  (   51948 B)  [帧头:EAEAEAEA  帧尾:AEAEAEAE]
[2026-04-02 17:46:44.377] 在线连接:   1  |  收到数据:    27608 B  |  解析完整帧:    986 帧  |  发送帧:    986 帧  (   51272 B)  [帧头:EAEAEAEA  帧尾:AEAEAEAE]
[2026-04-02 17:46:45.378] 在线连接:   1  |  收到数据:    28476 B  |  解析完整帧:   1017 帧  |  发送帧:   1017 帧  (   52884 B)  [帧头:EAEAEAEA  帧尾:AEAEAEAE]
[2026-04-02 17:46:46.379] 在线连接:   1  |  收到数据:    27300 B  |  解析完整帧:    975 帧  |  发送帧:    975 帧  (   50700 B)  [帧头:EAEAEAEA  帧尾:AEAEAEAE]
[2026-04-02 17:46:47.380] 在线连接:   1  |  收到数据:    28420 B  |  解析完整帧:   1015 帧  |  发送帧:   1011 帧  (   52572 B)  [帧头:EAEAEAEA  帧尾:AEAEAEAE]
[2026-04-02 17:46:48.381] 在线连接:   1  |  收到数据:    28364 B  |  解析完整帧:   1013 帧  |  发送帧:   1017 帧  (   52884 B)  [帧头:EAEAEAEA  帧尾:AEAEAEAE]
[2026-04-02 17:46:49.381] 在线连接:   1  |  收到数据:    27944 B  |  解析完整帧:    998 帧  |  发送帧:    998 帧  (   51896 B)  [帧头:EAEAEAEA  帧尾:AEAEAEAE]
[2026-04-02 17:46:50.383] 在线连接:   1  |  收到数据:    27860 B  |  解析完整帧:    995 帧  |  发送帧:    995 帧  (   51740 B)  [帧头:EAEAEAEA  帧尾:AEAEAEAE]
[2026-04-02 17:46:51.383] 在线连接:   1  |  收到数据:    27692 B  |  解析完整帧:    989 帧  |  发送帧:    989 帧  (   51428 B)  [帧头:EAEAEAEA  帧尾:AEAEAEAE]
[2026-04-02 17:46:52.384] 在线连接:   1  |  收到数据:    28532 B  |  解析完整帧:   1019 帧  |  发送帧:   1019 帧  (   52988 B)  [帧头:EAEAEAEA  帧尾:AEAEAEAE]
[2026-04-02 17:46:53.385] 在线连接:   1  |  收到数据:    27860 B  |  解析完整帧:    995 帧  |  发送帧:    995 帧  (   51740 B)  [帧头:EAEAEAEA  帧尾:AEAEAEAE]
[2026-04-02 17:46:54.385] 在线连接:   1  |  收到数据:    28112 B  |  解析完整帧:   1004 帧  |  发送帧:   1004 帧  (   52208 B)  [帧头:EAEAEAEA  帧尾:AEAEAEAE]
[2026-04-02 17:46:55.386] 在线连接:   1  |  收到数据:    27916 B  |  解析完整帧:    997 帧  |  发送帧:    997 帧  (   51844 B)  [帧头:EAEAEAEA  帧尾:AEAEAEAE]
[2026-04-02 17:46:56.386] 在线连接:   1  |  收到数据:    28196 B  |  解析完整帧:   1007 帧  |  发送帧:   1007 帧  (   52364 B)  [帧头:EAEAEAEA  帧尾:AEAEAEAE]
[2026-04-02 17:46:57.387] 在线连接:   1  |  收到数据:    27860 B  |  解析完整帧:    995 帧  |  发送帧:    995 帧  (   51740 B)  [帧头:EAEAEAEA  帧尾:AEAEAEAE]
[2026-04-02 17:46:58.388] 在线连接:   1  |  收到数据:    28112 B  |  解析完整帧:   1004 帧  |  发送帧:   1004 帧  (   52208 B)  [帧头:EAEAEAEA  帧尾:AEAEAEAE]
[2026-04-02 17:46:59.388] 在线连接:   1  |  收到数据:    28112 B  |  解析完整帧:   1004 帧  |  发送帧:   1004 帧  (   52208 B)  [帧头:EAEAEAEA  帧尾:AEAEAEAE]
[2026-04-02 17:47:00.389] 在线连接:   1  |  收到数据:    28028 B  |  解析完整帧:   1001 帧  |  发送帧:   1001 帧  (   52052 B)  [帧头:EAEAEAEA  帧尾:AEAEAEAE]
[2026-04-02 17:47:01.390] 在线连接:   1  |  收到数据:    28000 B  |  解析完整帧:   1000 帧  |  发送帧:   1000 帧  (   52000 B)  [帧头:EAEAEAEA  帧尾:AEAEAEAE]
[2026-04-02 17:47:02.390] 在线连接:   1  |  收到数据:    27944 B  |  解析完整帧:    998 帧  |  发送帧:    998 帧  (   51896 B)  [帧头:EAEAEAEA  帧尾:AEAEAEAE]
[2026-04-02 17:47:03.391] 在线连接:   1  |  收到数据:    27468 B  |  解析完整帧:    981 帧  |  发送帧:    981 帧  (   51012 B)  [帧头:EAEAEAEA  帧尾:AEAEAEAE]
[2026-04-02 17:47:04.392] 在线连接:   1  |  收到数据:    28672 B  |  解析完整帧:   1024 帧  |  发送帧:   1024 帧  (   53248 B)  [帧头:EAEAEAEA  帧尾:AEAEAEAE]
[2026-04-02 17:47:05.393] 在线连接:   1  |  收到数据:    27468 B  |  解析完整帧:    981 帧  |  发送帧:    981 帧  (   51012 B)  [帧头:EAEAEAEA  帧尾:AEAEAEAE]
[2026-04-02 17:47:06.393] 在线连接:   1  |  收到数据:    28336 B  |  解析完整帧:   1012 帧  |  发送帧:   1012 帧  (   52624 B)  [帧头:EAEAEAEA  帧尾:AEAEAEAE]
[2026-04-02 17:47:07.394] 在线连接:   1  |  收到数据:    28084 B  |  解析完整帧:   1003 帧  |  发送帧:   1003 帧  (   52156 B)  [帧头:EAEAEAEA  帧尾:AEAEAEAE]
[2026-04-02 17:47:08.395] 在线连接:   1  |  收到数据:    28028 B  |  解析完整帧:   1001 帧  |  发送帧:   1001 帧  (   52052 B)  [帧头:EAEAEAEA  帧尾:AEAEAEAE]
[2026-04-02 17:47:09.395] 在线连接:   1  |  收到数据:    28168 B  |  解析完整帧:   1006 帧  |  发送帧:   1006 帧  (   52312 B)  [帧头:EAEAEAEA  帧尾:AEAEAEAE]
[2026-04-02 17:47:10.396] 在线连接:   1  |  收到数据:    27748 B  |  解析完整帧:    991 帧  |  发送帧:    991 帧  (   51532 B)  [帧头:EAEAEAEA  帧尾:AEAEAEAE]
[2026-04-02 17:47:11.396] 在线连接:   1  |  收到数据:    28336 B  |  解析完整帧:   1012 帧  |  发送帧:   1012 帧  (   52624 B)  [帧头:EAEAEAEA  帧尾:AEAEAEAE]
[2026-04-02 17:47:12.401] 在线连接:   1  |  收到数据:    27664 B  |  解析完整帧:    988 帧  |  发送帧:    988 帧  (   51376 B)  [帧头:EAEAEAEA  帧尾:AEAEAEAE]
[2026-04-02 17:47:13.436] 在线连接:   1  |  收到数据:    29064 B  |  解析完整帧:   1038 帧  |  发送帧:   1038 帧  (   53976 B)  [帧头:EAEAEAEA  帧尾:AEAEAEAE]
[2026-04-02 17:47:14.437] 在线连接:   1  |  收到数据:    28392 B  |  解析完整帧:   1014 帧  |  发送帧:   1008 帧  (   52416 B)  [帧头:EAEAEAEA  帧尾:AEAEAEAE]
[2026-04-02 17:47:15.437] 在线连接:   1  |  收到数据:    27944 B  |  解析完整帧:    998 帧  |  发送帧:   1004 帧  (   52208 B)  [帧头:EAEAEAEA  帧尾:AEAEAEAE]
[2026-04-02 17:47:16.438] 在线连接:   1  |  收到数据:    27944 B  |  解析完整帧:    998 帧  |  发送帧:    998 帧  (   51896 B)  [帧头:EAEAEAEA  帧尾:AEAEAEAE]
[2026-04-02 17:47:17.439] 在线连接:   1  |  收到数据:    28168 B  |  解析完整帧:   1006 帧  |  发送帧:   1006 帧  (   52312 B)  [帧头:EAEAEAEA  帧尾:AEAEAEAE]
[2026-04-02 17:47:18.440] 在线连接:   1  |  收到数据:    27972 B  |  解析完整帧:    999 帧  |  发送帧:    999 帧  (   51948 B)  [帧头:EAEAEAEA  帧尾:AEAEAEAE]
[2026-04-02 17:47:19.440] 在线连接:   1  |  收到数据:    27972 B  |  解析完整帧:    999 帧  |  发送帧:    999 帧  (   51948 B)  [帧头:EAEAEAEA  帧尾:AEAEAEAE]
[2026-04-02 17:47:20.441] 在线连接:   1  |  收到数据:    27972 B  |  解析完整帧:    999 帧  |  发送帧:    999 帧  (   51948 B)  [帧头:EAEAEAEA  帧尾:AEAEAEAE]
[2026-04-02 17:47:21.442] 在线连接:   1  |  收到数据:    28112 B  |  解析完整帧:   1004 帧  |  发送帧:   1004 帧  (   52208 B)  [帧头:EAEAEAEA  帧尾:AEAEAEAE]
[2026-04-02 17:47:22.443] 在线连接:   1  |  收到数据:    28028 B  |  解析完整帧:   1001 帧  |  发送帧:   1001 帧  (   52052 B)  [帧头:EAEAEAEA  帧尾:AEAEAEAE]
[2026-04-02 17:47:23.443] 在线连接:   1  |  收到数据:    27636 B  |  解析完整帧:    987 帧  |  发送帧:    987 帧  (   51324 B)  [帧头:EAEAEAEA  帧尾:AEAEAEAE]
[2026-04-02 17:47:24.444] 在线连接:   1  |  收到数据:    28420 B  |  解析完整帧:   1015 帧  |  发送帧:   1015 帧  (   52780 B)  [帧头:EAEAEAEA  帧尾:AEAEAEAE]
[2026-04-02 17:47:25.446] 在线连接:   1  |  收到数据:    27804 B  |  解析完整帧:    993 帧  |  发送帧:    993 帧  (   51636 B)  [帧头:EAEAEAEA  帧尾:AEAEAEAE]
[2026-04-02 17:47:26.447] 在线连接:   1  |  收到数据:    28280 B  |  解析完整帧:   1010 帧  |  发送帧:   1010 帧  (   52520 B)  [帧头:EAEAEAEA  帧尾:AEAEAEAE]
[2026-04-02 17:47:27.449] 在线连接:   1  |  收到数据:    28000 B  |  解析完整帧:   1000 帧  |  发送帧:   1000 帧  (   52000 B)  [帧头:EAEAEAEA  帧尾:AEAEAEAE]
[2026-04-02 17:47:28.449] 在线连接:   1  |  收到数据:    27916 B  |  解析完整帧:    997 帧  |  发送帧:    997 帧  (   51844 B)  [帧头:EAEAEAEA  帧尾:AEAEAEAE]
[2026-04-02 17:47:29.450] 在线连接:   1  |  收到数据:    28084 B  |  解析完整帧:   1003 帧  |  发送帧:   1003 帧  (   52156 B)  [帧头:EAEAEAEA  帧尾:AEAEAEAE]
[2026-04-02 17:47:30.451] 在线连接:   1  |  收到数据:    28112 B  |  解析完整帧:   1004 帧  |  发送帧:   1004 帧  (   52208 B)  [帧头:EAEAEAEA  帧尾:AEAEAEAE]
[2026-04-02 17:47:31.452] 在线连接:   1  |  收到数据:    28028 B  |  解析完整帧:   1001 帧  |  发送帧:   1001 帧  (   52052 B)  [帧头:EAEAEAEA  帧尾:AEAEAEAE]
[2026-04-02 17:47:32.453] 在线连接:   1  |  收到数据:    27832 B  |  解析完整帧:    994 帧  |  发送帧:    994 帧  (   51688 B)  [帧头:EAEAEAEA  帧尾:AEAEAEAE]
[2026-04-02 17:47:33.454] 在线连接:   1  |  收到数据:    28140 B  |  解析完整帧:   1005 帧  |  发送帧:   1005 帧  (   52260 B)  [帧头:EAEAEAEA  帧尾:AEAEAEAE]
[2026-04-02 17:47:34.455] 在线连接:   1  |  收到数据:    27832 B  |  解析完整帧:    994 帧  |  发送帧:    994 帧  (   51688 B)  [帧头:EAEAEAEA  帧尾:AEAEAEAE]
[2026-04-02 17:47:35.455] 在线连接:   1  |  收到数据:    28028 B  |  解析完整帧:   1001 帧  |  发送帧:   1001 帧  (   52052 B)  [帧头:EAEAEAEA  帧尾:AEAEAEAE]
[2026-04-02 17:47:36.456] 在线连接:   1  |  收到数据:    28056 B  |  解析完整帧:   1002 帧  |  发送帧:   1002 帧  (   52104 B)  [帧头:EAEAEAEA  帧尾:AEAEAEAE]
[2026-04-02 17:47:37.457] 在线连接:   1  |  收到数据:    27804 B  |  解析完整帧:    993 帧  |  发送帧:    993 帧  (   51636 B)  [帧头:EAEAEAEA  帧尾:AEAEAEAE]
[2026-04-02 17:47:38.458] 在线连接:   1  |  收到数据:    28476 B  |  解析完整帧:   1017 帧  |  发送帧:   1017 帧  (   52884 B)  [帧头:EAEAEAEA  帧尾:AEAEAEAE]
[2026-04-02 17:47:39.458] 在线连接:   1  |  收到数据:    27832 B  |  解析完整帧:    994 帧  |  发送帧:    994 帧  (   51688 B)  [帧头:EAEAEAEA  帧尾:AEAEAEAE]
[2026-04-02 17:47:40.459] 在线连接:   1  |  收到数据:    28224 B  |  解析完整帧:   1008 帧  |  发送帧:   1008 帧  (   52416 B)  [帧头:EAEAEAEA  帧尾:AEAEAEAE]
[2026-04-02 17:47:41.460] 在线连接:   1  |  收到数据:    28028 B  |  解析完整帧:   1001 帧  |  发送帧:   1001 帧  (   52052 B)  [帧头:EAEAEAEA  帧尾:AEAEAEAE]
[2026-04-02 17:47:42.461] 在线连接:   1  |  收到数据:    27776 B  |  解析完整帧:    992 帧  |  发送帧:    992 帧  (   51584 B)  [帧头:EAEAEAEA  帧尾:AEAEAEAE]
[2026-04-02 17:47:43.461] 在线连接:   1  |  收到数据:    27804 B  |  解析完整帧:    993 帧  |  发送帧:    993 帧  (   51636 B)  [帧头:EAEAEAEA  帧尾:AEAEAEAE]
[2026-04-02 17:47:44.462] 在线连接:   1  |  收到数据:    28084 B  |  解析完整帧:   1003 帧  |  发送帧:   1003 帧  (   52156 B)  [帧头:EAEAEAEA  帧尾:AEAEAEAE]
[2026-04-02 17:47:45.463] 在线连接:   1  |  收到数据:    28392 B  |  解析完整帧:   1014 帧  |  发送帧:   1014 帧  (   52728 B)  [帧头:EAEAEAEA  帧尾:AEAEAEAE]
[2026-04-02 17:47:46.463] 在线连接:   1  |  收到数据:    27496 B  |  解析完整帧:    982 帧  |  发送帧:    982 帧  (   51064 B)  [帧头:EAEAEAEA  帧尾:AEAEAEAE]
[2026-04-02 17:47:47.464] 在线连接:   1  |  收到数据:    28532 B  |  解析完整帧:   1019 帧  |  发送帧:   1019 帧  (   52988 B)  [帧头:EAEAEAEA  帧尾:AEAEAEAE]
[2026-04-02 17:47:48.465] 在线连接:   1  |  收到数据:    28056 B  |  解析完整帧:   1002 帧  |  发送帧:   1002 帧  (   52104 B)  [帧头:EAEAEAEA  帧尾:AEAEAEAE]
[2026-04-02 17:47:49.466] 在线连接:   1  |  收到数据:    27888 B  |  解析完整帧:    996 帧  |  发送帧:    996 帧  (   51792 B)  [帧头:EAEAEAEA  帧尾:AEAEAEAE]
[2026-04-02 17:47:50.466] 在线连接:   1  |  收到数据:    27776 B  |  解析完整帧:    992 帧  |  发送帧:    992 帧  (   51584 B)  [帧头:EAEAEAEA  帧尾:AEAEAEAE]
[2026-04-02 17:47:51.467] 在线连接:   1  |  收到数据:    28140 B  |  解析完整帧:   1005 帧  |  发送帧:   1005 帧  (   52260 B)  [帧头:EAEAEAEA  帧尾:AEAEAEAE]
[2026-04-02 17:47:52.468] 在线连接:   1  |  收到数据:    27832 B  |  解析完整帧:    994 帧  |  发送帧:    994 帧  (   51688 B)  [帧头:EAEAEAEA  帧尾:AEAEAEAE]
[2026-04-02 17:47:53.469] 在线连接:   1  |  收到数据:    28392 B  |  解析完整帧:   1014 帧  |  发送帧:   1014 帧  (   52728 B)  [帧头:EAEAEAEA  帧尾:AEAEAEAE]
[2026-04-02 17:47:54.469] 在线连接:   1  |  收到数据:    28028 B  |  解析完整帧:   1001 帧  |  发送帧:   1001 帧  (   52052 B)  [帧头:EAEAEAEA  帧尾:AEAEAEAE]
[2026-04-02 17:47:55.470] 在线连接:   1  |  收到数据:    28028 B  |  解析完整帧:   1001 帧  |  发送帧:    991 帧  (   51532 B)  [帧头:EAEAEAEA  帧尾:AEAEAEAE]
[2026-04-02 17:47:56.471] 在线连接:   1  |  收到数据:    27440 B  |  解析完整帧:    980 帧  |  发送帧:    990 帧  (   51480 B)  [帧头:EAEAEAEA  帧尾:AEAEAEAE]
[2026-04-02 17:47:57.472] 在线连接:   1  |  收到数据:    28644 B  |  解析完整帧:   1023 帧  |  发送帧:   1023 帧  (   53196 B)  [帧头:EAEAEAEA  帧尾:AEAEAEAE]
[2026-04-02 17:47:58.472] 在线连接:   1  |  收到数据:    28056 B  |  解析完整帧:   1002 帧  |  发送帧:   1002 帧  (   52104 B)  [帧头:EAEAEAEA  帧尾:AEAEAEAE]
[2026-04-02 17:47:59.473] 在线连接:   1  |  收到数据:    27972 B  |  解析完整帧:    999 帧  |  发送帧:    999 帧  (   51948 B)  [帧头:EAEAEAEA  帧尾:AEAEAEAE]
[2026-04-02 17:48:00.474] 在线连接:   1  |  收到数据:    27636 B  |  解析完整帧:    987 帧  |  发送帧:    987 帧  (   51324 B)  [帧头:EAEAEAEA  帧尾:AEAEAEAE]
[2026-04-02 17:48:01.474] 在线连接:   1  |  收到数据:    28252 B  |  解析完整帧:   1009 帧  |  发送帧:   1009 帧  (   52468 B)  [帧头:EAEAEAEA  帧尾:AEAEAEAE]
[2026-04-02 17:48:02.475] 在线连接:   1  |  收到数据:    28224 B  |  解析完整帧:   1008 帧  |  发送帧:   1005 帧  (   52260 B)  [帧头:EAEAEAEA  帧尾:AEAEAEAE]
[2026-04-02 17:48:03.476] 在线连接:   1  |  收到数据:    28000 B  |  解析完整帧:   1000 帧  |  发送帧:   1003 帧  (   52156 B)  [帧头:EAEAEAEA  帧尾:AEAEAEAE]
[2026-04-02 17:48:04.476] 在线连接:   1  |  收到数据:    27776 B  |  解析完整帧:    992 帧  |  发送帧:    992 帧  (   51584 B)  [帧头:EAEAEAEA  帧尾:AEAEAEAE]
[2026-04-02 17:48:05.477] 在线连接:   1  |  收到数据:    27216 B  |  解析完整帧:    972 帧  |  发送帧:    972 帧  (   50544 B)  [帧头:EAEAEAEA  帧尾:AEAEAEAE]
[2026-04-02 17:48:06.479] 在线连接:   1  |  收到数据:    29064 B  |  解析完整帧:   1038 帧  |  发送帧:   1038 帧  (   53976 B)  [帧头:EAEAEAEA  帧尾:AEAEAEAE]
[2026-04-02 17:48:07.482] 在线连接:   1  |  收到数据:    27412 B  |  解析完整帧:    979 帧  |  发送帧:    979 帧  (   50908 B)  [帧头:EAEAEAEA  帧尾:AEAEAEAE]
[2026-04-02 17:48:08.482] 在线连接:   1  |  收到数据:    27916 B  |  解析完整帧:    997 帧  |  发送帧:    997 帧  (   51844 B)  [帧头:EAEAEAEA  帧尾:AEAEAEAE]
[2026-04-02 17:48:09.483] 在线连接:   1  |  收到数据:    28476 B  |  解析完整帧:   1017 帧  |  发送帧:   1017 帧  (   52884 B)  [帧头:EAEAEAEA  帧尾:AEAEAEAE]
[2026-04-02 17:48:10.483] 在线连接:   1  |  收到数据:    28308 B  |  解析完整帧:   1011 帧  |  发送帧:   1011 帧  (   52572 B)  [帧头:EAEAEAEA  帧尾:AEAEAEAE]
[2026-04-02 17:48:11.484] 在线连接:   1  |  收到数据:    28084 B  |  解析完整帧:   1003 帧  |  发送帧:   1003 帧  (   52156 B)  [帧头:EAEAEAEA  帧尾:AEAEAEAE]
[2026-04-02 17:48:12.485] 在线连接:   1  |  收到数据:    27972 B  |  解析完整帧:    999 帧  |  发送帧:    999 帧  (   51948 B)  [帧头:EAEAEAEA  帧尾:AEAEAEAE]
[2026-04-02 17:48:13.486] 在线连接:   1  |  收到数据:    27720 B  |  解析完整帧:    990 帧  |  发送帧:    990 帧  (   51480 B)  [帧头:EAEAEAEA  帧尾:AEAEAEAE]
[2026-04-02 17:48:14.486] 在线连接:   1  |  收到数据:    27720 B  |  解析完整帧:    990 帧  |  发送帧:    990 帧  (   51480 B)  [帧头:EAEAEAEA  帧尾:AEAEAEAE]
[2026-04-02 17:48:15.487] 在线连接:   1  |  收到数据:    28252 B  |  解析完整帧:   1009 帧  |  发送帧:   1009 帧  (   52468 B)  [帧头:EAEAEAEA  帧尾:AEAEAEAE]
[2026-04-02 17:48:16.488] 在线连接:   1  |  收到数据:    27944 B  |  解析完整帧:    998 帧  |  发送帧:    998 帧  (   51896 B)  [帧头:EAEAEAEA  帧尾:AEAEAEAE]
[2026-04-02 17:48:17.488] 在线连接:   1  |  收到数据:    28140 B  |  解析完整帧:   1005 帧  |  发送帧:   1005 帧  (   52260 B)  [帧头:EAEAEAEA  帧尾:AEAEAEAE]
[2026-04-02 17:48:18.489] 在线连接:   1  |  收到数据:    27916 B  |  解析完整帧:    997 帧  |  发送帧:    997 帧  (   51844 B)  [帧头:EAEAEAEA  帧尾:AEAEAEAE]
[2026-04-02 17:48:19.489] 在线连接:   1  |  收到数据:    28168 B  |  解析完整帧:   1006 帧  |  发送帧:   1006 帧  (   52312 B)  [帧头:EAEAEAEA  帧尾:AEAEAEAE]
[2026-04-02 17:48:20.490] 在线连接:   1  |  收到数据:    28196 B  |  解析完整帧:   1007 帧  |  发送帧:   1007 帧  (   52364 B)  [帧头:EAEAEAEA  帧尾:AEAEAEAE]
[2026-04-02 17:48:21.491] 在线连接:   1  |  收到数据:    28028 B  |  解析完整帧:   1001 帧  |  发送帧:   1001 帧  (   52052 B)  [帧头:EAEAEAEA  帧尾:AEAEAEAE]
[2026-04-02 17:48:22.492] 在线连接:   1  |  收到数据:    28000 B  |  解析完整帧:   1000 帧  |  发送帧:   1000 帧  (   52000 B)  [帧头:EAEAEAEA  帧尾:AEAEAEAE]
[2026-04-02 17:48:23.499] 在线连接:   1  |  收到数据:    28168 B  |  解析完整帧:   1006 帧  |  发送帧:   1006 帧  (   52312 B)  [帧头:EAEAEAEA  帧尾:AEAEAEAE]
[2026-04-02 17:48:24.506] 在线连接:   1  |  收到数据:    27972 B  |  解析完整帧:    999 帧  |  发送帧:    999 帧  (   51948 B)  [帧头:EAEAEAEA  帧尾:AEAEAEAE]
[2026-04-02 17:48:25.507] 在线连接:   1  |  收到数据:    28084 B  |  解析完整帧:   1003 帧  |  发送帧:   1003 帧  (   52156 B)  [帧头:EAEAEAEA  帧尾:AEAEAEAE]
[2026-04-02 17:48:26.508] 在线连接:   1  |  收到数据:    27916 B  |  解析完整帧:    997 帧  |  发送帧:    997 帧  (   51844 B)  [帧头:EAEAEAEA  帧尾:AEAEAEAE]
[2026-04-02 17:48:27.508] 在线连接:   1  |  收到数据:    27944 B  |  解析完整帧:    998 帧  |  发送帧:    998 帧  (   51896 B)  [帧头:EAEAEAEA  帧尾:AEAEAEAE]
[2026-04-02 17:48:28.509] 在线连接:   1  |  收到数据:    28364 B  |  解析完整帧:   1013 帧  |  发送帧:   1012 帧  (   52624 B)  [帧头:EAEAEAEA  帧尾:AEAEAEAE]
[2026-04-02 17:48:29.515] 在线连接:   1  |  收到数据:    28168 B  |  解析完整帧:   1006 帧  |  发送帧:   1007 帧  (   52364 B)  [帧头:EAEAEAEA  帧尾:AEAEAEAE]
[2026-04-02 17:48:30.517] 在线连接:   1  |  收到数据:    28112 B  |  解析完整帧:   1004 帧  |  发送帧:   1004 帧  (   52208 B)  [帧头:EAEAEAEA  帧尾:AEAEAEAE]
[2026-04-02 17:48:31.517] 在线连接:   1  |  收到数据:    27692 B  |  解析完整帧:    989 帧  |  发送帧:    989 帧  (   51428 B)  [帧头:EAEAEAEA  帧尾:AEAEAEAE]
[2026-04-02 17:48:32.518] 在线连接:   1  |  收到数据:    28308 B  |  解析完整帧:   1011 帧  |  发送帧:   1011 帧  (   52572 B)  [帧头:EAEAEAEA  帧尾:AEAEAEAE]
[2026-04-02 17:48:33.518] 在线连接:   1  |  收到数据:    28028 B  |  解析完整帧:   1001 帧  |  发送帧:   1001 帧  (   52052 B)  [帧头:EAEAEAEA  帧尾:AEAEAEAE]
[2026-04-02 17:48:34.519] 在线连接:   1  |  收到数据:    27832 B  |  解析完整帧:    994 帧  |  发送帧:    994 帧  (   51688 B)  [帧头:EAEAEAEA  帧尾:AEAEAEAE]
[2026-04-02 17:48:35.520] 在线连接:   1  |  收到数据:    28252 B  |  解析完整帧:   1009 帧  |  发送帧:   1009 帧  (   52468 B)  [帧头:EAEAEAEA  帧尾:AEAEAEAE]
[2026-04-02 17:48:36.521] 在线连接:   1  |  收到数据:    27636 B  |  解析完整帧:    987 帧  |  发送帧:    987 帧  (   51324 B)  [帧头:EAEAEAEA  帧尾:AEAEAEAE]
[2026-04-02 17:48:37.522] 在线连接:   1  |  收到数据:    28252 B  |  解析完整帧:   1009 帧  |  发送帧:   1009 帧  (   52468 B)  [帧头:EAEAEAEA  帧尾:AEAEAEAE]
[2026-04-02 17:48:38.522] 在线连接:   1  |  收到数据:    28196 B  |  解析完整帧:   1007 帧  |  发送帧:   1007 帧  (   52364 B)  [帧头:EAEAEAEA  帧尾:AEAEAEAE]
[2026-04-02 17:48:39.523] 在线连接:   1  |  收到数据:    27804 B  |  解析完整帧:    993 帧  |  发送帧:    993 帧  (   51636 B)  [帧头:EAEAEAEA  帧尾:AEAEAEAE]
[2026-04-02 17:48:40.524] 在线连接:   1  |  收到数据:    28196 B  |  解析完整帧:   1007 帧  |  发送帧:   1007 帧  (   52364 B)  [帧头:EAEAEAEA  帧尾:AEAEAEAE]
[2026-04-02 17:48:41.525] 在线连接:   1  |  收到数据:    27944 B  |  解析完整帧:    998 帧  |  发送帧:    998 帧  (   51896 B)  [帧头:EAEAEAEA  帧尾:AEAEAEAE]
[2026-04-02 17:48:42.526] 在线连接:   1  |  收到数据:    28084 B  |  解析完整帧:   1003 帧  |  发送帧:   1003 帧  (   52156 B)  [帧头:EAEAEAEA  帧尾:AEAEAEAE]
[2026-04-02 17:48:43.526] 在线连接:   1  |  收到数据:    27608 B  |  解析完整帧:    986 帧  |  发送帧:    986 帧  (   51272 B)  [帧头:EAEAEAEA  帧尾:AEAEAEAE]
[2026-04-02 17:48:44.527] 在线连接:   1  |  收到数据:    28308 B  |  解析完整帧:   1011 帧  |  发送帧:   1011 帧  (   52572 B)  [帧头:EAEAEAEA  帧尾:AEAEAEAE]
[2026-04-02 17:48:45.528] 在线连接:   1  |  收到数据:    27832 B  |  解析完整帧:    994 帧  |  发送帧:    994 帧  (   51688 B)  [帧头:EAEAEAEA  帧尾:AEAEAEAE]
[2026-04-02 17:48:46.529] 在线连接:   1  |  收到数据:    28392 B  |  解析完整帧:   1014 帧  |  发送帧:   1014 帧  (   52728 B)  [帧头:EAEAEAEA  帧尾:AEAEAEAE]
[2026-04-02 17:48:47.529] 在线连接:   1  |  收到数据:    28000 B  |  解析完整帧:   1000 帧  |  发送帧:    998 帧  (   51896 B)  [帧头:EAEAEAEA  帧尾:AEAEAEAE]
[2026-04-02 17:48:48.530] 在线连接:   1  |  收到数据:    27748 B  |  解析完整帧:    991 帧  |  发送帧:    993 帧  (   51636 B)  [帧头:EAEAEAEA  帧尾:AEAEAEAE]
[2026-04-02 17:48:49.530] 在线连接:   1  |  收到数据:    28280 B  |  解析完整帧:   1010 帧  |  发送帧:   1010 帧  (   52520 B)  [帧头:EAEAEAEA  帧尾:AEAEAEAE]
[2026-04-02 17:48:50.532] 在线连接:   1  |  收到数据:    27944 B  |  解析完整帧:    998 帧  |  发送帧:    998 帧  (   51896 B)  [帧头:EAEAEAEA  帧尾:AEAEAEAE]
[2026-04-02 17:48:51.532] 在线连接:   1  |  收到数据:    28084 B  |  解析完整帧:   1003 帧  |  发送帧:   1003 帧  (   52156 B)  [帧头:EAEAEAEA  帧尾:AEAEAEAE]
[2026-04-02 17:48:52.533] 在线连接:   1  |  收到数据:    28028 B  |  解析完整帧:   1001 帧  |  发送帧:   1001 帧  (   52052 B)  [帧头:EAEAEAEA  帧尾:AEAEAEAE]
[2026-04-02 17:48:53.533] 在线连接:   1  |  收到数据:    27608 B  |  解析完整帧:    986 帧  |  发送帧:    986 帧  (   51272 B)  [帧头:EAEAEAEA  帧尾:AEAEAEAE]
[2026-04-02 17:48:54.534] 在线连接:   1  |  收到数据:    28420 B  |  解析完整帧:   1015 帧  |  发送帧:   1015 帧  (   52780 B)  [帧头:EAEAEAEA  帧尾:AEAEAEAE]
[2026-04-02 17:48:55.535] 在线连接:   1  |  收到数据:    28000 B  |  解析完整帧:   1000 帧  |  发送帧:   1000 帧  (   52000 B)  [帧头:EAEAEAEA  帧尾:AEAEAEAE]
[2026-04-02 17:48:56.535] 在线连接:   1  |  收到数据:    27860 B  |  解析完整帧:    995 帧  |  发送帧:    995 帧  (   51740 B)  [帧头:EAEAEAEA  帧尾:AEAEAEAE]
[2026-04-02 17:48:57.536] 在线连接:   1  |  收到数据:    28028 B  |  解析完整帧:   1001 帧  |  发送帧:   1001 帧  (   52052 B)  [帧头:EAEAEAEA  帧尾:AEAEAEAE]
[2026-04-02 17:48:58.537] 在线连接:   1  |  收到数据:    28028 B  |  解析完整帧:   1001 帧  |  发送帧:   1001 帧  (   52052 B)  [帧头:EAEAEAEA  帧尾:AEAEAEAE]
[2026-04-02 17:48:59.538] 在线连接:   1  |  收到数据:    27888 B  |  解析完整帧:    996 帧  |  发送帧:    996 帧  (   51792 B)  [帧头:EAEAEAEA  帧尾:AEAEAEAE]
[2026-04-02 17:49:00.538] 在线连接:   1  |  收到数据:    28112 B  |  解析完整帧:   1004 帧  |  发送帧:   1004 帧  (   52208 B)  [帧头:EAEAEAEA  帧尾:AEAEAEAE]
[2026-04-02 17:49:01.539] 在线连接:   1  |  收到数据:    28140 B  |  解析完整帧:   1005 帧  |  发送帧:   1005 帧  (   52260 B)  [帧头:EAEAEAEA  帧尾:AEAEAEAE]
[2026-04-02 17:49:02.540] 在线连接:   1  |  收到数据:    28056 B  |  解析完整帧:   1002 帧  |  发送帧:   1002 帧  (   52104 B)  [帧头:EAEAEAEA  帧尾:AEAEAEAE]
[2026-04-02 17:49:03.540] 在线连接:   1  |  收到数据:    28056 B  |  解析完整帧:   1002 帧  |  发送帧:   1002 帧  (   52104 B)  [帧头:EAEAEAEA  帧尾:AEAEAEAE]
[2026-04-02 17:49:04.541] 在线连接:   1  |  收到数据:    27888 B  |  解析完整帧:    996 帧  |  发送帧:    996 帧  (   51792 B)  [帧头:EAEAEAEA  帧尾:AEAEAEAE]
[2026-04-02 17:49:05.542] 在线连接:   1  |  收到数据:    28112 B  |  解析完整帧:   1004 帧  |  发送帧:   1004 帧  (   52208 B)  [帧头:EAEAEAEA  帧尾:AEAEAEAE]
[2026-04-02 17:49:06.542] 在线连接:   1  |  收到数据:    28056 B  |  解析完整帧:   1002 帧  |  发送帧:   1002 帧  (   52104 B)  [帧头:EAEAEAEA  帧尾:AEAEAEAE]
[2026-04-02 17:49:07.543] 在线连接:   1  |  收到数据:    28028 B  |  解析完整帧:   1001 帧  |  发送帧:   1000 帧  (   52000 B)  [帧头:EAEAEAEA  帧尾:AEAEAEAE]
[2026-04-02 17:49:08.544] 在线连接:   1  |  收到数据:    27888 B  |  解析完整帧:    996 帧  |  发送帧:    997 帧  (   51844 B)  [帧头:EAEAEAEA  帧尾:AEAEAEAE]
[2026-04-02 17:49:09.548] 在线连接:   1  |  收到数据:    28056 B  |  解析完整帧:   1002 帧  |  发送帧:   1002 帧  (   52104 B)  [帧头:EAEAEAEA  帧尾:AEAEAEAE]
[2026-04-02 17:49:10.550] 在线连接:   1  |  收到数据:    28196 B  |  解析完整帧:   1007 帧  |  发送帧:   1005 帧  (   52260 B)  [帧头:EAEAEAEA  帧尾:AEAEAEAE]
[2026-04-02 17:49:11.552] 在线连接:   1  |  收到数据:    27972 B  |  解析完整帧:    999 帧  |  发送帧:   1001 帧  (   52052 B)  [帧头:EAEAEAEA  帧尾:AEAEAEAE]
[2026-04-02 17:49:12.558] 在线连接:   1  |  收到数据:    28140 B  |  解析完整帧:   1005 帧  |  发送帧:   1005 帧  (   52260 B)  [帧头:EAEAEAEA  帧尾:AEAEAEAE]
[2026-04-02 17:49:13.569] 在线连接:   1  |  收到数据:    28420 B  |  解析完整帧:   1015 帧  |  发送帧:   1015 帧  (   52780 B)  [帧头:EAEAEAEA  帧尾:AEAEAEAE]
[2026-04-02 17:49:14.571] 在线连接:   1  |  收到数据:    27944 B  |  解析完整帧:    998 帧  |  发送帧:    998 帧  (   51896 B)  [帧头:EAEAEAEA  帧尾:AEAEAEAE]
[2026-04-02 17:49:15.573] 在线连接:   1  |  收到数据:    28168 B  |  解析完整帧:   1006 帧  |  发送帧:   1006 帧  (   52312 B)  [帧头:EAEAEAEA  帧尾:AEAEAEAE]
[2026-04-02 17:49:16.574] 在线连接:   1  |  收到数据:    28028 B  |  解析完整帧:   1001 帧  |  发送帧:   1001 帧  (   52052 B)  [帧头:EAEAEAEA  帧尾:AEAEAEAE]
[2026-04-02 17:49:17.575] 在线连接:   1  |  收到数据:    28028 B  |  解析完整帧:   1001 帧  |  发送帧:   1001 帧  (   52052 B)  [帧头:EAEAEAEA  帧尾:AEAEAEAE]
[2026-04-02 17:49:18.576] 在线连接:   1  |  收到数据:    27860 B  |  解析完整帧:    995 帧  |  发送帧:    995 帧  (   51740 B)  [帧头:EAEAEAEA  帧尾:AEAEAEAE]
[2026-04-02 17:49:19.577] 在线连接:   1  |  收到数据:    28224 B  |  解析完整帧:   1008 帧  |  发送帧:   1008 帧  (   52416 B)  [帧头:EAEAEAEA  帧尾:AEAEAEAE]
[2026-04-02 17:49:20.577] 在线连接:   1  |  收到数据:    28028 B  |  解析完整帧:   1001 帧  |  发送帧:   1001 帧  (   52052 B)  [帧头:EAEAEAEA  帧尾:AEAEAEAE]
[2026-04-02 17:49:21.578] 在线连接:   1  |  收到数据:    28028 B  |  解析完整帧:   1001 帧  |  发送帧:   1001 帧  (   52052 B)  [帧头:EAEAEAEA  帧尾:AEAEAEAE]
[2026-04-02 17:49:22.579] 在线连接:   1  |  收到数据:    27888 B  |  解析完整帧:    996 帧  |  发送帧:    996 帧  (   51792 B)  [帧头:EAEAEAEA  帧尾:AEAEAEAE]
[2026-04-02 17:49:23.580] 在线连接:   1  |  收到数据:    28140 B  |  解析完整帧:   1005 帧  |  发送帧:   1005 帧  (   52260 B)  [帧头:EAEAEAEA  帧尾:AEAEAEAE]
[2026-04-02 17:49:24.581] 在线连接:   1  |  收到数据:    27356 B  |  解析完整帧:    977 帧  |  发送帧:    977 帧  (   50804 B)  [帧头:EAEAEAEA  帧尾:AEAEAEAE]
[2026-04-02 17:49:25.582] 在线连接:   1  |  收到数据:    28364 B  |  解析完整帧:   1013 帧  |  发送帧:   1013 帧  (   52676 B)  [帧头:EAEAEAEA  帧尾:AEAEAEAE]
[2026-04-02 17:49:26.582] 在线连接:   1  |  收到数据:    28000 B  |  解析完整帧:   1000 帧  |  发送帧:   1000 帧  (   52000 B)  [帧头:EAEAEAEA  帧尾:AEAEAEAE]
[2026-04-02 17:49:27.583] 在线连接:   1  |  收到数据:    28364 B  |  解析完整帧:   1013 帧  |  发送帧:   1013 帧  (   52676 B)  [帧头:EAEAEAEA  帧尾:AEAEAEAE]
[2026-04-02 17:49:28.584] 在线连接:   1  |  收到数据:    27636 B  |  解析完整帧:    987 帧  |  发送帧:    987 帧  (   51324 B)  [帧头:EAEAEAEA  帧尾:AEAEAEAE]
[2026-04-02 17:49:29.585] 在线连接:   1  |  收到数据:    28252 B  |  解析完整帧:   1009 帧  |  发送帧:   1009 帧  (   52468 B)  [帧头:EAEAEAEA  帧尾:AEAEAEAE]
[2026-04-02 17:49:30.586] 在线连接:   1  |  收到数据:    28224 B  |  解析完整帧:   1008 帧  |  发送帧:   1006 帧  (   52312 B)  [帧头:EAEAEAEA  帧尾:AEAEAEAE]
[2026-04-02 17:49:31.586] 在线连接:   1  |  收到数据:    28000 B  |  解析完整帧:   1000 帧  |  发送帧:   1002 帧  (   52104 B)  [帧头:EAEAEAEA  帧尾:AEAEAEAE]
[2026-04-02 17:49:32.587] 在线连接:   1  |  收到数据:    27804 B  |  解析完整帧:    993 帧  |  发送帧:    993 帧  (   51636 B)  [帧头:EAEAEAEA  帧尾:AEAEAEAE]
[2026-04-02 17:49:33.588] 在线连接:   1  |  收到数据:    28140 B  |  解析完整帧:   1005 帧  |  发送帧:   1005 帧  (   52260 B)  [帧头:EAEAEAEA  帧尾:AEAEAEAE]
[2026-04-02 17:49:34.590] 在线连接:   1  |  收到数据:    28000 B  |  解析完整帧:   1000 帧  |  发送帧:   1000 帧  (   52000 B)  [帧头:EAEAEAEA  帧尾:AEAEAEAE]
[2026-04-02 17:49:35.595] 在线连接:   1  |  收到数据:    28000 B  |  解析完整帧:   1000 帧  |  发送帧:   1000 帧  (   52000 B)  [帧头:EAEAEAEA  帧尾:AEAEAEAE]
[2026-04-02 17:49:36.596] 在线连接:   1  |  收到数据:    28336 B  |  解析完整帧:   1012 帧  |  发送帧:   1012 帧  (   52624 B)  [帧头:EAEAEAEA  帧尾:AEAEAEAE]
[2026-04-02 17:49:37.597] 在线连接:   1  |  收到数据:    27860 B  |  解析完整帧:    995 帧  |  发送帧:    995 帧  (   51740 B)  [帧头:EAEAEAEA  帧尾:AEAEAEAE]
[2026-04-02 17:49:38.598] 在线连接:   1  |  收到数据:    28168 B  |  解析完整帧:   1006 帧  |  发送帧:   1006 帧  (   52312 B)  [帧头:EAEAEAEA  帧尾:AEAEAEAE]
[2026-04-02 17:49:39.599] 在线连接:   1  |  收到数据:    28028 B  |  解析完整帧:   1001 帧  |  发送帧:   1001 帧  (   52052 B)  [帧头:EAEAEAEA  帧尾:AEAEAEAE]
[2026-04-02 17:49:40.601] 在线连接:   1  |  收到数据:    28084 B  |  解析完整帧:   1003 帧  |  发送帧:   1003 帧  (   52156 B)  [帧头:EAEAEAEA  帧尾:AEAEAEAE]
[2026-04-02 17:49:41.602] 在线连接:   1  |  收到数据:    27888 B  |  解析完整帧:    996 帧  |  发送帧:    996 帧  (   51792 B)  [帧头:EAEAEAEA  帧尾:AEAEAEAE]
[2026-04-02 17:49:42.603] 在线连接:   1  |  收到数据:    28084 B  |  解析完整帧:   1003 帧  |  发送帧:   1003 帧  (   52156 B)  [帧头:EAEAEAEA  帧尾:AEAEAEAE]
[2026-04-02 17:49:43.604] 在线连接:   1  |  收到数据:    28112 B  |  解析完整帧:   1004 帧  |  发送帧:   1004 帧  (   52208 B)  [帧头:EAEAEAEA  帧尾:AEAEAEAE]
[2026-04-02 17:49:44.604] 在线连接:   1  |  收到数据:    27916 B  |  解析完整帧:    997 帧  |  发送帧:    997 帧  (   51844 B)  [帧头:EAEAEAEA  帧尾:AEAEAEAE]
[2026-04-02 17:49:45.605] 在线连接:   1  |  收到数据:    27412 B  |  解析完整帧:    979 帧  |  发送帧:    979 帧  (   50908 B)  [帧头:EAEAEAEA  帧尾:AEAEAEAE]
[2026-04-02 17:49:46.606] 在线连接:   1  |  收到数据:    28644 B  |  解析完整帧:   1023 帧  |  发送帧:   1023 帧  (   53196 B)  [帧头:EAEAEAEA  帧尾:AEAEAEAE]
[2026-04-02 17:49:47.606] 在线连接:   1  |  收到数据:    28000 B  |  解析完整帧:   1000 帧  |  发送帧:   1000 帧  (   52000 B)  [帧头:EAEAEAEA  帧尾:AEAEAEAE]
[2026-04-02 17:49:48.607] 在线连接:   1  |  收到数据:    28084 B  |  解析完整帧:   1003 帧  |  发送帧:   1003 帧  (   52156 B)  [帧头:EAEAEAEA  帧尾:AEAEAEAE]
[2026-04-02 17:49:49.608] 在线连接:   1  |  收到数据:    28000 B  |  解析完整帧:   1000 帧  |  发送帧:   1000 帧  (   52000 B)  [帧头:EAEAEAEA  帧尾:AEAEAEAE]
[2026-04-02 17:49:50.609] 在线连接:   1  |  收到数据:    27832 B  |  解析完整帧:    994 帧  |  发送帧:    994 帧  (   51688 B)  [帧头:EAEAEAEA  帧尾:AEAEAEAE]
[2026-04-02 17:49:51.609] 在线连接:   1  |  收到数据:    28252 B  |  解析完整帧:   1009 帧  |  发送帧:   1009 帧  (   52468 B)  [帧头:EAEAEAEA  帧尾:AEAEAEAE]
[2026-04-02 17:49:52.610] 在线连接:   1  |  收到数据:    27748 B  |  解析完整帧:    991 帧  |  发送帧:    991 帧  (   51532 B)  [帧头:EAEAEAEA  帧尾:AEAEAEAE]
[2026-04-02 17:49:53.611] 在线连接:   1  |  收到数据:    28336 B  |  解析完整帧:   1012 帧  |  发送帧:   1012 帧  (   52624 B)  [帧头:EAEAEAEA  帧尾:AEAEAEAE]
[2026-04-02 17:49:54.612] 在线连接:   1  |  收到数据:    28000 B  |  解析完整帧:   1000 帧  |  发送帧:   1000 帧  (   52000 B)  [帧头:EAEAEAEA  帧尾:AEAEAEAE]
[2026-04-02 17:49:55.613] 在线连接:   1  |  收到数据:    27692 B  |  解析完整帧:    989 帧  |  发送帧:    989 帧  (   51428 B)  [帧头:EAEAEAEA  帧尾:AEAEAEAE]
[2026-04-02 17:49:56.613] 在线连接:   1  |  收到数据:    27944 B  |  解析完整帧:    998 帧  |  发送帧:    998 帧  (   51896 B)  [帧头:EAEAEAEA  帧尾:AEAEAEAE]
[2026-04-02 17:49:57.614] 在线连接:   1  |  收到数据:    28308 B  |  解析完整帧:   1011 帧  |  发送帧:   1011 帧  (   52572 B)  [帧头:EAEAEAEA  帧尾:AEAEAEAE]
[2026-04-02 17:49:58.615] 在线连接:   1  |  收到数据:    28028 B  |  解析完整帧:   1001 帧  |  发送帧:   1001 帧  (   52052 B)  [帧头:EAEAEAEA  帧尾:AEAEAEAE]
[2026-04-02 17:49:59.616] 在线连接:   1  |  收到数据:    27972 B  |  解析完整帧:    999 帧  |  发送帧:    999 帧  (   51948 B)  [帧头:EAEAEAEA  帧尾:AEAEAEAE]
[2026-04-02 17:50:00.617] 在线连接:   1  |  收到数据:    28056 B  |  解析完整帧:   1002 帧  |  发送帧:   1002 帧  (   52104 B)  [帧头:EAEAEAEA  帧尾:AEAEAEAE]
[2026-04-02 17:50:01.617] 在线连接:   1  |  收到数据:    28140 B  |  解析完整帧:   1005 帧  |  发送帧:   1005 帧  (   52260 B)  [帧头:EAEAEAEA  帧尾:AEAEAEAE]
[2026-04-02 17:50:02.619] 在线连接:   1  |  收到数据:    27888 B  |  解析完整帧:    996 帧  |  发送帧:    996 帧  (   51792 B)  [帧头:EAEAEAEA  帧尾:AEAEAEAE]
[2026-04-02 17:50:03.620] 在线连接:   1  |  收到数据:    28056 B  |  解析完整帧:   1002 帧  |  发送帧:   1002 帧  (   52104 B)  [帧头:EAEAEAEA  帧尾:AEAEAEAE]
[2026-04-02 17:50:04.621] 在线连接:   1  |  收到数据:    28056 B  |  解析完整帧:   1002 帧  |  发送帧:   1002 帧  (   52104 B)  [帧头:EAEAEAEA  帧尾:AEAEAEAE]
[2026-04-02 17:50:05.623] 在线连接:   1  |  收到数据:    27944 B  |  解析完整帧:    998 帧  |  发送帧:    996 帧  (   51792 B)  [帧头:EAEAEAEA  帧尾:AEAEAEAE]
[2026-04-02 17:50:06.623] 在线连接:   1  |  收到数据:    27888 B  |  解析完整帧:    996 帧  |  发送帧:    997 帧  (   51844 B)  [帧头:EAEAEAEA  帧尾:AEAEAEAE]
[2026-04-02 17:50:07.624] 在线连接:   1  |  收到数据:    27944 B  |  解析完整帧:    998 帧  |  发送帧:    999 帧  (   51948 B)  [帧头:EAEAEAEA  帧尾:AEAEAEAE]
[2026-04-02 17:50:08.625] 在线连接:   1  |  收到数据:    28392 B  |  解析完整帧:   1014 帧  |  发送帧:   1014 帧  (   52728 B)  [帧头:EAEAEAEA  帧尾:AEAEAEAE]
[2026-04-02 17:50:09.626] 在线连接:   1  |  收到数据:    27860 B  |  解析完整帧:    995 帧  |  发送帧:    995 帧  (   51740 B)  [帧头:EAEAEAEA  帧尾:AEAEAEAE]
[2026-04-02 17:50:10.627] 在线连接:   1  |  收到数据:    28028 B  |  解析完整帧:   1001 帧  |  发送帧:   1001 帧  (   52052 B)  [帧头:EAEAEAEA  帧尾:AEAEAEAE]
[2026-04-02 17:50:11.628] 在线连接:   1  |  收到数据:    28252 B  |  解析完整帧:   1009 帧  |  发送帧:   1009 帧  (   52468 B)  [帧头:EAEAEAEA  帧尾:AEAEAEAE]
[2026-04-02 17:50:12.629] 在线连接:   1  |  收到数据:    27636 B  |  解析完整帧:    987 帧  |  发送帧:    987 帧  (   51324 B)  [帧头:EAEAEAEA  帧尾:AEAEAEAE]
[2026-04-02 17:50:13.629] 在线连接:   1  |  收到数据:    28000 B  |  解析完整帧:   1000 帧  |  发送帧:   1000 帧  (   52000 B)  [帧头:EAEAEAEA  帧尾:AEAEAEAE]
[2026-04-02 17:50:14.630] 在线连接:   1  |  收到数据:    28252 B  |  解析完整帧:   1009 帧  |  发送帧:   1009 帧  (   52468 B)  [帧头:EAEAEAEA  帧尾:AEAEAEAE]
[2026-04-02 17:50:15.630] 在线连接:   1  |  收到数据:    27860 B  |  解析完整帧:    995 帧  |  发送帧:    995 帧  (   51740 B)  [帧头:EAEAEAEA  帧尾:AEAEAEAE]
[2026-04-02 17:50:16.631] 在线连接:   1  |  收到数据:    28084 B  |  解析完整帧:   1003 帧  |  发送帧:   1003 帧  (   52156 B)  [帧头:EAEAEAEA  帧尾:AEAEAEAE]
[2026-04-02 17:50:17.632] 在线连接:   1  |  收到数据:    28140 B  |  解析完整帧:   1005 帧  |  发送帧:   1005 帧  (   52260 B)  [帧头:EAEAEAEA  帧尾:AEAEAEAE]
[2026-04-02 17:50:18.633] 在线连接:   1  |  收到数据:    28028 B  |  解析完整帧:   1001 帧  |  发送帧:   1001 帧  (   52052 B)  [帧头:EAEAEAEA  帧尾:AEAEAEAE]
[2026-04-02 17:50:19.634] 在线连接:   1  |  收到数据:    28112 B  |  解析完整帧:   1004 帧  |  发送帧:   1004 帧  (   52208 B)  [帧头:EAEAEAEA  帧尾:AEAEAEAE]
[2026-04-02 17:50:20.634] 在线连接:   1  |  收到数据:    27916 B  |  解析完整帧:    997 帧  |  发送帧:    997 帧  (   51844 B)  [帧头:EAEAEAEA  帧尾:AEAEAEAE]
[2026-04-02 17:50:21.635] 在线连接:   1  |  收到数据:    27944 B  |  解析完整帧:    998 帧  |  发送帧:    998 帧  (   51896 B)  [帧头:EAEAEAEA  帧尾:AEAEAEAE]
[2026-04-02 17:50:22.636] 在线连接:   1  |  收到数据:    28084 B  |  解析完整帧:   1003 帧  |  发送帧:   1003 帧  (   52156 B)  [帧头:EAEAEAEA  帧尾:AEAEAEAE]
[2026-04-02 17:50:23.636] 在线连接:   1  |  收到数据:    28168 B  |  解析完整帧:   1006 帧  |  发送帧:   1006 帧  (   52312 B)  [帧头:EAEAEAEA  帧尾:AEAEAEAE]
[2026-04-02 17:50:24.637] 在线连接:   1  |  收到数据:    27832 B  |  解析完整帧:    994 帧  |  发送帧:    994 帧  (   51688 B)  [帧头:EAEAEAEA  帧尾:AEAEAEAE]
[2026-04-02 17:50:25.638] 在线连接:   1  |  收到数据:    27916 B  |  解析完整帧:    997 帧  |  发送帧:    997 帧  (   51844 B)  [帧头:EAEAEAEA  帧尾:AEAEAEAE]
[2026-04-02 17:50:26.639] 在线连接:   1  |  收到数据:    28308 B  |  解析完整帧:   1011 帧  |  发送帧:   1011 帧  (   52572 B)  [帧头:EAEAEAEA  帧尾:AEAEAEAE]
[2026-04-02 17:50:27.639] 在线连接:   1  |  收到数据:    27944 B  |  解析完整帧:    998 帧  |  发送帧:    998 帧  (   51896 B)  [帧头:EAEAEAEA  帧尾:AEAEAEAE]
[2026-04-02 17:50:28.640] 在线连接:   1  |  收到数据:    27944 B  |  解析完整帧:    998 帧  |  发送帧:    998 帧  (   51896 B)  [帧头:EAEAEAEA  帧尾:AEAEAEAE]
[2026-04-02 17:50:29.641] 在线连接:   1  |  收到数据:    28112 B  |  解析完整帧:   1004 帧  |  发送帧:   1004 帧  (   52208 B)  [帧头:EAEAEAEA  帧尾:AEAEAEAE]
[2026-04-02 17:50:30.642] 在线连接:   1  |  收到数据:    27832 B  |  解析完整帧:    994 帧  |  发送帧:    994 帧  (   51688 B)  [帧头:EAEAEAEA  帧尾:AEAEAEAE]
[2026-04-02 17:50:31.644] 在线连接:   1  |  收到数据:    28224 B  |  解析完整帧:   1008 帧  |  发送帧:   1008 帧  (   52416 B)  [帧头:EAEAEAEA  帧尾:AEAEAEAE]
[2026-04-02 17:50:32.646] 在线连接:   1  |  收到数据:    28028 B  |  解析完整帧:   1001 帧  |  发送帧:   1001 帧  (   52052 B)  [帧头:EAEAEAEA  帧尾:AEAEAEAE]
[2026-04-02 17:50:33.647] 在线连接:   1  |  收到数据:    28112 B  |  解析完整帧:   1004 帧  |  发送帧:   1004 帧  (   52208 B)  [帧头:EAEAEAEA  帧尾:AEAEAEAE]
[2026-04-02 17:50:34.647] 在线连接:   1  |  收到数据:    28112 B  |  解析完整帧:   1004 帧  |  发送帧:    998 帧  (   51896 B)  [帧头:EAEAEAEA  帧尾:AEAEAEAE]
[2026-04-02 17:50:35.648] 在线连接:   1  |  收到数据:    27888 B  |  解析完整帧:    996 帧  |  发送帧:   1002 帧  (   52104 B)  [帧头:EAEAEAEA  帧尾:AEAEAEAE]
[2026-04-02 17:50:36.649] 在线连接:   1  |  收到数据:    28140 B  |  解析完整帧:   1005 帧  |  发送帧:   1005 帧  (   52260 B)  [帧头:EAEAEAEA  帧尾:AEAEAEAE]
[2026-04-02 17:50:37.650] 在线连接:   1  |  收到数据:    27860 B  |  解析完整帧:    995 帧  |  发送帧:    995 帧  (   51740 B)  [帧头:EAEAEAEA  帧尾:AEAEAEAE]
[2026-04-02 17:50:38.650] 在线连接:   1  |  收到数据:    28000 B  |  解析完整帧:   1000 帧  |  发送帧:   1000 帧  (   52000 B)  [帧头:EAEAEAEA  帧尾:AEAEAEAE]
[2026-04-02 17:50:39.651] 在线连接:   1  |  收到数据:    27804 B  |  解析完整帧:    993 帧  |  发送帧:    993 帧  (   51636 B)  [帧头:EAEAEAEA  帧尾:AEAEAEAE]
[2026-04-02 17:50:40.651] 在线连接:   1  |  收到数据:    28084 B  |  解析完整帧:   1003 帧  |  发送帧:   1003 帧  (   52156 B)  [帧头:EAEAEAEA  帧尾:AEAEAEAE]
[2026-04-02 17:50:41.652] 在线连接:   1  |  收到数据:    28280 B  |  解析完整帧:   1010 帧  |  发送帧:   1010 帧  (   52520 B)  [帧头:EAEAEAEA  帧尾:AEAEAEAE]
[2026-04-02 17:50:42.653] 在线连接:   1  |  收到数据:    27888 B  |  解析完整帧:    996 帧  |  发送帧:    996 帧  (   51792 B)  [帧头:EAEAEAEA  帧尾:AEAEAEAE]
[2026-04-02 17:50:43.654] 在线连接:   1  |  收到数据:    28084 B  |  解析完整帧:   1003 帧  |  发送帧:   1003 帧  (   52156 B)  [帧头:EAEAEAEA  帧尾:AEAEAEAE]
[2026-04-02 17:50:44.655] 在线连接:   1  |  收到数据:    28168 B  |  解析完整帧:   1006 帧  |  发送帧:   1006 帧  (   52312 B)  [帧头:EAEAEAEA  帧尾:AEAEAEAE]
[2026-04-02 17:50:45.655] 在线连接:   1  |  收到数据:    27832 B  |  解析完整帧:    994 帧  |  发送帧:    994 帧  (   51688 B)  [帧头:EAEAEAEA  帧尾:AEAEAEAE]
[2026-04-02 17:50:46.656] 在线连接:   1  |  收到数据:    28112 B  |  解析完整帧:   1004 帧  |  发送帧:   1004 帧  (   52208 B)  [帧头:EAEAEAEA  帧尾:AEAEAEAE]
[2026-04-02 17:50:47.657] 在线连接:   1  |  收到数据:    28112 B  |  解析完整帧:   1004 帧  |  发送帧:   1004 帧  (   52208 B)  [帧头:EAEAEAEA  帧尾:AEAEAEAE]
[2026-04-02 17:50:48.657] 在线连接:   1  |  收到数据:    27944 B  |  解析完整帧:    998 帧  |  发送帧:    998 帧  (   51896 B)  [帧头:EAEAEAEA  帧尾:AEAEAEAE]
[2026-04-02 17:50:49.658] 在线连接:   1  |  收到数据:    27832 B  |  解析完整帧:    994 帧  |  发送帧:    994 帧  (   51688 B)  [帧头:EAEAEAEA  帧尾:AEAEAEAE]
[2026-04-02 17:50:50.659] 在线连接:   1  |  收到数据:    28084 B  |  解析完整帧:   1003 帧  |  发送帧:   1003 帧  (   52156 B)  [帧头:EAEAEAEA  帧尾:AEAEAEAE]
[2026-04-02 17:50:51.660] 在线连接:   1  |  收到数据:    28084 B  |  解析完整帧:   1003 帧  |  发送帧:   1003 帧  (   52156 B)  [帧头:EAEAEAEA  帧尾:AEAEAEAE]
[2026-04-02 17:50:52.661] 在线连接:   1  |  收到数据:    28140 B  |  解析完整帧:   1005 帧  |  发送帧:   1005 帧  (   52260 B)  [帧头:EAEAEAEA  帧尾:AEAEAEAE]
[2026-04-02 17:50:53.661] 在线连接:   1  |  收到数据:    28056 B  |  解析完整帧:   1002 帧  |  发送帧:   1002 帧  (   52104 B)  [帧头:EAEAEAEA  帧尾:AEAEAEAE]
[2026-04-02 17:50:54.662] 在线连接:   1  |  收到数据:    27944 B  |  解析完整帧:    998 帧  |  发送帧:    998 帧  (   51896 B)  [帧头:EAEAEAEA  帧尾:AEAEAEAE]
[2026-04-02 17:50:55.663] 在线连接:   1  |  收到数据:    27636 B  |  解析完整帧:    987 帧  |  发送帧:    987 帧  (   51324 B)  [帧头:EAEAEAEA  帧尾:AEAEAEAE]
[2026-04-02 17:50:56.663] 在线连接:   1  |  收到数据:    28364 B  |  解析完整帧:   1013 帧  |  发送帧:   1013 帧  (   52676 B)  [帧头:EAEAEAEA  帧尾:AEAEAEAE]
[2026-04-02 17:50:57.664] 在线连接:   1  |  收到数据:    27916 B  |  解析完整帧:    997 帧  |  发送帧:    997 帧  (   51844 B)  [帧头:EAEAEAEA  帧尾:AEAEAEAE]
[2026-04-02 17:50:58.665] 在线连接:   1  |  收到数据:    28112 B  |  解析完整帧:   1004 帧  |  发送帧:   1004 帧  (   52208 B)  [帧头:EAEAEAEA  帧尾:AEAEAEAE]
[2026-04-02 17:50:59.666] 在线连接:   1  |  收到数据:    28028 B  |  解析完整帧:   1001 帧  |  发送帧:   1001 帧  (   52052 B)  [帧头:EAEAEAEA  帧尾:AEAEAEAE]
[2026-04-02 17:51:00.666] 在线连接:   1  |  收到数据:    28056 B  |  解析完整帧:   1002 帧  |  发送帧:   1002 帧  (   52104 B)  [帧头:EAEAEAEA  帧尾:AEAEAEAE]
[2026-04-02 17:51:01.667] 在线连接:   1  |  收到数据:    28000 B  |  解析完整帧:   1000 帧  |  发送帧:   1000 帧  (   52000 B)  [帧头:EAEAEAEA  帧尾:AEAEAEAE]
[2026-04-02 17:51:02.668] 在线连接:   1  |  收到数据:    27972 B  |  解析完整帧:    999 帧  |  发送帧:    999 帧  (   51948 B)  [帧头:EAEAEAEA  帧尾:AEAEAEAE]
[2026-04-02 17:51:03.668] 在线连接:   1  |  收到数据:    27776 B  |  解析完整帧:    992 帧  |  发送帧:    992 帧  (   51584 B)  [帧头:EAEAEAEA  帧尾:AEAEAEAE]
[2026-04-02 17:51:04.669] 在线连接:   1  |  收到数据:    28084 B  |  解析完整帧:   1003 帧  |  发送帧:   1003 帧  (   52156 B)  [帧头:EAEAEAEA  帧尾:AEAEAEAE]
[2026-04-02 17:51:05.670] 在线连接:   1  |  收到数据:    27972 B  |  解析完整帧:    999 帧  |  发送帧:    999 帧  (   51948 B)  [帧头:EAEAEAEA  帧尾:AEAEAEAE]
[2026-04-02 17:51:06.671] 在线连接:   1  |  收到数据:    27664 B  |  解析完整帧:    988 帧  |  发送帧:    988 帧  (   51376 B)  [帧头:EAEAEAEA  帧尾:AEAEAEAE]
[2026-04-02 17:51:07.672] 在线连接:   1  |  收到数据:    28448 B  |  解析完整帧:   1016 帧  |  发送帧:   1016 帧  (   52832 B)  [帧头:EAEAEAEA  帧尾:AEAEAEAE]
[2026-04-02 17:51:08.673] 在线连接:   1  |  收到数据:    27832 B  |  解析完整帧:    994 帧  |  发送帧:    994 帧  (   51688 B)  [帧头:EAEAEAEA  帧尾:AEAEAEAE]
[2026-04-02 17:51:09.673] 在线连接:   1  |  收到数据:    28168 B  |  解析完整帧:   1006 帧  |  发送帧:   1006 帧  (   52312 B)  [帧头:EAEAEAEA  帧尾:AEAEAEAE]
[2026-04-02 17:51:10.674] 在线连接:   1  |  收到数据:    27804 B  |  解析完整帧:    993 帧  |  发送帧:    993 帧  (   51636 B)  [帧头:EAEAEAEA  帧尾:AEAEAEAE]
[2026-04-02 17:51:11.675] 在线连接:   1  |  收到数据:    28252 B  |  解析完整帧:   1009 帧  |  发送帧:   1009 帧  (   52468 B)  [帧头:EAEAEAEA  帧尾:AEAEAEAE]
[2026-04-02 17:51:12.675] 在线连接:   1  |  收到数据:    28000 B  |  解析完整帧:   1000 帧  |  发送帧:   1000 帧  (   52000 B)  [帧头:EAEAEAEA  帧尾:AEAEAEAE]
[2026-04-02 17:51:13.676] 在线连接:   1  |  收到数据:    27804 B  |  解析完整帧:    993 帧  |  发送帧:    993 帧  (   51636 B)  [帧头:EAEAEAEA  帧尾:AEAEAEAE]
[2026-04-02 17:51:14.677] 在线连接:   1  |  收到数据:    27972 B  |  解析完整帧:    999 帧  |  发送帧:    999 帧  (   51948 B)  [帧头:EAEAEAEA  帧尾:AEAEAEAE]
[2026-04-02 17:51:15.678] 在线连接:   1  |  收到数据:    28084 B  |  解析完整帧:   1003 帧  |  发送帧:   1003 帧  (   52156 B)  [帧头:EAEAEAEA  帧尾:AEAEAEAE]
[2026-04-02 17:51:16.678] 在线连接:   1  |  收到数据:    28252 B  |  解析完整帧:   1009 帧  |  发送帧:   1009 帧  (   52468 B)  [帧头:EAEAEAEA  帧尾:AEAEAEAE]
[2026-04-02 17:51:17.678] 在线连接:   1  |  收到数据:    27748 B  |  解析完整帧:    991 帧  |  发送帧:    991 帧  (   51532 B)  [帧头:EAEAEAEA  帧尾:AEAEAEAE]
[2026-04-02 17:51:18.679] 在线连接:   1  |  收到数据:    28140 B  |  解析完整帧:   1005 帧  |  发送帧:   1005 帧  (   52260 B)  [帧头:EAEAEAEA  帧尾:AEAEAEAE]
[2026-04-02 17:51:19.680] 在线连接:   1  |  收到数据:    28112 B  |  解析完整帧:   1004 帧  |  发送帧:   1004 帧  (   52208 B)  [帧头:EAEAEAEA  帧尾:AEAEAEAE]
[2026-04-02 17:51:20.680] 在线连接:   1  |  收到数据:    28028 B  |  解析完整帧:   1001 帧  |  发送帧:   1001 帧  (   52052 B)  [帧头:EAEAEAEA  帧尾:AEAEAEAE]
[2026-04-02 17:51:21.681] 在线连接:   1  |  收到数据:    28056 B  |  解析完整帧:   1002 帧  |  发送帧:   1002 帧  (   52104 B)  [帧头:EAEAEAEA  帧尾:AEAEAEAE]
[2026-04-02 17:51:22.681] 在线连接:   1  |  收到数据:    27776 B  |  解析完整帧:    992 帧  |  发送帧:    992 帧  (   51584 B)  [帧头:EAEAEAEA  帧尾:AEAEAEAE]
[2026-04-02 17:51:23.682] 在线连接:   1  |  收到数据:    28112 B  |  解析完整帧:   1004 帧  |  发送帧:   1004 帧  (   52208 B)  [帧头:EAEAEAEA  帧尾:AEAEAEAE]
[2026-04-02 17:51:24.683] 在线连接:   1  |  收到数据:    28112 B  |  解析完整帧:   1004 帧  |  发送帧:   1004 帧  (   52208 B)  [帧头:EAEAEAEA  帧尾:AEAEAEAE]
[2026-04-02 17:51:25.684] 在线连接:   1  |  收到数据:    27860 B  |  解析完整帧:    995 帧  |  发送帧:    995 帧  (   51740 B)  [帧头:EAEAEAEA  帧尾:AEAEAEAE]
[2026-04-02 17:51:26.685] 在线连接:   1  |  收到数据:    27832 B  |  解析完整帧:    994 帧  |  发送帧:    994 帧  (   51688 B)  [帧头:EAEAEAEA  帧尾:AEAEAEAE]
[2026-04-02 17:51:27.685] 在线连接:   1  |  收到数据:    28336 B  |  解析完整帧:   1012 帧  |  发送帧:   1012 帧  (   52624 B)  [帧头:EAEAEAEA  帧尾:AEAEAEAE]
[2026-04-02 17:51:28.686] 在线连接:   1  |  收到数据:    28084 B  |  解析完整帧:   1003 帧  |  发送帧:    994 帧  (   51688 B)  [帧头:EAEAEAEA  帧尾:AEAEAEAE]
[2026-04-02 17:51:29.687] 在线连接:   1  |  收到数据:    28000 B  |  解析完整帧:   1000 帧  |  发送帧:   1009 帧  (   52468 B)  [帧头:EAEAEAEA  帧尾:AEAEAEAE]
[2026-04-02 17:51:30.688] 在线连接:   1  |  收到数据:    27804 B  |  解析完整帧:    993 帧  |  发送帧:    993 帧  (   51636 B)  [帧头:EAEAEAEA  帧尾:AEAEAEAE]
[2026-04-02 17:51:31.689] 在线连接:   1  |  收到数据:    28196 B  |  解析完整帧:   1007 帧  |  发送帧:   1007 帧  (   52364 B)  [帧头:EAEAEAEA  帧尾:AEAEAEAE]
[2026-04-02 17:51:32.690] 在线连接:   1  |  收到数据:    28028 B  |  解析完整帧:   1001 帧  |  发送帧:   1001 帧  (   52052 B)  [帧头:EAEAEAEA  帧尾:AEAEAEAE]
[2026-04-02 17:51:33.690] 在线连接:   1  |  收到数据:    28056 B  |  解析完整帧:   1002 帧  |  发送帧:   1002 帧  (   52104 B)  [帧头:EAEAEAEA  帧尾:AEAEAEAE]
[2026-04-02 17:51:34.691] 在线连接:   1  |  收到数据:    28028 B  |  解析完整帧:   1001 帧  |  发送帧:   1001 帧  (   52052 B)  [帧头:EAEAEAEA  帧尾:AEAEAEAE]
[2026-04-02 17:51:35.692] 在线连接:   1  |  收到数据:    28084 B  |  解析完整帧:   1003 帧  |  发送帧:   1003 帧  (   52156 B)  [帧头:EAEAEAEA  帧尾:AEAEAEAE]
[2026-04-02 17:51:36.693] 在线连接:   1  |  收到数据:    27944 B  |  解析完整帧:    998 帧  |  发送帧:    998 帧  (   51896 B)  [帧头:EAEAEAEA  帧尾:AEAEAEAE]
[2026-04-02 17:51:37.693] 在线连接:   1  |  收到数据:    28112 B  |  解析完整帧:   1004 帧  |  发送帧:   1004 帧  (   52208 B)  [帧头:EAEAEAEA  帧尾:AEAEAEAE]
[2026-04-02 17:51:38.694] 在线连接:   1  |  收到数据:    27972 B  |  解析完整帧:    999 帧  |  发送帧:    999 帧  (   51948 B)  [帧头:EAEAEAEA  帧尾:AEAEAEAE]
[2026-04-02 17:51:39.695] 在线连接:   1  |  收到数据:    28000 B  |  解析完整帧:   1000 帧  |  发送帧:   1000 帧  (   52000 B)  [帧头:EAEAEAEA  帧尾:AEAEAEAE]
[2026-04-02 17:51:40.695] 在线连接:   1  |  收到数据:    28084 B  |  解析完整帧:   1003 帧  |  发送帧:   1003 帧  (   52156 B)  [帧头:EAEAEAEA  帧尾:AEAEAEAE]
[2026-04-02 17:51:41.696] 在线连接:   1  |  收到数据:    27972 B  |  解析完整帧:    999 帧  |  发送帧:    999 帧  (   51948 B)  [帧头:EAEAEAEA  帧尾:AEAEAEAE]
[2026-04-02 17:51:42.697] 在线连接:   1  |  收到数据:    28084 B  |  解析完整帧:   1003 帧  |  发送帧:   1003 帧  (   52156 B)  [帧头:EAEAEAEA  帧尾:AEAEAEAE]
[2026-04-02 17:51:43.698] 在线连接:   1  |  收到数据:    28000 B  |  解析完整帧:   1000 帧  |  发送帧:   1000 帧  (   52000 B)  [帧头:EAEAEAEA  帧尾:AEAEAEAE]
[2026-04-02 17:51:44.698] 在线连接:   1  |  收到数据:    27832 B  |  解析完整帧:    994 帧  |  发送帧:    994 帧  (   51688 B)  [帧头:EAEAEAEA  帧尾:AEAEAEAE]
[2026-04-02 17:51:45.699] 在线连接:   1  |  收到数据:    28056 B  |  解析完整帧:   1002 帧  |  发送帧:   1002 帧  (   52104 B)  [帧头:EAEAEAEA  帧尾:AEAEAEAE]
[2026-04-02 17:51:46.700] 在线连接:   1  |  收到数据:    28028 B  |  解析完整帧:   1001 帧  |  发送帧:   1001 帧  (   52052 B)  [帧头:EAEAEAEA  帧尾:AEAEAEAE]
[2026-04-02 17:51:47.701] 在线连接:   1  |  收到数据:    28000 B  |  解析完整帧:   1000 帧  |  发送帧:   1000 帧  (   52000 B)  [帧头:EAEAEAEA  帧尾:AEAEAEAE]
[2026-04-02 17:51:48.701] 在线连接:   1  |  收到数据:    28112 B  |  解析完整帧:   1004 帧  |  发送帧:   1004 帧  (   52208 B)  [帧头:EAEAEAEA  帧尾:AEAEAEAE]
[2026-04-02 17:51:49.702] 在线连接:   1  |  收到数据:    28028 B  |  解析完整帧:   1001 帧  |  发送帧:   1001 帧  (   52052 B)  [帧头:EAEAEAEA  帧尾:AEAEAEAE]
[2026-04-02 17:51:50.703] 在线连接:   1  |  收到数据:    28084 B  |  解析完整帧:   1003 帧  |  发送帧:   1003 帧  (   52156 B)  [帧头:EAEAEAEA  帧尾:AEAEAEAE]
[2026-04-02 17:51:51.703] 在线连接:   1  |  收到数据:    27916 B  |  解析完整帧:    997 帧  |  发送帧:    997 帧  (   51844 B)  [帧头:EAEAEAEA  帧尾:AEAEAEAE]
[2026-04-02 17:51:52.704] 在线连接:   1  |  收到数据:    27860 B  |  解析完整帧:    995 帧  |  发送帧:    995 帧  (   51740 B)  [帧头:EAEAEAEA  帧尾:AEAEAEAE]
[2026-04-02 17:51:53.705] 在线连接:   1  |  收到数据:    28196 B  |  解析完整帧:   1007 帧  |  发送帧:   1007 帧  (   52364 B)  [帧头:EAEAEAEA  帧尾:AEAEAEAE]
[2026-04-02 17:51:54.706] 在线连接:   1  |  收到数据:    27832 B  |  解析完整帧:    994 帧  |  发送帧:    994 帧  (   51688 B)  [帧头:EAEAEAEA  帧尾:AEAEAEAE]
[2026-04-02 17:51:55.707] 在线连接:   1  |  收到数据:    28308 B  |  解析完整帧:   1011 帧  |  发送帧:   1011 帧  (   52572 B)  [帧头:EAEAEAEA  帧尾:AEAEAEAE]
[2026-04-02 17:51:56.708] 在线连接:   1  |  收到数据:    27916 B  |  解析完整帧:    997 帧  |  发送帧:    997 帧  (   51844 B)  [帧头:EAEAEAEA  帧尾:AEAEAEAE]
[2026-04-02 17:51:57.708] 在线连接:   1  |  收到数据:    28112 B  |  解析完整帧:   1004 帧  |  发送帧:   1004 帧  (   52208 B)  [帧头:EAEAEAEA  帧尾:AEAEAEAE]
[2026-04-02 17:51:58.709] 在线连接:   1  |  收到数据:    28028 B  |  解析完整帧:   1001 帧  |  发送帧:   1001 帧  (   52052 B)  [帧头:EAEAEAEA  帧尾:AEAEAEAE]
[2026-04-02 17:51:59.709] 在线连接:   1  |  收到数据:    27972 B  |  解析完整帧:    999 帧  |  发送帧:    999 帧  (   51948 B)  [帧头:EAEAEAEA  帧尾:AEAEAEAE]
[2026-04-02 17:52:00.710] 在线连接:   1  |  收到数据:    28056 B  |  解析完整帧:   1002 帧  |  发送帧:   1002 帧  (   52104 B)  [帧头:EAEAEAEA  帧尾:AEAEAEAE]
[2026-04-02 17:52:01.711] 在线连接:   1  |  收到数据:    27916 B  |  解析完整帧:    997 帧  |  发送帧:    997 帧  (   51844 B)  [帧头:EAEAEAEA  帧尾:AEAEAEAE]
[2026-04-02 17:52:02.711] 在线连接:   1  |  收到数据:    28140 B  |  解析完整帧:   1005 帧  |  发送帧:   1005 帧  (   52260 B)  [帧头:EAEAEAEA  帧尾:AEAEAEAE]
[2026-04-02 17:52:03.712] 在线连接:   1  |  收到数据:    27916 B  |  解析完整帧:    997 帧  |  发送帧:    997 帧  (   51844 B)  [帧头:EAEAEAEA  帧尾:AEAEAEAE]
[2026-04-02 17:52:04.713] 在线连接:   1  |  收到数据:    28140 B  |  解析完整帧:   1005 帧  |  发送帧:   1005 帧  (   52260 B)  [帧头:EAEAEAEA  帧尾:AEAEAEAE]
[2026-04-02 17:52:05.714] 在线连接:   1  |  收到数据:    27748 B  |  解析完整帧:    991 帧  |  发送帧:    991 帧  (   51532 B)  [帧头:EAEAEAEA  帧尾:AEAEAEAE]
[2026-04-02 17:52:06.714] 在线连接:   1  |  收到数据:    28252 B  |  解析完整帧:   1009 帧  |  发送帧:   1009 帧  (   52468 B)  [帧头:EAEAEAEA  帧尾:AEAEAEAE]
[2026-04-02 17:52:07.715] 在线连接:   1  |  收到数据:    28056 B  |  解析完整帧:   1002 帧  |  发送帧:   1002 帧  (   52104 B)  [帧头:EAEAEAEA  帧尾:AEAEAEAE]
[2026-04-02 17:52:08.717] 在线连接:   1  |  收到数据:    27440 B  |  解析完整帧:    980 帧  |  发送帧:    980 帧  (   50960 B)  [帧头:EAEAEAEA  帧尾:AEAEAEAE]
[2026-04-02 17:52:09.717] 在线连接:   1  |  收到数据:    28560 B  |  解析完整帧:   1020 帧  |  发送帧:   1020 帧  (   53040 B)  [帧头:EAEAEAEA  帧尾:AEAEAEAE]
[2026-04-02 17:52:10.718] 在线连接:   1  |  收到数据:    27972 B  |  解析完整帧:    999 帧  |  发送帧:    999 帧  (   51948 B)  [帧头:EAEAEAEA  帧尾:AEAEAEAE]
[2026-04-02 17:52:11.719] 在线连接:   1  |  收到数据:    27888 B  |  解析完整帧:    996 帧  |  发送帧:    996 帧  (   51792 B)  [帧头:EAEAEAEA  帧尾:AEAEAEAE]
[2026-04-02 17:52:12.719] 在线连接:   1  |  收到数据:    28000 B  |  解析完整帧:   1000 帧  |  发送帧:   1000 帧  (   52000 B)  [帧头:EAEAEAEA  帧尾:AEAEAEAE]
[2026-04-02 17:52:13.719] 在线连接:   1  |  收到数据:    28056 B  |  解析完整帧:   1002 帧  |  发送帧:   1002 帧  (   52104 B)  [帧头:EAEAEAEA  帧尾:AEAEAEAE]
[2026-04-02 17:52:14.720] 在线连接:   1  |  收到数据:    28028 B  |  解析完整帧:   1001 帧  |  发送帧:   1001 帧  (   52052 B)  [帧头:EAEAEAEA  帧尾:AEAEAEAE]
[2026-04-02 17:52:15.721] 在线连接:   1  |  收到数据:    27888 B  |  解析完整帧:    996 帧  |  发送帧:    996 帧  (   51792 B)  [帧头:EAEAEAEA  帧尾:AEAEAEAE]
[2026-04-02 17:52:16.722] 在线连接:   1  |  收到数据:    28084 B  |  解析完整帧:   1003 帧  |  发送帧:   1003 帧  (   52156 B)  [帧头:EAEAEAEA  帧尾:AEAEAEAE]
[2026-04-02 17:52:17.722] 在线连接:   1  |  收到数据:    27832 B  |  解析完整帧:    994 帧  |  发送帧:    994 帧  (   51688 B)  [帧头:EAEAEAEA  帧尾:AEAEAEAE]
[2026-04-02 17:52:18.723] 在线连接:   1  |  收到数据:    28280 B  |  解析完整帧:   1010 帧  |  发送帧:   1010 帧  (   52520 B)  [帧头:EAEAEAEA  帧尾:AEAEAEAE]
[2026-04-02 17:52:19.724] 在线连接:   1  |  收到数据:    28028 B  |  解析完整帧:   1001 帧  |  发送帧:   1001 帧  (   52052 B)  [帧头:EAEAEAEA  帧尾:AEAEAEAE]
[2026-04-02 17:52:20.725] 在线连接:   1  |  收到数据:    28056 B  |  解析完整帧:   1002 帧  |  发送帧:   1002 帧  (   52104 B)  [帧头:EAEAEAEA  帧尾:AEAEAEAE]
[2026-04-02 17:52:21.726] 在线连接:   1  |  收到数据:    27860 B  |  解析完整帧:    995 帧  |  发送帧:    995 帧  (   51740 B)  [帧头:EAEAEAEA  帧尾:AEAEAEAE]
[2026-04-02 17:52:22.727] 在线连接:   1  |  收到数据:    27692 B  |  解析完整帧:    989 帧  |  发送帧:    989 帧  (   51428 B)  [帧头:EAEAEAEA  帧尾:AEAEAEAE]
[2026-04-02 17:52:23.728] 在线连接:   1  |  收到数据:    28308 B  |  解析完整帧:   1011 帧  |  发送帧:   1011 帧  (   52572 B)  [帧头:EAEAEAEA  帧尾:AEAEAEAE]
[2026-04-02 17:52:24.728] 在线连接:   1  |  收到数据:    28112 B  |  解析完整帧:   1004 帧  |  发送帧:   1004 帧  (   52208 B)  [帧头:EAEAEAEA  帧尾:AEAEAEAE]
[2026-04-02 17:52:25.729] 在线连接:   1  |  收到数据:    28028 B  |  解析完整帧:   1001 帧  |  发送帧:   1001 帧  (   52052 B)  [帧头:EAEAEAEA  帧尾:AEAEAEAE]
[2026-04-02 17:52:26.730] 在线连接:   1  |  收到数据:    28028 B  |  解析完整帧:   1001 帧  |  发送帧:   1001 帧  (   52052 B)  [帧头:EAEAEAEA  帧尾:AEAEAEAE]
[2026-04-02 17:52:27.730] 在线连接:   1  |  收到数据:    28000 B  |  解析完整帧:   1000 帧  |  发送帧:   1000 帧  (   52000 B)  [帧头:EAEAEAEA  帧尾:AEAEAEAE]
[2026-04-02 17:52:28.731] 在线连接:   1  |  收到数据:    27720 B  |  解析完整帧:    990 帧  |  发送帧:    990 帧  (   51480 B)  [帧头:EAEAEAEA  帧尾:AEAEAEAE]
[2026-04-02 17:52:29.732] 在线连接:   1  |  收到数据:    28000 B  |  解析完整帧:   1000 帧  |  发送帧:   1000 帧  (   52000 B)  [帧头:EAEAEAEA  帧尾:AEAEAEAE]
[2026-04-02 17:52:30.733] 在线连接:   1  |  收到数据:    28364 B  |  解析完整帧:   1013 帧  |  发送帧:   1013 帧  (   52676 B)  [帧头:EAEAEAEA  帧尾:AEAEAEAE]
[2026-04-02 17:52:31.733] 在线连接:   1  |  收到数据:    28000 B  |  解析完整帧:   1000 帧  |  发送帧:   1000 帧  (   52000 B)  [帧头:EAEAEAEA  帧尾:AEAEAEAE]
[2026-04-02 17:52:32.734] 在线连接:   1  |  收到数据:    28028 B  |  解析完整帧:   1001 帧  |  发送帧:   1001 帧  (   52052 B)  [帧头:EAEAEAEA  帧尾:AEAEAEAE]
[2026-04-02 17:52:33.735] 在线连接:   1  |  收到数据:    28028 B  |  解析完整帧:   1001 帧  |  发送帧:   1001 帧  (   52052 B)  [帧头:EAEAEAEA  帧尾:AEAEAEAE]
[2026-04-02 17:52:34.736] 在线连接:   1  |  收到数据:    27468 B  |  解析完整帧:    981 帧  |  发送帧:    981 帧  (   51012 B)  [帧头:EAEAEAEA  帧尾:AEAEAEAE]
[2026-04-02 17:52:35.736] 在线连接:   1  |  收到数据:    28532 B  |  解析完整帧:   1019 帧  |  发送帧:   1019 帧  (   52988 B)  [帧头:EAEAEAEA  帧尾:AEAEAEAE]
[2026-04-02 17:52:36.737] 在线连接:   1  |  收到数据:    28112 B  |  解析完整帧:   1004 帧  |  发送帧:   1003 帧  (   52156 B)  [帧头:EAEAEAEA  帧尾:AEAEAEAE]
[2026-04-02 17:52:37.738] 在线连接:   1  |  收到数据:    27804 B  |  解析完整帧:    993 帧  |  发送帧:    994 帧  (   51688 B)  [帧头:EAEAEAEA  帧尾:AEAEAEAE]
[2026-04-02 17:52:38.739] 在线连接:   1  |  收到数据:    28168 B  |  解析完整帧:   1006 帧  |  发送帧:   1006 帧  (   52312 B)  [帧头:EAEAEAEA  帧尾:AEAEAEAE]
[2026-04-02 17:52:39.740] 在线连接:   1  |  收到数据:    27916 B  |  解析完整帧:    997 帧  |  发送帧:    997 帧  (   51844 B)  [帧头:EAEAEAEA  帧尾:AEAEAEAE]
[2026-04-02 17:52:40.740] 在线连接:   1  |  收到数据:    28168 B  |  解析完整帧:   1006 帧  |  发送帧:   1006 帧  (   52312 B)  [帧头:EAEAEAEA  帧尾:AEAEAEAE]
[2026-04-02 17:52:41.741] 在线连接:   1  |  收到数据:    27720 B  |  解析完整帧:    990 帧  |  发送帧:    990 帧  (   51480 B)  [帧头:EAEAEAEA  帧尾:AEAEAEAE]
[2026-04-02 17:52:42.742] 在线连接:   1  |  收到数据:    28252 B  |  解析完整帧:   1009 帧  |  发送帧:   1009 帧  (   52468 B)  [帧头:EAEAEAEA  帧尾:AEAEAEAE]
[2026-04-02 17:52:43.743] 在线连接:   1  |  收到数据:    28084 B  |  解析完整帧:   1003 帧  |  发送帧:   1003 帧  (   52156 B)  [帧头:EAEAEAEA  帧尾:AEAEAEAE]
[2026-04-02 17:52:44.744] 在线连接:   1  |  收到数据:    28056 B  |  解析完整帧:   1002 帧  |  发送帧:   1002 帧  (   52104 B)  [帧头:EAEAEAEA  帧尾:AEAEAEAE]
[2026-04-02 17:52:45.745] 在线连接:   1  |  收到数据:    27888 B  |  解析完整帧:    996 帧  |  发送帧:    996 帧  (   51792 B)  [帧头:EAEAEAEA  帧尾:AEAEAEAE]
[2026-04-02 17:52:46.746] 在线连接:   1  |  收到数据:    27832 B  |  解析完整帧:    994 帧  |  发送帧:    994 帧  (   51688 B)  [帧头:EAEAEAEA  帧尾:AEAEAEAE]
[2026-04-02 17:52:47.746] 在线连接:   1  |  收到数据:    28252 B  |  解析完整帧:   1009 帧  |  发送帧:   1009 帧  (   52468 B)  [帧头:EAEAEAEA  帧尾:AEAEAEAE]
[2026-04-02 17:52:48.747] 在线连接:   1  |  收到数据:    28084 B  |  解析完整帧:   1003 帧  |  发送帧:   1003 帧  (   52156 B)  [帧头:EAEAEAEA  帧尾:AEAEAEAE]
[2026-04-02 17:52:49.748] 在线连接:   1  |  收到数据:    28000 B  |  解析完整帧:   1000 帧  |  发送帧:   1000 帧  (   52000 B)  [帧头:EAEAEAEA  帧尾:AEAEAEAE]
[2026-04-02 17:52:50.748] 在线连接:   1  |  收到数据:    28028 B  |  解析完整帧:   1001 帧  |  发送帧:   1001 帧  (   52052 B)  [帧头:EAEAEAEA  帧尾:AEAEAEAE]
[2026-04-02 17:52:51.749] 在线连接:   1  |  收到数据:    28028 B  |  解析完整帧:   1001 帧  |  发送帧:   1001 帧  (   52052 B)  [帧头:EAEAEAEA  帧尾:AEAEAEAE]
[2026-04-02 17:52:52.750] 在线连接:   1  |  收到数据:    28056 B  |  解析完整帧:   1002 帧  |  发送帧:   1002 帧  (   52104 B)  [帧头:EAEAEAEA  帧尾:AEAEAEAE]
[2026-04-02 17:52:53.751] 在线连接:   1  |  收到数据:    27916 B  |  解析完整帧:    997 帧  |  发送帧:    997 帧  (   51844 B)  [帧头:EAEAEAEA  帧尾:AEAEAEAE]
[2026-04-02 17:52:54.751] 在线连接:   1  |  收到数据:    27944 B  |  解析完整帧:    998 帧  |  发送帧:    998 帧  (   51896 B)  [帧头:EAEAEAEA  帧尾:AEAEAEAE]
[2026-04-02 17:52:55.752] 在线连接:   1  |  收到数据:    28056 B  |  解析完整帧:   1002 帧  |  发送帧:   1002 帧  (   52104 B)  [帧头:EAEAEAEA  帧尾:AEAEAEAE]
[2026-04-02 17:52:56.753] 在线连接:   1  |  收到数据:    28168 B  |  解析完整帧:   1006 帧  |  发送帧:   1006 帧  (   52312 B)  [帧头:EAEAEAEA  帧尾:AEAEAEAE]
[2026-04-02 17:52:57.753] 在线连接:   1  |  收到数据:    27944 B  |  解析完整帧:    998 帧  |  发送帧:    998 帧  (   51896 B)  [帧头:EAEAEAEA  帧尾:AEAEAEAE]
[2026-04-02 17:52:58.754] 在线连接:   1  |  收到数据:    28084 B  |  解析完整帧:   1003 帧  |  发送帧:   1003 帧  (   52156 B)  [帧头:EAEAEAEA  帧尾:AEAEAEAE]
[2026-04-02 17:52:59.755] 在线连接:   1  |  收到数据:    28028 B  |  解析完整帧:   1001 帧  |  发送帧:   1001 帧  (   52052 B)  [帧头:EAEAEAEA  帧尾:AEAEAEAE]
[2026-04-02 17:53:00.755] 在线连接:   1  |  收到数据:    28028 B  |  解析完整帧:   1001 帧  |  发送帧:   1001 帧  (   52052 B)  [帧头:EAEAEAEA  帧尾:AEAEAEAE]
[2026-04-02 17:53:01.756] 在线连接:   1  |  收到数据:    27804 B  |  解析完整帧:    993 帧  |  发送帧:    993 帧  (   51636 B)  [帧头:EAEAEAEA  帧尾:AEAEAEAE]
[2026-04-02 17:53:02.757] 在线连接:   1  |  收到数据:    27972 B  |  解析完整帧:    999 帧  |  发送帧:    999 帧  (   51948 B)  [帧头:EAEAEAEA  帧尾:AEAEAEAE]
[2026-04-02 17:53:03.758] 在线连接:   1  |  收到数据:    28056 B  |  解析完整帧:   1002 帧  |  发送帧:   1002 帧  (   52104 B)  [帧头:EAEAEAEA  帧尾:AEAEAEAE]
[2026-04-02 17:53:04.759] 在线连接:   1  |  收到数据:    28252 B  |  解析完整帧:   1009 帧  |  发送帧:   1009 帧  (   52468 B)  [帧头:EAEAEAEA  帧尾:AEAEAEAE]
[2026-04-02 17:53:05.760] 在线连接:   1  |  收到数据:    28028 B  |  解析完整帧:   1001 帧  |  发送帧:   1001 帧  (   52052 B)  [帧头:EAEAEAEA  帧尾:AEAEAEAE]
[2026-04-02 17:53:06.760] 在线连接:   1  |  收到数据:    27888 B  |  解析完整帧:    996 帧  |  发送帧:    996 帧  (   51792 B)  [帧头:EAEAEAEA  帧尾:AEAEAEAE]
[2026-04-02 17:53:07.761] 在线连接:   1  |  收到数据:    28056 B  |  解析完整帧:   1002 帧  |  发送帧:   1002 帧  (   52104 B)  [帧头:EAEAEAEA  帧尾:AEAEAEAE]
[2026-04-02 17:53:08.762] 在线连接:   1  |  收到数据:    26824 B  |  解析完整帧:    958 帧  |  发送帧:    958 帧  (   49816 B)  [帧头:EAEAEAEA  帧尾:AEAEAEAE]
[2026-04-02 17:53:09.763] 在线连接:   1  |  收到数据:    28756 B  |  解析完整帧:   1027 帧  |  发送帧:   1027 帧  (   53404 B)  [帧头:EAEAEAEA  帧尾:AEAEAEAE]
[2026-04-02 17:53:10.764] 在线连接:   1  |  收到数据:    28560 B  |  解析完整帧:   1020 帧  |  发送帧:   1020 帧  (   53040 B)  [帧头:EAEAEAEA  帧尾:AEAEAEAE]
[2026-04-02 17:53:11.764] 在线连接:   1  |  收到数据:    27692 B  |  解析完整帧:    989 帧  |  发送帧:    989 帧  (   51428 B)  [帧头:EAEAEAEA  帧尾:AEAEAEAE]
[2026-04-02 17:53:12.765] 在线连接:   1  |  收到数据:    28364 B  |  解析完整帧:   1013 帧  |  发送帧:   1013 帧  (   52676 B)  [帧头:EAEAEAEA  帧尾:AEAEAEAE]
[2026-04-02 17:53:13.766] 在线连接:   1  |  收到数据:    28000 B  |  解析完整帧:   1000 帧  |  发送帧:   1000 帧  (   52000 B)  [帧头:EAEAEAEA  帧尾:AEAEAEAE]
[2026-04-02 17:53:14.766] 在线连接:   1  |  收到数据:    27468 B  |  解析完整帧:    981 帧  |  发送帧:    981 帧  (   51012 B)  [帧头:EAEAEAEA  帧尾:AEAEAEAE]
[2026-04-02 17:53:15.767] 在线连接:   1  |  收到数据:    28532 B  |  解析完整帧:   1019 帧  |  发送帧:   1019 帧  (   52988 B)  [帧头:EAEAEAEA  帧尾:AEAEAEAE]
[2026-04-02 17:53:16.768] 在线连接:   1  |  收到数据:    27832 B  |  解析完整帧:    994 帧  |  发送帧:    994 帧  (   51688 B)  [帧头:EAEAEAEA  帧尾:AEAEAEAE]
[2026-04-02 17:53:17.769] 在线连接:   1  |  收到数据:    28280 B  |  解析完整帧:   1010 帧  |  发送帧:   1010 帧  (   52520 B)  [帧头:EAEAEAEA  帧尾:AEAEAEAE]
[2026-04-02 17:53:18.769] 在线连接:   1  |  收到数据:    27944 B  |  解析完整帧:    998 帧  |  发送帧:    998 帧  (   51896 B)  [帧头:EAEAEAEA  帧尾:AEAEAEAE]
[2026-04-02 17:53:19.771] 在线连接:   1  |  收到数据:    27832 B  |  解析完整帧:    994 帧  |  发送帧:    994 帧  (   51688 B)  [帧头:EAEAEAEA  帧尾:AEAEAEAE]
[2026-04-02 17:53:20.772] 在线连接:   1  |  收到数据:    28308 B  |  解析完整帧:   1011 帧  |  发送帧:   1011 帧  (   52572 B)  [帧头:EAEAEAEA  帧尾:AEAEAEAE]
[2026-04-02 17:53:21.772] 在线连接:   1  |  收到数据:    28000 B  |  解析完整帧:   1000 帧  |  发送帧:   1000 帧  (   52000 B)  [帧头:EAEAEAEA  帧尾:AEAEAEAE]
[2026-04-02 17:53:22.773] 在线连接:   1  |  收到数据:    28000 B  |  解析完整帧:   1000 帧  |  发送帧:   1000 帧  (   52000 B)  [帧头:EAEAEAEA  帧尾:AEAEAEAE]
[2026-04-02 17:53:23.773] 在线连接:   1  |  收到数据:    27664 B  |  解析完整帧:    988 帧  |  发送帧:    988 帧  (   51376 B)  [帧头:EAEAEAEA  帧尾:AEAEAEAE]
[2026-04-02 17:53:24.774] 在线连接:   1  |  收到数据:    28364 B  |  解析完整帧:   1013 帧  |  发送帧:   1013 帧  (   52676 B)  [帧头:EAEAEAEA  帧尾:AEAEAEAE]
[2026-04-02 17:53:25.775] 在线连接:   1  |  收到数据:    28000 B  |  解析完整帧:   1000 帧  |  发送帧:   1000 帧  (   52000 B)  [帧头:EAEAEAEA  帧尾:AEAEAEAE]
[2026-04-02 17:53:26.776] 在线连接:   1  |  收到数据:    28000 B  |  解析完整帧:   1000 帧  |  发送帧:   1000 帧  (   52000 B)  [帧头:EAEAEAEA  帧尾:AEAEAEAE]
[2026-04-02 17:53:27.776] 在线连接:   1  |  收到数据:    28056 B  |  解析完整帧:   1002 帧  |  发送帧:   1002 帧  (   52104 B)  [帧头:EAEAEAEA  帧尾:AEAEAEAE]
[2026-04-02 17:53:28.777] 在线连接:   1  |  收到数据:    28084 B  |  解析完整帧:   1003 帧  |  发送帧:   1002 帧  (   52104 B)  [帧头:EAEAEAEA  帧尾:AEAEAEAE]
[2026-04-02 17:53:29.778] 在线连接:   1  |  收到数据:    27776 B  |  解析完整帧:    992 帧  |  发送帧:    993 帧  (   51636 B)  [帧头:EAEAEAEA  帧尾:AEAEAEAE]
[2026-04-02 17:53:30.779] 在线连接:   1  |  收到数据:    28252 B  |  解析完整帧:   1009 帧  |  发送帧:   1009 帧  (   52468 B)  [帧头:EAEAEAEA  帧尾:AEAEAEAE]
[2026-04-02 17:53:31.779] 在线连接:   1  |  收到数据:    27944 B  |  解析完整帧:    998 帧  |  发送帧:    998 帧  (   51896 B)  [帧头:EAEAEAEA  帧尾:AEAEAEAE]
[2026-04-02 17:53:32.780] 在线连接:   1  |  收到数据:    28084 B  |  解析完整帧:   1003 帧  |  发送帧:   1003 帧  (   52156 B)  [帧头:EAEAEAEA  帧尾:AEAEAEAE]
[2026-04-02 17:53:33.781] 在线连接:   1  |  收到数据:    28000 B  |  解析完整帧:   1000 帧  |  发送帧:   1000 帧  (   52000 B)  [帧头:EAEAEAEA  帧尾:AEAEAEAE]
[2026-04-02 17:53:34.782] 在线连接:   1  |  收到数据:    28028 B  |  解析完整帧:   1001 帧  |  发送帧:   1001 帧  (   52052 B)  [帧头:EAEAEAEA  帧尾:AEAEAEAE]
[2026-04-02 17:53:35.783] 在线连接:   1  |  收到数据:    28028 B  |  解析完整帧:   1001 帧  |  发送帧:   1001 帧  (   52052 B)  [帧头:EAEAEAEA  帧尾:AEAEAEAE]
[2026-04-02 17:53:36.784] 在线连接:   1  |  收到数据:    27972 B  |  解析完整帧:    999 帧  |  发送帧:    999 帧  (   51948 B)  [帧头:EAEAEAEA  帧尾:AEAEAEAE]
[2026-04-02 17:53:37.785] 在线连接:   1  |  收到数据:    28084 B  |  解析完整帧:   1003 帧  |  发送帧:   1001 帧  (   52052 B)  [帧头:EAEAEAEA  帧尾:AEAEAEAE]
[2026-04-02 17:53:38.785] 在线连接:   1  |  收到数据:    27860 B  |  解析完整帧:    995 帧  |  发送帧:    997 帧  (   51844 B)  [帧头:EAEAEAEA  帧尾:AEAEAEAE]
[2026-04-02 17:53:39.786] 在线连接:   1  |  收到数据:    28168 B  |  解析完整帧:   1006 帧  |  发送帧:   1006 帧  (   52312 B)  [帧头:EAEAEAEA  帧尾:AEAEAEAE]
[2026-04-02 17:53:40.787] 在线连接:   1  |  收到数据:    28084 B  |  解析完整帧:   1003 帧  |  发送帧:   1003 帧  (   52156 B)  [帧头:EAEAEAEA  帧尾:AEAEAEAE]
[2026-04-02 17:53:41.787] 在线连接:   1  |  收到数据:    27972 B  |  解析完整帧:    999 帧  |  发送帧:    999 帧  (   51948 B)  [帧头:EAEAEAEA  帧尾:AEAEAEAE]
[2026-04-02 17:53:42.787] 在线连接:   1  |  收到数据:    28028 B  |  解析完整帧:   1001 帧  |  发送帧:   1001 帧  (   52052 B)  [帧头:EAEAEAEA  帧尾:AEAEAEAE]
[2026-04-02 17:53:43.788] 在线连接:   1  |  收到数据:    27776 B  |  解析完整帧:    992 帧  |  发送帧:    992 帧  (   51584 B)  [帧头:EAEAEAEA  帧尾:AEAEAEAE]
[2026-04-02 17:53:44.789] 在线连接:   1  |  收到数据:    28028 B  |  解析完整帧:   1001 帧  |  发送帧:   1001 帧  (   52052 B)  [帧头:EAEAEAEA  帧尾:AEAEAEAE]
[2026-04-02 17:53:45.790] 在线连接:   1  |  收到数据:    28084 B  |  解析完整帧:   1003 帧  |  发送帧:   1003 帧  (   52156 B)  [帧头:EAEAEAEA  帧尾:AEAEAEAE]
[2026-04-02 17:53:46.791] 在线连接:   1  |  收到数据:    27860 B  |  解析完整帧:    995 帧  |  发送帧:    995 帧  (   51740 B)  [帧头:EAEAEAEA  帧尾:AEAEAEAE]
[2026-04-02 17:53:47.791] 在线连接:   1  |  收到数据:    28084 B  |  解析完整帧:   1003 帧  |  发送帧:   1003 帧  (   52156 B)  [帧头:EAEAEAEA  帧尾:AEAEAEAE]
[2026-04-02 17:53:48.792] 在线连接:   1  |  收到数据:    28112 B  |  解析完整帧:   1004 帧  |  发送帧:   1004 帧  (   52208 B)  [帧头:EAEAEAEA  帧尾:AEAEAEAE]
[2026-04-02 17:53:49.793] 在线连接:   1  |  收到数据:    28196 B  |  解析完整帧:   1007 帧  |  发送帧:   1007 帧  (   52364 B)  [帧头:EAEAEAEA  帧尾:AEAEAEAE]
[2026-04-02 17:53:50.793] 在线连接:   1  |  收到数据:    28028 B  |  解析完整帧:   1001 帧  |  发送帧:   1001 帧  (   52052 B)  [帧头:EAEAEAEA  帧尾:AEAEAEAE]
[2026-04-02 17:53:51.794] 在线连接:   1  |  收到数据:    28028 B  |  解析完整帧:   1001 帧  |  发送帧:   1001 帧  (   52052 B)  [帧头:EAEAEAEA  帧尾:AEAEAEAE]
[2026-04-02 17:53:52.795] 在线连接:   1  |  收到数据:    27692 B  |  解析完整帧:    989 帧  |  发送帧:    989 帧  (   51428 B)  [帧头:EAEAEAEA  帧尾:AEAEAEAE]
[2026-04-02 17:53:53.796] 在线连接:   1  |  收到数据:    28280 B  |  解析完整帧:   1010 帧  |  发送帧:   1010 帧  (   52520 B)  [帧头:EAEAEAEA  帧尾:AEAEAEAE]
[2026-04-02 17:53:54.797] 在线连接:   1  |  收到数据:    28112 B  |  解析完整帧:   1004 帧  |  发送帧:   1004 帧  (   52208 B)  [帧头:EAEAEAEA  帧尾:AEAEAEAE]
[2026-04-02 17:53:55.798] 在线连接:   1  |  收到数据:    28056 B  |  解析完整帧:   1002 帧  |  发送帧:   1002 帧  (   52104 B)  [帧头:EAEAEAEA  帧尾:AEAEAEAE]
[2026-04-02 17:53:56.799] 在线连接:   1  |  收到数据:    27636 B  |  解析完整帧:    987 帧  |  发送帧:    987 帧  (   51324 B)  [帧头:EAEAEAEA  帧尾:AEAEAEAE]
[2026-04-02 17:53:57.799] 在线连接:   1  |  收到数据:    28336 B  |  解析完整帧:   1012 帧  |  发送帧:   1012 帧  (   52624 B)  [帧头:EAEAEAEA  帧尾:AEAEAEAE]
[2026-04-02 17:53:58.800] 在线连接:   1  |  收到数据:    27748 B  |  解析完整帧:    991 帧  |  发送帧:    991 帧  (   51532 B)  [帧头:EAEAEAEA  帧尾:AEAEAEAE]
[2026-04-02 17:53:59.801] 在线连接:   1  |  收到数据:    27972 B  |  解析完整帧:    999 帧  |  发送帧:    999 帧  (   51948 B)  [帧头:EAEAEAEA  帧尾:AEAEAEAE]
[2026-04-02 17:54:00.802] 在线连接:   1  |  收到数据:    28336 B  |  解析完整帧:   1012 帧  |  发送帧:   1012 帧  (   52624 B)  [帧头:EAEAEAEA  帧尾:AEAEAEAE]
[2026-04-02 17:54:01.803] 在线连接:   1  |  收到数据:    28028 B  |  解析完整帧:   1001 帧  |  发送帧:   1001 帧  (   52052 B)  [帧头:EAEAEAEA  帧尾:AEAEAEAE]
[2026-04-02 17:54:02.804] 在线连接:   1  |  收到数据:    27888 B  |  解析完整帧:    996 帧  |  发送帧:    996 帧  (   51792 B)  [帧头:EAEAEAEA  帧尾:AEAEAEAE]
[2026-04-02 17:54:03.804] 在线连接:   1  |  收到数据:    28028 B  |  解析完整帧:   1001 帧  |  发送帧:   1001 帧  (   52052 B)  [帧头:EAEAEAEA  帧尾:AEAEAEAE]
[2026-04-02 17:54:04.805] 在线连接:   1  |  收到数据:    28168 B  |  解析完整帧:   1006 帧  |  发送帧:   1006 帧  (   52312 B)  [帧头:EAEAEAEA  帧尾:AEAEAEAE]
[2026-04-02 17:54:05.806] 在线连接:   1  |  收到数据:    27440 B  |  解析完整帧:    980 帧  |  发送帧:    980 帧  (   50960 B)  [帧头:EAEAEAEA  帧尾:AEAEAEAE]
[2026-04-02 17:54:06.807] 在线连接:   1  |  收到数据:    28560 B  |  解析完整帧:   1020 帧  |  发送帧:   1020 帧  (   53040 B)  [帧头:EAEAEAEA  帧尾:AEAEAEAE]
[2026-04-02 17:54:07.808] 在线连接:   1  |  收到数据:    28084 B  |  解析完整帧:   1003 帧  |  发送帧:   1003 帧  (   52156 B)  [帧头:EAEAEAEA  帧尾:AEAEAEAE]
[2026-04-02 17:54:08.809] 在线连接:   1  |  收到数据:    27972 B  |  解析完整帧:    999 帧  |  发送帧:    999 帧  (   51948 B)  [帧头:EAEAEAEA  帧尾:AEAEAEAE]
[2026-04-02 17:54:09.811] 在线连接:   1  |  收到数据:    27776 B  |  解析完整帧:    992 帧  |  发送帧:    992 帧  (   51584 B)  [帧头:EAEAEAEA  帧尾:AEAEAEAE]
[2026-04-02 17:54:10.812] 在线连接:   1  |  收到数据:    28308 B  |  解析完整帧:   1011 帧  |  发送帧:   1011 帧  (   52572 B)  [帧头:EAEAEAEA  帧尾:AEAEAEAE]
[2026-04-02 17:54:11.813] 在线连接:   1  |  收到数据:    27804 B  |  解析完整帧:    993 帧  |  发送帧:    993 帧  (   51636 B)  [帧头:EAEAEAEA  帧尾:AEAEAEAE]
[2026-04-02 17:54:12.813] 在线连接:   1  |  收到数据:    28252 B  |  解析完整帧:   1009 帧  |  发送帧:   1009 帧  (   52468 B)  [帧头:EAEAEAEA  帧尾:AEAEAEAE]
[2026-04-02 17:54:13.814] 在线连接:   1  |  收到数据:    27888 B  |  解析完整帧:    996 帧  |  发送帧:    996 帧  (   51792 B)  [帧头:EAEAEAEA  帧尾:AEAEAEAE]
[2026-04-02 17:54:14.816] 在线连接:   1  |  收到数据:    28168 B  |  解析完整帧:   1006 帧  |  发送帧:   1006 帧  (   52312 B)  [帧头:EAEAEAEA  帧尾:AEAEAEAE]
[2026-04-02 17:54:15.816] 在线连接:   1  |  收到数据:    28084 B  |  解析完整帧:   1003 帧  |  发送帧:   1003 帧  (   52156 B)  [帧头:EAEAEAEA  帧尾:AEAEAEAE]
[2026-04-02 17:54:16.817] 在线连接:   1  |  收到数据:    28000 B  |  解析完整帧:   1000 帧  |  发送帧:   1000 帧  (   52000 B)  [帧头:EAEAEAEA  帧尾:AEAEAEAE]
[2026-04-02 17:54:17.818] 在线连接:   1  |  收到数据:    28028 B  |  解析完整帧:   1001 帧  |  发送帧:   1001 帧  (   52052 B)  [帧头:EAEAEAEA  帧尾:AEAEAEAE]
[2026-04-02 17:54:18.819] 在线连接:   1  |  收到数据:    27860 B  |  解析完整帧:    995 帧  |  发送帧:    995 帧  (   51740 B)  [帧头:EAEAEAEA  帧尾:AEAEAEAE]
[2026-04-02 17:54:19.820] 在线连接:   1  |  收到数据:    27776 B  |  解析完整帧:    992 帧  |  发送帧:    992 帧  (   51584 B)  [帧头:EAEAEAEA  帧尾:AEAEAEAE]
[2026-04-02 17:54:20.821] 在线连接:   1  |  收到数据:    28420 B  |  解析完整帧:   1015 帧  |  发送帧:   1015 帧  (   52780 B)  [帧头:EAEAEAEA  帧尾:AEAEAEAE]
[2026-04-02 17:54:21.821] 在线连接:   1  |  收到数据:    28028 B  |  解析完整帧:   1001 帧  |  发送帧:   1001 帧  (   52052 B)  [帧头:EAEAEAEA  帧尾:AEAEAEAE]
[2026-04-02 17:54:22.822] 在线连接:   1  |  收到数据:    27804 B  |  解析完整帧:    993 帧  |  发送帧:    993 帧  (   51636 B)  [帧头:EAEAEAEA  帧尾:AEAEAEAE]
[2026-04-02 17:54:23.822] 在线连接:   1  |  收到数据:    28000 B  |  解析完整帧:   1000 帧  |  发送帧:   1000 帧  (   52000 B)  [帧头:EAEAEAEA  帧尾:AEAEAEAE]
[2026-04-02 17:54:24.823] 在线连接:   1  |  收到数据:    28140 B  |  解析完整帧:   1005 帧  |  发送帧:   1005 帧  (   52260 B)  [帧头:EAEAEAEA  帧尾:AEAEAEAE]
[2026-04-02 17:54:25.824] 在线连接:   1  |  收到数据:    28112 B  |  解析完整帧:   1004 帧  |  发送帧:   1004 帧  (   52208 B)  [帧头:EAEAEAEA  帧尾:AEAEAEAE]
[2026-04-02 17:54:26.824] 在线连接:   1  |  收到数据:    28028 B  |  解析完整帧:   1001 帧  |  发送帧:   1001 帧  (   52052 B)  [帧头:EAEAEAEA  帧尾:AEAEAEAE]
[2026-04-02 17:54:27.825] 在线连接:   1  |  收到数据:    27860 B  |  解析完整帧:    995 帧  |  发送帧:    995 帧  (   51740 B)  [帧头:EAEAEAEA  帧尾:AEAEAEAE]
[2026-04-02 17:54:28.826] 在线连接:   1  |  收到数据:    28168 B  |  解析完整帧:   1006 帧  |  发送帧:   1006 帧  (   52312 B)  [帧头:EAEAEAEA  帧尾:AEAEAEAE]
[2026-04-02 17:54:29.827] 在线连接:   1  |  收到数据:    27720 B  |  解析完整帧:    990 帧  |  发送帧:    990 帧  (   51480 B)  [帧头:EAEAEAEA  帧尾:AEAEAEAE]
[2026-04-02 17:54:30.828] 在线连接:   1  |  收到数据:    27972 B  |  解析完整帧:    999 帧  |  发送帧:    999 帧  (   51948 B)  [帧头:EAEAEAEA  帧尾:AEAEAEAE]
[2026-04-02 17:54:31.828] 在线连接:   1  |  收到数据:    28392 B  |  解析完整帧:   1014 帧  |  发送帧:   1014 帧  (   52728 B)  [帧头:EAEAEAEA  帧尾:AEAEAEAE]
[2026-04-02 17:54:32.829] 在线连接:   1  |  收到数据:    28028 B  |  解析完整帧:   1001 帧  |  发送帧:   1001 帧  (   52052 B)  [帧头:EAEAEAEA  帧尾:AEAEAEAE]
[2026-04-02 17:54:33.830] 在线连接:   1  |  收到数据:    27776 B  |  解析完整帧:    992 帧  |  发送帧:    992 帧  (   51584 B)  [帧头:EAEAEAEA  帧尾:AEAEAEAE]
[2026-04-02 17:54:34.830] 在线连接:   1  |  收到数据:    28224 B  |  解析完整帧:   1008 帧  |  发送帧:   1008 帧  (   52416 B)  [帧头:EAEAEAEA  帧尾:AEAEAEAE]
[2026-04-02 17:54:35.831] 在线连接:   1  |  收到数据:    28028 B  |  解析完整帧:   1001 帧  |  发送帧:   1001 帧  (   52052 B)  [帧头:EAEAEAEA  帧尾:AEAEAEAE]
[2026-04-02 17:54:36.832] 在线连接:   1  |  收到数据:    28028 B  |  解析完整帧:   1001 帧  |  发送帧:   1001 帧  (   52052 B)  [帧头:EAEAEAEA  帧尾:AEAEAEAE]
[2026-04-02 17:54:37.832] 在线连接:   1  |  收到数据:    28000 B  |  解析完整帧:   1000 帧  |  发送帧:   1000 帧  (   52000 B)  [帧头:EAEAEAEA  帧尾:AEAEAEAE]
[2026-04-02 17:54:38.833] 在线连接:   1  |  收到数据:    28084 B  |  解析完整帧:   1003 帧  |  发送帧:   1003 帧  (   52156 B)  [帧头:EAEAEAEA  帧尾:AEAEAEAE]
[2026-04-02 17:54:39.834] 在线连接:   1  |  收到数据:    27944 B  |  解析完整帧:    998 帧  |  发送帧:    998 帧  (   51896 B)  [帧头:EAEAEAEA  帧尾:AEAEAEAE]
[2026-04-02 17:54:40.835] 在线连接:   1  |  收到数据:    27636 B  |  解析完整帧:    987 帧  |  发送帧:    987 帧  (   51324 B)  [帧头:EAEAEAEA  帧尾:AEAEAEAE]
[2026-04-02 17:54:41.836] 在线连接:   1  |  收到数据:    28420 B  |  解析完整帧:   1015 帧  |  发送帧:   1015 帧  (   52780 B)  [帧头:EAEAEAEA  帧尾:AEAEAEAE]
[2026-04-02 17:54:42.837] 在线连接:   1  |  收到数据:    28056 B  |  解析完整帧:   1002 帧  |  发送帧:   1002 帧  (   52104 B)  [帧头:EAEAEAEA  帧尾:AEAEAEAE]
[2026-04-02 17:54:43.838] 在线连接:   1  |  收到数据:    28056 B  |  解析完整帧:   1002 帧  |  发送帧:   1002 帧  (   52104 B)  [帧头:EAEAEAEA  帧尾:AEAEAEAE]
[2026-04-02 17:54:44.839] 在线连接:   1  |  收到数据:    27944 B  |  解析完整帧:    998 帧  |  发送帧:    998 帧  (   51896 B)  [帧头:EAEAEAEA  帧尾:AEAEAEAE]
[2026-04-02 17:54:45.840] 在线连接:   1  |  收到数据:    27636 B  |  解析完整帧:    987 帧  |  发送帧:    987 帧  (   51324 B)  [帧头:EAEAEAEA  帧尾:AEAEAEAE]
[2026-04-02 17:54:46.841] 在线连接:   1  |  收到数据:    28224 B  |  解析完整帧:   1008 帧  |  发送帧:   1008 帧  (   52416 B)  [帧头:EAEAEAEA  帧尾:AEAEAEAE]
[2026-04-02 17:54:47.841] 在线连接:   1  |  收到数据:    28308 B  |  解析完整帧:   1011 帧  |  发送帧:   1011 帧  (   52572 B)  [帧头:EAEAEAEA  帧尾:AEAEAEAE]
[2026-04-02 17:54:48.842] 在线连接:   1  |  收到数据:    28000 B  |  解析完整帧:   1000 帧  |  发送帧:   1000 帧  (   52000 B)  [帧头:EAEAEAEA  帧尾:AEAEAEAE]
[2026-04-02 17:54:49.842] 在线连接:   1  |  收到数据:    27832 B  |  解析完整帧:    994 帧  |  发送帧:    994 帧  (   51688 B)  [帧头:EAEAEAEA  帧尾:AEAEAEAE]
[2026-04-02 17:54:50.843] 在线连接:   1  |  收到数据:    28224 B  |  解析完整帧:   1008 帧  |  发送帧:   1007 帧  (   52364 B)  [帧头:EAEAEAEA  帧尾:AEAEAEAE]
[2026-04-02 17:54:51.844] 在线连接:   1  |  收到数据:    28000 B  |  解析完整帧:   1000 帧  |  发送帧:   1001 帧  (   52052 B)  [帧头:EAEAEAEA  帧尾:AEAEAEAE]
[2026-04-02 17:54:52.845] 在线连接:   1  |  收到数据:    28000 B  |  解析完整帧:   1000 帧  |  发送帧:   1000 帧  (   52000 B)  [帧头:EAEAEAEA  帧尾:AEAEAEAE]
[2026-04-02 17:54:53.846] 在线连接:   1  |  收到数据:    28084 B  |  解析完整帧:   1003 帧  |  发送帧:   1000 帧  (   52000 B)  [帧头:EAEAEAEA  帧尾:AEAEAEAE]
[2026-04-02 17:54:54.846] 在线连接:   1  |  收到数据:    27608 B  |  解析完整帧:    986 帧  |  发送帧:    989 帧  (   51428 B)  [帧头:EAEAEAEA  帧尾:AEAEAEAE]
[2026-04-02 17:54:55.847] 在线连接:   1  |  收到数据:    28252 B  |  解析完整帧:   1009 帧  |  发送帧:   1009 帧  (   52468 B)  [帧头:EAEAEAEA  帧尾:AEAEAEAE]
[2026-04-02 17:54:56.848] 在线连接:   1  |  收到数据:    27916 B  |  解析完整帧:    997 帧  |  发送帧:    997 帧  (   51844 B)  [帧头:EAEAEAEA  帧尾:AEAEAEAE]
[2026-04-02 17:54:57.849] 在线连接:   1  |  收到数据:    28112 B  |  解析完整帧:   1004 帧  |  发送帧:   1004 帧  (   52208 B)  [帧头:EAEAEAEA  帧尾:AEAEAEAE]
[2026-04-02 17:54:58.850] 在线连接:   1  |  收到数据:    28196 B  |  解析完整帧:   1007 帧  |  发送帧:   1007 帧  (   52364 B)  [帧头:EAEAEAEA  帧尾:AEAEAEAE]
[2026-04-02 17:54:59.850] 在线连接:   1  |  收到数据:    27608 B  |  解析完整帧:    986 帧  |  发送帧:    986 帧  (   51272 B)  [帧头:EAEAEAEA  帧尾:AEAEAEAE]
[2026-04-02 17:55:00.851] 在线连接:   1  |  收到数据:    28112 B  |  解析完整帧:   1004 帧  |  发送帧:   1004 帧  (   52208 B)  [帧头:EAEAEAEA  帧尾:AEAEAEAE]
[2026-04-02 17:55:01.852] 在线连接:   1  |  收到数据:    28056 B  |  解析完整帧:   1002 帧  |  发送帧:   1002 帧  (   52104 B)  [帧头:EAEAEAEA  帧尾:AEAEAEAE]
[2026-04-02 17:55:02.853] 在线连接:   1  |  收到数据:    28196 B  |  解析完整帧:   1007 帧  |  发送帧:   1007 帧  (   52364 B)  [帧头:EAEAEAEA  帧尾:AEAEAEAE]
[2026-04-02 17:55:03.854] 在线连接:   1  |  收到数据:    27972 B  |  解析完整帧:    999 帧  |  发送帧:    999 帧  (   51948 B)  [帧头:EAEAEAEA  帧尾:AEAEAEAE]
[2026-04-02 17:55:04.854] 在线连接:   1  |  收到数据:    28028 B  |  解析完整帧:   1001 帧  |  发送帧:   1001 帧  (   52052 B)  [帧头:EAEAEAEA  帧尾:AEAEAEAE]
[2026-04-02 17:55:05.855] 在线连接:   1  |  收到数据:    28000 B  |  解析完整帧:   1000 帧  |  发送帧:   1000 帧  (   52000 B)  [帧头:EAEAEAEA  帧尾:AEAEAEAE]
[2026-04-02 17:55:06.856] 在线连接:   1  |  收到数据:    27972 B  |  解析完整帧:    999 帧  |  发送帧:    999 帧  (   51948 B)  [帧头:EAEAEAEA  帧尾:AEAEAEAE]
[2026-04-02 17:55:07.856] 在线连接:   1  |  收到数据:    28112 B  |  解析完整帧:   1004 帧  |  发送帧:   1004 帧  (   52208 B)  [帧头:EAEAEAEA  帧尾:AEAEAEAE]
[2026-04-02 17:55:08.857] 在线连接:   1  |  收到数据:    27832 B  |  解析完整帧:    994 帧  |  发送帧:    994 帧  (   51688 B)  [帧头:EAEAEAEA  帧尾:AEAEAEAE]
[2026-04-02 17:55:09.858] 在线连接:   1  |  收到数据:    28224 B  |  解析完整帧:   1008 帧  |  发送帧:   1005 帧  (   52260 B)  [帧头:EAEAEAEA  帧尾:AEAEAEAE]
[2026-04-02 17:55:10.858] 在线连接:   1  |  收到数据:    27720 B  |  解析完整帧:    990 帧  |  发送帧:    993 帧  (   51636 B)  [帧头:EAEAEAEA  帧尾:AEAEAEAE]
[2026-04-02 17:55:11.859] 在线连接:   1  |  收到数据:    28308 B  |  解析完整帧:   1011 帧  |  发送帧:   1011 帧  (   52572 B)  [帧头:EAEAEAEA  帧尾:AEAEAEAE]
[2026-04-02 17:55:12.859] 在线连接:   1  |  收到数据:    27944 B  |  解析完整帧:    998 帧  |  发送帧:    998 帧  (   51896 B)  [帧头:EAEAEAEA  帧尾:AEAEAEAE]
[2026-04-02 17:55:13.860] 在线连接:   1  |  收到数据:    27944 B  |  解析完整帧:    998 帧  |  发送帧:    998 帧  (   51896 B)  [帧头:EAEAEAEA  帧尾:AEAEAEAE]
[2026-04-02 17:55:14.860] 在线连接:   1  |  收到数据:    28084 B  |  解析完整帧:   1003 帧  |  发送帧:   1003 帧  (   52156 B)  [帧头:EAEAEAEA  帧尾:AEAEAEAE]
[2026-04-02 17:55:15.861] 在线连接:   1  |  收到数据:    27944 B  |  解析完整帧:    998 帧  |  发送帧:    998 帧  (   51896 B)  [帧头:EAEAEAEA  帧尾:AEAEAEAE]
[2026-04-02 17:55:16.862] 在线连接:   1  |  收到数据:    27944 B  |  解析完整帧:    998 帧  |  发送帧:    998 帧  (   51896 B)  [帧头:EAEAEAEA  帧尾:AEAEAEAE]
[2026-04-02 17:55:17.863] 在线连接:   1  |  收到数据:    28112 B  |  解析完整帧:   1004 帧  |  发送帧:   1004 帧  (   52208 B)  [帧头:EAEAEAEA  帧尾:AEAEAEAE]
[2026-04-02 17:55:18.863] 在线连接:   1  |  收到数据:    28028 B  |  解析完整帧:   1001 帧  |  发送帧:   1001 帧  (   52052 B)  [帧头:EAEAEAEA  帧尾:AEAEAEAE]
[2026-04-02 17:55:19.864] 在线连接:   1  |  收到数据:    28140 B  |  解析完整帧:   1005 帧  |  发送帧:   1005 帧  (   52260 B)  [帧头:EAEAEAEA  帧尾:AEAEAEAE]
[2026-04-02 17:55:20.865] 在线连接:   1  |  收到数据:    28028 B  |  解析完整帧:   1001 帧  |  发送帧:   1001 帧  (   52052 B)  [帧头:EAEAEAEA  帧尾:AEAEAEAE]
[2026-04-02 17:55:21.865] 在线连接:   1  |  收到数据:    27972 B  |  解析完整帧:    999 帧  |  发送帧:    999 帧  (   51948 B)  [帧头:EAEAEAEA  帧尾:AEAEAEAE]
[2026-04-02 17:55:22.866] 在线连接:   1  |  收到数据:    27972 B  |  解析完整帧:    999 帧  |  发送帧:    999 帧  (   51948 B)  [帧头:EAEAEAEA  帧尾:AEAEAEAE]
[2026-04-02 17:55:23.867] 在线连接:   1  |  收到数据:    27832 B  |  解析完整帧:    994 帧  |  发送帧:    994 帧  (   51688 B)  [帧头:EAEAEAEA  帧尾:AEAEAEAE]
[2026-04-02 17:55:24.867] 在线连接:   1  |  收到数据:    28056 B  |  解析完整帧:   1002 帧  |  发送帧:   1002 帧  (   52104 B)  [帧头:EAEAEAEA  帧尾:AEAEAEAE]
[2026-04-02 17:55:25.868] 在线连接:   1  |  收到数据:    28028 B  |  解析完整帧:   1001 帧  |  发送帧:   1001 帧  (   52052 B)  [帧头:EAEAEAEA  帧尾:AEAEAEAE]
[2026-04-02 17:55:26.869] 在线连接:   1  |  收到数据:    28224 B  |  解析完整帧:   1008 帧  |  发送帧:   1008 帧  (   52416 B)  [帧头:EAEAEAEA  帧尾:AEAEAEAE]
[2026-04-02 17:55:27.869] 在线连接:   1  |  收到数据:    27944 B  |  解析完整帧:    998 帧  |  发送帧:    998 帧  (   51896 B)  [帧头:EAEAEAEA  帧尾:AEAEAEAE]
[2026-04-02 17:55:28.870] 在线连接:   1  |  收到数据:    27888 B  |  解析完整帧:    996 帧  |  发送帧:    996 帧  (   51792 B)  [帧头:EAEAEAEA  帧尾:AEAEAEAE]
[2026-04-02 17:55:29.871] 在线连接:   1  |  收到数据:    27916 B  |  解析完整帧:    997 帧  |  发送帧:    997 帧  (   51844 B)  [帧头:EAEAEAEA  帧尾:AEAEAEAE]
[2026-04-02 17:55:30.872] 在线连接:   1  |  收到数据:    27916 B  |  解析完整帧:    997 帧  |  发送帧:    997 帧  (   51844 B)  [帧头:EAEAEAEA  帧尾:AEAEAEAE]
[2026-04-02 17:55:31.872] 在线连接:   1  |  收到数据:    28336 B  |  解析完整帧:   1012 帧  |  发送帧:   1012 帧  (   52624 B)  [帧头:EAEAEAEA  帧尾:AEAEAEAE]
[2026-04-02 17:55:32.873] 在线连接:   1  |  收到数据:    28168 B  |  解析完整帧:   1006 帧  |  发送帧:   1006 帧  (   52312 B)  [帧头:EAEAEAEA  帧尾:AEAEAEAE]
[2026-04-02 17:55:33.874] 在线连接:   1  |  收到数据:    27944 B  |  解析完整帧:    998 帧  |  发送帧:    998 帧  (   51896 B)  [帧头:EAEAEAEA  帧尾:AEAEAEAE]
[2026-04-02 17:55:34.875] 在线连接:   1  |  收到数据:    27972 B  |  解析完整帧:    999 帧  |  发送帧:    999 帧  (   51948 B)  [帧头:EAEAEAEA  帧尾:AEAEAEAE]
[2026-04-02 17:55:35.875] 在线连接:   1  |  收到数据:    28112 B  |  解析完整帧:   1004 帧  |  发送帧:   1004 帧  (   52208 B)  [帧头:EAEAEAEA  帧尾:AEAEAEAE]
[2026-04-02 17:55:36.876] 在线连接:   1  |  收到数据:    27860 B  |  解析完整帧:    995 帧  |  发送帧:    995 帧  (   51740 B)  [帧头:EAEAEAEA  帧尾:AEAEAEAE]
[2026-04-02 17:55:37.877] 在线连接:   1  |  收到数据:    28168 B  |  解析完整帧:   1006 帧  |  发送帧:   1006 帧  (   52312 B)  [帧头:EAEAEAEA  帧尾:AEAEAEAE]
[2026-04-02 17:55:38.878] 在线连接:   1  |  收到数据:    27944 B  |  解析完整帧:    998 帧  |  发送帧:    998 帧  (   51896 B)  [帧头:EAEAEAEA  帧尾:AEAEAEAE]
[2026-04-02 17:55:39.879] 在线连接:   1  |  收到数据:    28028 B  |  解析完整帧:   1001 帧  |  发送帧:   1001 帧  (   52052 B)  [帧头:EAEAEAEA  帧尾:AEAEAEAE]
[2026-04-02 17:55:40.879] 在线连接:   1  |  收到数据:    28140 B  |  解析完整帧:   1005 帧  |  发送帧:   1005 帧  (   52260 B)  [帧头:EAEAEAEA  帧尾:AEAEAEAE]
[2026-04-02 17:55:41.880] 在线连接:   1  |  收到数据:    28028 B  |  解析完整帧:   1001 帧  |  发送帧:   1001 帧  (   52052 B)  [帧头:EAEAEAEA  帧尾:AEAEAEAE]
[2026-04-02 17:55:42.881] 在线连接:   1  |  收到数据:    28028 B  |  解析完整帧:   1001 帧  |  发送帧:    996 帧  (   51792 B)  [帧头:EAEAEAEA  帧尾:AEAEAEAE]
[2026-04-02 17:55:43.881] 在线连接:   1  |  收到数据:    27916 B  |  解析完整帧:    997 帧  |  发送帧:   1002 帧  (   52104 B)  [帧头:EAEAEAEA  帧尾:AEAEAEAE]
[2026-04-02 17:55:44.882] 在线连接:   1  |  收到数据:    28112 B  |  解析完整帧:   1004 帧  |  发送帧:   1004 帧  (   52208 B)  [帧头:EAEAEAEA  帧尾:AEAEAEAE]
[2026-04-02 17:55:45.883] 在线连接:   1  |  收到数据:    27860 B  |  解析完整帧:    995 帧  |  发送帧:    995 帧  (   51740 B)  [帧头:EAEAEAEA  帧尾:AEAEAEAE]
[2026-04-02 17:55:46.884] 在线连接:   1  |  收到数据:    28196 B  |  解析完整帧:   1007 帧  |  发送帧:   1007 帧  (   52364 B)  [帧头:EAEAEAEA  帧尾:AEAEAEAE]
[2026-04-02 17:55:47.885] 在线连接:   1  |  收到数据:    27860 B  |  解析完整帧:    995 帧  |  发送帧:    995 帧  (   51740 B)  [帧头:EAEAEAEA  帧尾:AEAEAEAE]
[2026-04-02 17:55:48.885] 在线连接:   1  |  收到数据:    28084 B  |  解析完整帧:   1003 帧  |  发送帧:   1003 帧  (   52156 B)  [帧头:EAEAEAEA  帧尾:AEAEAEAE]
[2026-04-02 17:55:49.886] 在线连接:   1  |  收到数据:    28028 B  |  解析完整帧:   1001 帧  |  发送帧:   1001 帧  (   52052 B)  [帧头:EAEAEAEA  帧尾:AEAEAEAE]
[2026-04-02 17:55:50.887] 在线连接:   1  |  收到数据:    27636 B  |  解析完整帧:    987 帧  |  发送帧:    987 帧  (   51324 B)  [帧头:EAEAEAEA  帧尾:AEAEAEAE]
[2026-04-02 17:55:51.887] 在线连接:   1  |  收到数据:    28168 B  |  解析完整帧:   1006 帧  |  发送帧:   1006 帧  (   52312 B)  [帧头:EAEAEAEA  帧尾:AEAEAEAE]
[2026-04-02 17:55:52.888] 在线连接:   1  |  收到数据:    27552 B  |  解析完整帧:    984 帧  |  发送帧:    984 帧  (   51168 B)  [帧头:EAEAEAEA  帧尾:AEAEAEAE]
[2026-04-02 17:55:53.888] 在线连接:   1  |  收到数据:    28364 B  |  解析完整帧:   1013 帧  |  发送帧:   1013 帧  (   52676 B)  [帧头:EAEAEAEA  帧尾:AEAEAEAE]
[2026-04-02 17:55:54.889] 在线连接:   1  |  收到数据:    28224 B  |  解析完整帧:   1008 帧  |  发送帧:   1008 帧  (   52416 B)  [帧头:EAEAEAEA  帧尾:AEAEAEAE]
[2026-04-02 17:55:55.890] 在线连接:   1  |  收到数据:    28000 B  |  解析完整帧:   1000 帧  |  发送帧:   1000 帧  (   52000 B)  [帧头:EAEAEAEA  帧尾:AEAEAEAE]
[2026-04-02 17:55:56.891] 在线连接:   1  |  收到数据:    27888 B  |  解析完整帧:    996 帧  |  发送帧:    996 帧  (   51792 B)  [帧头:EAEAEAEA  帧尾:AEAEAEAE]
[2026-04-02 17:55:57.891] 在线连接:   1  |  收到数据:    28056 B  |  解析完整帧:   1002 帧  |  发送帧:   1002 帧  (   52104 B)  [帧头:EAEAEAEA  帧尾:AEAEAEAE]
[2026-04-02 17:55:58.892] 在线连接:   1  |  收到数据:    28056 B  |  解析完整帧:   1002 帧  |  发送帧:   1002 帧  (   52104 B)  [帧头:EAEAEAEA  帧尾:AEAEAEAE]
[2026-04-02 17:55:59.893] 在线连接:   1  |  收到数据:    28028 B  |  解析完整帧:   1001 帧  |  发送帧:   1001 帧  (   52052 B)  [帧头:EAEAEAEA  帧尾:AEAEAEAE]
[2026-04-02 17:56:00.893] 在线连接:   1  |  收到数据:    27692 B  |  解析完整帧:    989 帧  |  发送帧:    989 帧  (   51428 B)  [帧头:EAEAEAEA  帧尾:AEAEAEAE]
[2026-04-02 17:56:01.894] 在线连接:   1  |  收到数据:    28140 B  |  解析完整帧:   1005 帧  |  发送帧:   1005 帧  (   52260 B)  [帧头:EAEAEAEA  帧尾:AEAEAEAE]
[2026-04-02 17:56:02.895] 在线连接:   1  |  收到数据:    28140 B  |  解析完整帧:   1005 帧  |  发送帧:   1004 帧  (   52208 B)  [帧头:EAEAEAEA  帧尾:AEAEAEAE]
[2026-04-02 17:56:03.896] 在线连接:   1  |  收到数据:    27972 B  |  解析完整帧:    999 帧  |  发送帧:   1000 帧  (   52000 B)  [帧头:EAEAEAEA  帧尾:AEAEAEAE]
[2026-04-02 17:56:04.896] 在线连接:   1  |  收到数据:    27328 B  |  解析完整帧:    976 帧  |  发送帧:    976 帧  (   50752 B)  [帧头:EAEAEAEA  帧尾:AEAEAEAE]
[2026-04-02 17:56:05.897] 在线连接:   1  |  收到数据:    28532 B  |  解析完整帧:   1019 帧  |  发送帧:   1019 帧  (   52988 B)  [帧头:EAEAEAEA  帧尾:AEAEAEAE]
[2026-04-02 17:56:06.898] 在线连接:   1  |  收到数据:    28140 B  |  解析完整帧:   1005 帧  |  发送帧:   1005 帧  (   52260 B)  [帧头:EAEAEAEA  帧尾:AEAEAEAE]
[2026-04-02 17:56:07.898] 在线连接:   1  |  收到数据:    28028 B  |  解析完整帧:   1001 帧  |  发送帧:   1001 帧  (   52052 B)  [帧头:EAEAEAEA  帧尾:AEAEAEAE]
[2026-04-02 17:56:08.899] 在线连接:   1  |  收到数据:    28000 B  |  解析完整帧:   1000 帧  |  发送帧:   1000 帧  (   52000 B)  [帧头:EAEAEAEA  帧尾:AEAEAEAE]
[2026-04-02 17:56:09.900] 在线连接:   1  |  收到数据:    27804 B  |  解析完整帧:    993 帧  |  发送帧:    993 帧  (   51636 B)  [帧头:EAEAEAEA  帧尾:AEAEAEAE]
[2026-04-02 17:56:10.901] 在线连接:   1  |  收到数据:    28336 B  |  解析完整帧:   1012 帧  |  发送帧:   1012 帧  (   52624 B)  [帧头:EAEAEAEA  帧尾:AEAEAEAE]
[2026-04-02 17:56:11.901] 在线连接:   1  |  收到数据:    27944 B  |  解析完整帧:    998 帧  |  发送帧:    998 帧  (   51896 B)  [帧头:EAEAEAEA  帧尾:AEAEAEAE]
[2026-04-02 17:56:12.902] 在线连接:   1  |  收到数据:    28084 B  |  解析完整帧:   1003 帧  |  发送帧:   1003 帧  (   52156 B)  [帧头:EAEAEAEA  帧尾:AEAEAEAE]
[2026-04-02 17:56:13.903] 在线连接:   1  |  收到数据:    28028 B  |  解析完整帧:   1001 帧  |  发送帧:   1001 帧  (   52052 B)  [帧头:EAEAEAEA  帧尾:AEAEAEAE]
[2026-04-02 17:56:14.904] 在线连接:   1  |  收到数据:    27916 B  |  解析完整帧:    997 帧  |  发送帧:    997 帧  (   51844 B)  [帧头:EAEAEAEA  帧尾:AEAEAEAE]
[2026-04-02 17:56:15.905] 在线连接:   1  |  收到数据:    28140 B  |  解析完整帧:   1005 帧  |  发送帧:   1005 帧  (   52260 B)  [帧头:EAEAEAEA  帧尾:AEAEAEAE]
[2026-04-02 17:56:16.906] 在线连接:   1  |  收到数据:    27944 B  |  解析完整帧:    998 帧  |  发送帧:    998 帧  (   51896 B)  [帧头:EAEAEAEA  帧尾:AEAEAEAE]
[2026-04-02 17:56:17.906] 在线连接:   1  |  收到数据:    27776 B  |  解析完整帧:    992 帧  |  发送帧:    992 帧  (   51584 B)  [帧头:EAEAEAEA  帧尾:AEAEAEAE]
[2026-04-02 17:56:18.907] 在线连接:   1  |  收到数据:    28336 B  |  解析完整帧:   1012 帧  |  发送帧:   1012 帧  (   52624 B)  [帧头:EAEAEAEA  帧尾:AEAEAEAE]
[2026-04-02 17:56:19.907] 在线连接:   1  |  收到数据:    28028 B  |  解析完整帧:   1001 帧  |  发送帧:    988 帧  (   51376 B)  [帧头:EAEAEAEA  帧尾:AEAEAEAE]
[2026-04-02 17:56:20.908] 在线连接:   1  |  收到数据:    28028 B  |  解析完整帧:   1001 帧  |  发送帧:   1014 帧  (   52728 B)  [帧头:EAEAEAEA  帧尾:AEAEAEAE]
[2026-04-02 17:56:21.909] 在线连接:   1  |  收到数据:    27944 B  |  解析完整帧:    998 帧  |  发送帧:    998 帧  (   51896 B)  [帧头:EAEAEAEA  帧尾:AEAEAEAE]
[2026-04-02 17:56:22.910] 在线连接:   1  |  收到数据:    28028 B  |  解析完整帧:   1001 帧  |  发送帧:   1001 帧  (   52052 B)  [帧头:EAEAEAEA  帧尾:AEAEAEAE]
[2026-04-02 17:56:23.910] 在线连接:   1  |  收到数据:    28028 B  |  解析完整帧:   1001 帧  |  发送帧:   1001 帧  (   52052 B)  [帧头:EAEAEAEA  帧尾:AEAEAEAE]
[2026-04-02 17:56:24.911] 在线连接:   1  |  收到数据:    27916 B  |  解析完整帧:    997 帧  |  发送帧:    997 帧  (   51844 B)  [帧头:EAEAEAEA  帧尾:AEAEAEAE]
[2026-04-02 17:56:25.912] 在线连接:   1  |  收到数据:    28196 B  |  解析完整帧:   1007 帧  |  发送帧:   1007 帧  (   52364 B)  [帧头:EAEAEAEA  帧尾:AEAEAEAE]
[2026-04-02 17:56:26.913] 在线连接:   1  |  收到数据:    27944 B  |  解析完整帧:    998 帧  |  发送帧:    998 帧  (   51896 B)  [帧头:EAEAEAEA  帧尾:AEAEAEAE]
[2026-04-02 17:56:27.914] 在线连接:   1  |  收到数据:    27692 B  |  解析完整帧:    989 帧  |  发送帧:    989 帧  (   51428 B)  [帧头:EAEAEAEA  帧尾:AEAEAEAE]
[2026-04-02 17:56:28.914] 在线连接:   1  |  收到数据:    28420 B  |  解析完整帧:   1015 帧  |  发送帧:   1015 帧  (   52780 B)  [帧头:EAEAEAEA  帧尾:AEAEAEAE]
[2026-04-02 17:56:29.915] 在线连接:   1  |  收到数据:    27804 B  |  解析完整帧:    993 帧  |  发送帧:    993 帧  (   51636 B)  [帧头:EAEAEAEA  帧尾:AEAEAEAE]
[2026-04-02 17:56:30.916] 在线连接:   1  |  收到数据:    27972 B  |  解析完整帧:    999 帧  |  发送帧:    999 帧  (   51948 B)  [帧头:EAEAEAEA  帧尾:AEAEAEAE]
[2026-04-02 17:56:31.917] 在线连接:   1  |  收到数据:    28084 B  |  解析完整帧:   1003 帧  |  发送帧:   1003 帧  (   52156 B)  [帧头:EAEAEAEA  帧尾:AEAEAEAE]
[2026-04-02 17:56:32.917] 在线连接:   1  |  收到数据:    28140 B  |  解析完整帧:   1005 帧  |  发送帧:   1005 帧  (   52260 B)  [帧头:EAEAEAEA  帧尾:AEAEAEAE]
[2026-04-02 17:56:33.918] 在线连接:   1  |  收到数据:    28140 B  |  解析完整帧:   1005 帧  |  发送帧:   1005 帧  (   52260 B)  [帧头:EAEAEAEA  帧尾:AEAEAEAE]
[2026-04-02 17:56:34.919] 在线连接:   1  |  收到数据:    27972 B  |  解析完整帧:    999 帧  |  发送帧:    999 帧  (   51948 B)  [帧头:EAEAEAEA  帧尾:AEAEAEAE]
[2026-04-02 17:56:35.920] 在线连接:   1  |  收到数据:    27888 B  |  解析完整帧:    996 帧  |  发送帧:    996 帧  (   51792 B)  [帧头:EAEAEAEA  帧尾:AEAEAEAE]
[2026-04-02 17:56:36.921] 在线连接:   1  |  收到数据:    28112 B  |  解析完整帧:   1004 帧  |  发送帧:   1004 帧  (   52208 B)  [帧头:EAEAEAEA  帧尾:AEAEAEAE]
[2026-04-02 17:56:37.921] 在线连接:   1  |  收到数据:    28084 B  |  解析完整帧:   1003 帧  |  发送帧:   1003 帧  (   52156 B)  [帧头:EAEAEAEA  帧尾:AEAEAEAE]
[2026-04-02 17:56:38.922] 在线连接:   1  |  收到数据:    27776 B  |  解析完整帧:    992 帧  |  发送帧:    992 帧  (   51584 B)  [帧头:EAEAEAEA  帧尾:AEAEAEAE]
[2026-04-02 17:56:39.923] 在线连接:   1  |  收到数据:    28252 B  |  解析完整帧:   1009 帧  |  发送帧:   1009 帧  (   52468 B)  [帧头:EAEAEAEA  帧尾:AEAEAEAE]
[2026-04-02 17:56:40.923] 在线连接:   1  |  收到数据:    28000 B  |  解析完整帧:   1000 帧  |  发送帧:   1000 帧  (   52000 B)  [帧头:EAEAEAEA  帧尾:AEAEAEAE]
[2026-04-02 17:56:41.924] 在线连接:   1  |  收到数据:    28028 B  |  解析完整帧:   1001 帧  |  发送帧:   1001 帧  (   52052 B)  [帧头:EAEAEAEA  帧尾:AEAEAEAE]
[2026-04-02 17:56:42.925] 在线连接:   1  |  收到数据:    27972 B  |  解析完整帧:    999 帧  |  发送帧:    999 帧  (   51948 B)  [帧头:EAEAEAEA  帧尾:AEAEAEAE]
[2026-04-02 17:56:43.925] 在线连接:   1  |  收到数据:    27944 B  |  解析完整帧:    998 帧  |  发送帧:    998 帧  (   51896 B)  [帧头:EAEAEAEA  帧尾:AEAEAEAE]
[2026-04-02 17:56:44.926] 在线连接:   1  |  收到数据:    28084 B  |  解析完整帧:   1003 帧  |  发送帧:   1003 帧  (   52156 B)  [帧头:EAEAEAEA  帧尾:AEAEAEAE]
[2026-04-02 17:56:45.927] 在线连接:   1  |  收到数据:    27748 B  |  解析完整帧:    991 帧  |  发送帧:    991 帧  (   51532 B)  [帧头:EAEAEAEA  帧尾:AEAEAEAE]
[2026-04-02 17:56:46.927] 在线连接:   1  |  收到数据:    28364 B  |  解析完整帧:   1013 帧  |  发送帧:   1013 帧  (   52676 B)  [帧头:EAEAEAEA  帧尾:AEAEAEAE]
[2026-04-02 17:56:47.928] 在线连接:   1  |  收到数据:    27944 B  |  解析完整帧:    998 帧  |  发送帧:    993 帧  (   51636 B)  [帧头:EAEAEAEA  帧尾:AEAEAEAE]
[2026-04-02 17:56:48.929] 在线连接:   1  |  收到数据:    28112 B  |  解析完整帧:   1004 帧  |  发送帧:   1009 帧  (   52468 B)  [帧头:EAEAEAEA  帧尾:AEAEAEAE]
[2026-04-02 17:56:49.929] 在线连接:   1  |  收到数据:    27944 B  |  解析完整帧:    998 帧  |  发送帧:    992 帧  (   51584 B)  [帧头:EAEAEAEA  帧尾:AEAEAEAE]
[2026-04-02 17:56:50.930] 在线连接:   1  |  收到数据:    28056 B  |  解析完整帧:   1002 帧  |  发送帧:   1008 帧  (   52416 B)  [帧头:EAEAEAEA  帧尾:AEAEAEAE]
[2026-04-02 17:56:51.931] 在线连接:   1  |  收到数据:    28056 B  |  解析完整帧:   1002 帧  |  发送帧:   1002 帧  (   52104 B)  [帧头:EAEAEAEA  帧尾:AEAEAEAE]
[2026-04-02 17:56:52.932] 在线连接:   1  |  收到数据:    28000 B  |  解析完整帧:   1000 帧  |  发送帧:   1000 帧  (   52000 B)  [帧头:EAEAEAEA  帧尾:AEAEAEAE]
[2026-04-02 17:56:53.932] 在线连接:   1  |  收到数据:    27916 B  |  解析完整帧:    997 帧  |  发送帧:    997 帧  (   51844 B)  [帧头:EAEAEAEA  帧尾:AEAEAEAE]
[2026-04-02 17:56:54.933] 在线连接:   1  |  收到数据:    28084 B  |  解析完整帧:   1003 帧  |  发送帧:   1003 帧  (   52156 B)  [帧头:EAEAEAEA  帧尾:AEAEAEAE]
[2026-04-02 17:56:55.933] 在线连接:   1  |  收到数据:    28084 B  |  解析完整帧:   1003 帧  |  发送帧:   1003 帧  (   52156 B)  [帧头:EAEAEAEA  帧尾:AEAEAEAE]
[2026-04-02 17:56:56.934] 在线连接:   1  |  收到数据:    28000 B  |  解析完整帧:   1000 帧  |  发送帧:   1000 帧  (   52000 B)  [帧头:EAEAEAEA  帧尾:AEAEAEAE]
[2026-04-02 17:56:57.935] 在线连接:   1  |  收到数据:    28000 B  |  解析完整帧:   1000 帧  |  发送帧:   1000 帧  (   52000 B)  [帧头:EAEAEAEA  帧尾:AEAEAEAE]
[2026-04-02 17:56:58.936] 在线连接:   1  |  收到数据:    27860 B  |  解析完整帧:    995 帧  |  发送帧:    995 帧  (   51740 B)  [帧头:EAEAEAEA  帧尾:AEAEAEAE]
[2026-04-02 17:56:59.937] 在线连接:   1  |  收到数据:    28140 B  |  解析完整帧:   1005 帧  |  发送帧:   1005 帧  (   52260 B)  [帧头:EAEAEAEA  帧尾:AEAEAEAE]
[2026-04-02 17:57:00.946] 在线连接:   1  |  收到数据:    28224 B  |  解析完整帧:   1008 帧  |  发送帧:   1008 帧  (   52416 B)  [帧头:EAEAEAEA  帧尾:AEAEAEAE]
[2026-04-02 17:57:01.949] 在线连接:   1  |  收到数据:    28168 B  |  解析完整帧:   1006 帧  |  发送帧:   1006 帧  (   52312 B)  [帧头:EAEAEAEA  帧尾:AEAEAEAE]
[2026-04-02 17:57:02.950] 在线连接:   1  |  收到数据:    28056 B  |  解析完整帧:   1002 帧  |  发送帧:   1002 帧  (   52104 B)  [帧头:EAEAEAEA  帧尾:AEAEAEAE]
[2026-04-02 17:57:03.951] 在线连接:   1  |  收到数据:    28056 B  |  解析完整帧:   1002 帧  |  发送帧:   1002 帧  (   52104 B)  [帧头:EAEAEAEA  帧尾:AEAEAEAE]
[2026-04-02 17:57:04.958] 在线连接:   1  |  收到数据:    27972 B  |  解析完整帧:    999 帧  |  发送帧:    999 帧  (   51948 B)  [帧头:EAEAEAEA  帧尾:AEAEAEAE]
[2026-04-02 17:57:05.963] 在线连接:   1  |  收到数据:    28280 B  |  解析完整帧:   1010 帧  |  发送帧:   1010 帧  (   52520 B)  [帧头:EAEAEAEA  帧尾:AEAEAEAE]
[2026-04-02 17:57:06.964] 在线连接:   1  |  收到数据:    27412 B  |  解析完整帧:    979 帧  |  发送帧:    979 帧  (   50908 B)  [帧头:EAEAEAEA  帧尾:AEAEAEAE]
[2026-04-02 17:57:07.965] 在线连接:   1  |  收到数据:    28588 B  |  解析完整帧:   1021 帧  |  发送帧:   1021 帧  (   53092 B)  [帧头:EAEAEAEA  帧尾:AEAEAEAE]
[2026-04-02 17:57:08.966] 在线连接:   1  |  收到数据:    28168 B  |  解析完整帧:   1006 帧  |  发送帧:   1006 帧  (   52312 B)  [帧头:EAEAEAEA  帧尾:AEAEAEAE]
[2026-04-02 17:57:09.967] 在线连接:   1  |  收到数据:    27888 B  |  解析完整帧:    996 帧  |  发送帧:    996 帧  (   51792 B)  [帧头:EAEAEAEA  帧尾:AEAEAEAE]
[2026-04-02 17:57:10.967] 在线连接:   1  |  收到数据:    28140 B  |  解析完整帧:   1005 帧  |  发送帧:   1005 帧  (   52260 B)  [帧头:EAEAEAEA  帧尾:AEAEAEAE]
[2026-04-02 17:57:11.968] 在线连接:   1  |  收到数据:    27860 B  |  解析完整帧:    995 帧  |  发送帧:    995 帧  (   51740 B)  [帧头:EAEAEAEA  帧尾:AEAEAEAE]
[2026-04-02 17:57:12.969] 在线连接:   1  |  收到数据:    28168 B  |  解析完整帧:   1006 帧  |  发送帧:   1001 帧  (   52052 B)  [帧头:EAEAEAEA  帧尾:AEAEAEAE]
[2026-04-02 17:57:13.969] 在线连接:   1  |  收到数据:    27860 B  |  解析完整帧:    995 帧  |  发送帧:   1000 帧  (   52000 B)  [帧头:EAEAEAEA  帧尾:AEAEAEAE]
[2026-04-02 17:57:14.970] 在线连接:   1  |  收到数据:    28084 B  |  解析完整帧:   1003 帧  |  发送帧:   1003 帧  (   52156 B)  [帧头:EAEAEAEA  帧尾:AEAEAEAE]
[2026-04-02 17:57:15.971] 在线连接:   1  |  收到数据:    28028 B  |  解析完整帧:   1001 帧  |  发送帧:   1001 帧  (   52052 B)  [帧头:EAEAEAEA  帧尾:AEAEAEAE]
[2026-04-02 17:57:16.972] 在线连接:   1  |  收到数据:    28028 B  |  解析完整帧:   1001 帧  |  发送帧:   1001 帧  (   52052 B)  [帧头:EAEAEAEA  帧尾:AEAEAEAE]
[2026-04-02 17:57:17.972] 在线连接:   1  |  收到数据:    27440 B  |  解析完整帧:    980 帧  |  发送帧:    980 帧  (   50960 B)  [帧头:EAEAEAEA  帧尾:AEAEAEAE]
[2026-04-02 17:57:18.973] 在线连接:   1  |  收到数据:    28168 B  |  解析完整帧:   1006 帧  |  发送帧:   1006 帧  (   52312 B)  [帧头:EAEAEAEA  帧尾:AEAEAEAE]
[2026-04-02 17:57:19.974] 在线连接:   1  |  收到数据:    28420 B  |  解析完整帧:   1015 帧  |  发送帧:   1015 帧  (   52780 B)  [帧头:EAEAEAEA  帧尾:AEAEAEAE]
[2026-04-02 17:57:20.974] 在线连接:   1  |  收到数据:    28028 B  |  解析完整帧:   1001 帧  |  发送帧:   1001 帧  (   52052 B)  [帧头:EAEAEAEA  帧尾:AEAEAEAE]
[2026-04-02 17:57:21.975] 在线连接:   1  |  收到数据:    27692 B  |  解析完整帧:    989 帧  |  发送帧:    989 帧  (   51428 B)  [帧头:EAEAEAEA  帧尾:AEAEAEAE]
[2026-04-02 17:57:22.976] 在线连接:   1  |  收到数据:    28448 B  |  解析完整帧:   1016 帧  |  发送帧:   1016 帧  (   52832 B)  [帧头:EAEAEAEA  帧尾:AEAEAEAE]
[2026-04-02 17:57:23.977] 在线连接:   1  |  收到数据:    27888 B  |  解析完整帧:    996 帧  |  发送帧:    996 帧  (   51792 B)  [帧头:EAEAEAEA  帧尾:AEAEAEAE]
[2026-04-02 17:57:24.978] 在线连接:   1  |  收到数据:    27720 B  |  解析完整帧:    990 帧  |  发送帧:    990 帧  (   51480 B)  [帧头:EAEAEAEA  帧尾:AEAEAEAE]
[2026-04-02 17:57:25.979] 在线连接:   1  |  收到数据:    28280 B  |  解析完整帧:   1010 帧  |  发送帧:   1010 帧  (   52520 B)  [帧头:EAEAEAEA  帧尾:AEAEAEAE]
[2026-04-02 17:57:26.979] 在线连接:   1  |  收到数据:    28168 B  |  解析完整帧:   1006 帧  |  发送帧:   1006 帧  (   52312 B)  [帧头:EAEAEAEA  帧尾:AEAEAEAE]
[2026-04-02 17:57:27.980] 在线连接:   1  |  收到数据:    28000 B  |  解析完整帧:   1000 帧  |  发送帧:   1000 帧  (   52000 B)  [帧头:EAEAEAEA  帧尾:AEAEAEAE]
[2026-04-02 17:57:28.981] 在线连接:   1  |  收到数据:    28000 B  |  解析完整帧:   1000 帧  |  发送帧:   1000 帧  (   52000 B)  [帧头:EAEAEAEA  帧尾:AEAEAEAE]
[2026-04-02 17:57:29.982] 在线连接:   1  |  收到数据:    28084 B  |  解析完整帧:   1003 帧  |  发送帧:   1003 帧  (   52156 B)  [帧头:EAEAEAEA  帧尾:AEAEAEAE]
[2026-04-02 17:57:30.982] 在线连接:   1  |  收到数据:    28028 B  |  解析完整帧:   1001 帧  |  发送帧:   1001 帧  (   52052 B)  [帧头:EAEAEAEA  帧尾:AEAEAEAE]
[2026-04-02 17:57:31.983] 在线连接:   1  |  收到数据:    28056 B  |  解析完整帧:   1002 帧  |  发送帧:   1002 帧  (   52104 B)  [帧头:EAEAEAEA  帧尾:AEAEAEAE]
[2026-04-02 17:57:32.983] 在线连接:   1  |  收到数据:    27804 B  |  解析完整帧:    993 帧  |  发送帧:    993 帧  (   51636 B)  [帧头:EAEAEAEA  帧尾:AEAEAEAE]
[2026-04-02 17:57:33.984] 在线连接:   1  |  收到数据:    28224 B  |  解析完整帧:   1008 帧  |  发送帧:   1008 帧  (   52416 B)  [帧头:EAEAEAEA  帧尾:AEAEAEAE]
[2026-04-02 17:57:34.985] 在线连接:   1  |  收到数据:    27888 B  |  解析完整帧:    996 帧  |  发送帧:    996 帧  (   51792 B)  [帧头:EAEAEAEA  帧尾:AEAEAEAE]
[2026-04-02 17:57:35.986] 在线连接:   1  |  收到数据:    28028 B  |  解析完整帧:   1001 帧  |  发送帧:   1001 帧  (   52052 B)  [帧头:EAEAEAEA  帧尾:AEAEAEAE]
[2026-04-02 17:57:36.986] 在线连接:   1  |  收到数据:    27944 B  |  解析完整帧:    998 帧  |  发送帧:    998 帧  (   51896 B)  [帧头:EAEAEAEA  帧尾:AEAEAEAE]
[2026-04-02 17:57:37.987] 在线连接:   1  |  收到数据:    28028 B  |  解析完整帧:   1001 帧  |  发送帧:   1001 帧  (   52052 B)  [帧头:EAEAEAEA  帧尾:AEAEAEAE]
[2026-04-02 17:57:38.988] 在线连接:   1  |  收到数据:    28168 B  |  解析完整帧:   1006 帧  |  发送帧:   1006 帧  (   52312 B)  [帧头:EAEAEAEA  帧尾:AEAEAEAE]
[2026-04-02 17:57:39.989] 在线连接:   1  |  收到数据:    27356 B  |  解析完整帧:    977 帧  |  发送帧:    977 帧  (   50804 B)  [帧头:EAEAEAEA  帧尾:AEAEAEAE]
[2026-04-02 17:57:40.990] 在线连接:   1  |  收到数据:    28728 B  |  解析完整帧:   1026 帧  |  发送帧:   1026 帧  (   53352 B)  [帧头:EAEAEAEA  帧尾:AEAEAEAE]
[2026-04-02 17:57:41.990] 在线连接:   1  |  收到数据:    28000 B  |  解析完整帧:   1000 帧  |  发送帧:   1000 帧  (   52000 B)  [帧头:EAEAEAEA  帧尾:AEAEAEAE]
[2026-04-02 17:57:42.991] 在线连接:   1  |  收到数据:    28028 B  |  解析完整帧:   1001 帧  |  发送帧:   1001 帧  (   52052 B)  [帧头:EAEAEAEA  帧尾:AEAEAEAE]
[2026-04-02 17:57:43.992] 在线连接:   1  |  收到数据:    27944 B  |  解析完整帧:    998 帧  |  发送帧:    998 帧  (   51896 B)  [帧头:EAEAEAEA  帧尾:AEAEAEAE]
[2026-04-02 17:57:44.993] 在线连接:   1  |  收到数据:    27832 B  |  解析完整帧:    994 帧  |  发送帧:    994 帧  (   51688 B)  [帧头:EAEAEAEA  帧尾:AEAEAEAE]
[2026-04-02 17:57:45.994] 在线连接:   1  |  收到数据:    28336 B  |  解析完整帧:   1012 帧  |  发送帧:   1012 帧  (   52624 B)  [帧头:EAEAEAEA  帧尾:AEAEAEAE]
[2026-04-02 17:57:46.994] 在线连接:   1  |  收到数据:    28000 B  |  解析完整帧:   1000 帧  |  发送帧:   1000 帧  (   52000 B)  [帧头:EAEAEAEA  帧尾:AEAEAEAE]
[2026-04-02 17:57:47.995] 在线连接:   1  |  收到数据:    28028 B  |  解析完整帧:   1001 帧  |  发送帧:   1001 帧  (   52052 B)  [帧头:EAEAEAEA  帧尾:AEAEAEAE]
[2026-04-02 17:57:48.995] 在线连接:   1  |  收到数据:    27748 B  |  解析完整帧:    991 帧  |  发送帧:    991 帧  (   51532 B)  [帧头:EAEAEAEA  帧尾:AEAEAEAE]
[2026-04-02 17:57:50.012] 在线连接:   1  |  收到数据:    28700 B  |  解析完整帧:   1025 帧  |  发送帧:   1025 帧  (   53300 B)  [帧头:EAEAEAEA  帧尾:AEAEAEAE]
[2026-04-02 17:57:51.031] 在线连接:   1  |  收到数据:    28308 B  |  解析完整帧:   1011 帧  |  发送帧:   1011 帧  (   52572 B)  [帧头:EAEAEAEA  帧尾:AEAEAEAE]
[2026-04-02 17:57:52.031] 在线连接:   1  |  收到数据:    27916 B  |  解析完整帧:    997 帧  |  发送帧:    997 帧  (   51844 B)  [帧头:EAEAEAEA  帧尾:AEAEAEAE]
[2026-04-02 17:57:53.032] 在线连接:   1  |  收到数据:    28364 B  |  解析完整帧:   1013 帧  |  发送帧:   1013 帧  (   52676 B)  [帧头:EAEAEAEA  帧尾:AEAEAEAE]
[2026-04-02 17:57:54.033] 在线连接:   1  |  收到数据:    27748 B  |  解析完整帧:    991 帧  |  发送帧:    991 帧  (   51532 B)  [帧头:EAEAEAEA  帧尾:AEAEAEAE]
[2026-04-02 17:57:55.034] 在线连接:   1  |  收到数据:    28028 B  |  解析完整帧:   1001 帧  |  发送帧:   1001 帧  (   52052 B)  [帧头:EAEAEAEA  帧尾:AEAEAEAE]
[2026-04-02 17:57:56.034] 在线连接:   1  |  收到数据:    28308 B  |  解析完整帧:   1011 帧  |  发送帧:   1009 帧  (   52468 B)  [帧头:EAEAEAEA  帧尾:AEAEAEAE]
[2026-04-02 17:57:57.035] 在线连接:   1  |  收到数据:    28028 B  |  解析完整帧:   1001 帧  |  发送帧:    997 帧  (   51844 B)  [帧头:EAEAEAEA  帧尾:AEAEAEAE]
[2026-04-02 17:57:58.038] 在线连接:   1  |  收到数据:    27916 B  |  解析完整帧:    997 帧  |  发送帧:   1003 帧  (   52156 B)  [帧头:EAEAEAEA  帧尾:AEAEAEAE]
[2026-04-02 17:57:59.047] 在线连接:   1  |  收到数据:    28392 B  |  解析完整帧:   1014 帧  |  发送帧:   1014 帧  (   52728 B)  [帧头:EAEAEAEA  帧尾:AEAEAEAE]
[2026-04-02 17:58:00.047] 在线连接:   1  |  收到数据:    27776 B  |  解析完整帧:    992 帧  |  发送帧:    992 帧  (   51584 B)  [帧头:EAEAEAEA  帧尾:AEAEAEAE]
[2026-04-02 17:58:01.048] 在线连接:   1  |  收到数据:    27972 B  |  解析完整帧:    999 帧  |  发送帧:    999 帧  (   51948 B)  [帧头:EAEAEAEA  帧尾:AEAEAEAE]
[2026-04-02 17:58:02.049] 在线连接:   1  |  收到数据:    28112 B  |  解析完整帧:   1004 帧  |  发送帧:   1004 帧  (   52208 B)  [帧头:EAEAEAEA  帧尾:AEAEAEAE]
[2026-04-02 17:58:03.049] 在线连接:   1  |  收到数据:    27832 B  |  解析完整帧:    994 帧  |  发送帧:    994 帧  (   51688 B)  [帧头:EAEAEAEA  帧尾:AEAEAEAE]
[2026-04-02 17:58:04.050] 在线连接:   1  |  收到数据:    28056 B  |  解析完整帧:   1002 帧  |  发送帧:   1002 帧  (   52104 B)  [帧头:EAEAEAEA  帧尾:AEAEAEAE]
[2026-04-02 17:58:05.051] 在线连接:   1  |  收到数据:    28196 B  |  解析完整帧:   1007 帧  |  发送帧:   1007 帧  (   52364 B)  [帧头:EAEAEAEA  帧尾:AEAEAEAE]
[2026-04-02 17:58:06.052] 在线连接:   1  |  收到数据:    27916 B  |  解析完整帧:    997 帧  |  发送帧:    997 帧  (   51844 B)  [帧头:EAEAEAEA  帧尾:AEAEAEAE]
[2026-04-02 17:58:07.052] 在线连接:   1  |  收到数据:    27860 B  |  解析完整帧:    995 帧  |  发送帧:    995 帧  (   51740 B)  [帧头:EAEAEAEA  帧尾:AEAEAEAE]
[2026-04-02 17:58:08.053] 在线连接:   1  |  收到数据:    28224 B  |  解析完整帧:   1008 帧  |  发送帧:   1008 帧  (   52416 B)  [帧头:EAEAEAEA  帧尾:AEAEAEAE]
[2026-04-02 17:58:09.054] 在线连接:   1  |  收到数据:    27972 B  |  解析完整帧:    999 帧  |  发送帧:    999 帧  (   51948 B)  [帧头:EAEAEAEA  帧尾:AEAEAEAE]
[2026-04-02 17:58:10.060] 在线连接:   1  |  收到数据:    28196 B  |  解析完整帧:   1007 帧  |  发送帧:   1007 帧  (   52364 B)  [帧头:EAEAEAEA  帧尾:AEAEAEAE]
[2026-04-02 17:58:11.061] 在线连接:   1  |  收到数据:    28084 B  |  解析完整帧:   1003 帧  |  发送帧:   1003 帧  (   52156 B)  [帧头:EAEAEAEA  帧尾:AEAEAEAE]
[2026-04-02 17:58:12.061] 在线连接:   1  |  收到数据:    27412 B  |  解析完整帧:    979 帧  |  发送帧:    979 帧  (   50908 B)  [帧头:EAEAEAEA  帧尾:AEAEAEAE]
[2026-04-02 17:58:13.062] 在线连接:   1  |  收到数据:    28672 B  |  解析完整帧:   1024 帧  |  发送帧:   1024 帧  (   53248 B)  [帧头:EAEAEAEA  帧尾:AEAEAEAE]
[2026-04-02 17:58:14.063] 在线连接:   1  |  收到数据:    28000 B  |  解析完整帧:   1000 帧  |  发送帧:   1000 帧  (   52000 B)  [帧头:EAEAEAEA  帧尾:AEAEAEAE]
[2026-04-02 17:58:15.064] 在线连接:   1  |  收到数据:    27916 B  |  解析完整帧:    997 帧  |  发送帧:    997 帧  (   51844 B)  [帧头:EAEAEAEA  帧尾:AEAEAEAE]
[2026-04-02 17:58:16.064] 在线连接:   1  |  收到数据:    27832 B  |  解析完整帧:    994 帧  |  发送帧:    994 帧  (   51688 B)  [帧头:EAEAEAEA  帧尾:AEAEAEAE]
[2026-04-02 17:58:17.068] 在线连接:   1  |  收到数据:    28364 B  |  解析完整帧:   1013 帧  |  发送帧:   1013 帧  (   52676 B)  [帧头:EAEAEAEA  帧尾:AEAEAEAE]
[2026-04-02 17:58:18.069] 在线连接:   1  |  收到数据:    28056 B  |  解析完整帧:   1002 帧  |  发送帧:   1002 帧  (   52104 B)  [帧头:EAEAEAEA  帧尾:AEAEAEAE]
[2026-04-02 17:58:19.069] 在线连接:   1  |  收到数据:    27972 B  |  解析完整帧:    999 帧  |  发送帧:    999 帧  (   51948 B)  [帧头:EAEAEAEA  帧尾:AEAEAEAE]
[2026-04-02 17:58:20.070] 在线连接:   1  |  收到数据:    28056 B  |  解析完整帧:   1002 帧  |  发送帧:   1002 帧  (   52104 B)  [帧头:EAEAEAEA  帧尾:AEAEAEAE]
[2026-04-02 17:58:21.076] 在线连接:   1  |  收到数据:    27496 B  |  解析完整帧:    982 帧  |  发送帧:    982 帧  (   51064 B)  [帧头:EAEAEAEA  帧尾:AEAEAEAE]
[2026-04-02 17:58:22.079] 在线连接:   1  |  收到数据:    28700 B  |  解析完整帧:   1025 帧  |  发送帧:   1025 帧  (   53300 B)  [帧头:EAEAEAEA  帧尾:AEAEAEAE]
[2026-04-02 17:58:23.080] 在线连接:   1  |  收到数据:    28056 B  |  解析完整帧:   1002 帧  |  发送帧:   1002 帧  (   52104 B)  [帧头:EAEAEAEA  帧尾:AEAEAEAE]
[2026-04-02 17:58:24.080] 在线连接:   1  |  收到数据:    27440 B  |  解析完整帧:    980 帧  |  发送帧:    980 帧  (   50960 B)  [帧头:EAEAEAEA  帧尾:AEAEAEAE]
[2026-04-02 17:58:25.081] 在线连接:   1  |  收到数据:    28532 B  |  解析完整帧:   1019 帧  |  发送帧:   1019 帧  (   52988 B)  [帧头:EAEAEAEA  帧尾:AEAEAEAE]
[2026-04-02 17:58:26.082] 在线连接:   1  |  收到数据:    28112 B  |  解析完整帧:   1004 帧  |  发送帧:   1004 帧  (   52208 B)  [帧头:EAEAEAEA  帧尾:AEAEAEAE]
[2026-04-02 17:58:27.082] 在线连接:   1  |  收到数据:    28000 B  |  解析完整帧:   1000 帧  |  发送帧:   1000 帧  (   52000 B)  [帧头:EAEAEAEA  帧尾:AEAEAEAE]
[2026-04-02 17:58:28.083] 在线连接:   1  |  收到数据:    28028 B  |  解析完整帧:   1001 帧  |  发送帧:   1001 帧  (   52052 B)  [帧头:EAEAEAEA  帧尾:AEAEAEAE]
[2026-04-02 17:58:29.084] 在线连接:   1  |  收到数据:    28028 B  |  解析完整帧:   1001 帧  |  发送帧:   1001 帧  (   52052 B)  [帧头:EAEAEAEA  帧尾:AEAEAEAE]
[2026-04-02 17:58:30.084] 在线连接:   1  |  收到数据:    27972 B  |  解析完整帧:    999 帧  |  发送帧:    999 帧  (   51948 B)  [帧头:EAEAEAEA  帧尾:AEAEAEAE]
[2026-04-02 17:58:31.091] 在线连接:   1  |  收到数据:    28140 B  |  解析完整帧:   1005 帧  |  发送帧:   1005 帧  (   52260 B)  [帧头:EAEAEAEA  帧尾:AEAEAEAE]
[2026-04-02 17:58:32.095] 在线连接:   1  |  收到数据:    28196 B  |  解析完整帧:   1007 帧  |  发送帧:   1007 帧  (   52364 B)  [帧头:EAEAEAEA  帧尾:AEAEAEAE]
[2026-04-02 17:58:33.097] 在线连接:   1  |  收到数据:    27972 B  |  解析完整帧:    999 帧  |  发送帧:    999 帧  (   51948 B)  [帧头:EAEAEAEA  帧尾:AEAEAEAE]
[2026-04-02 17:58:34.098] 在线连接:   1  |  收到数据:    27636 B  |  解析完整帧:    987 帧  |  发送帧:    987 帧  (   51324 B)  [帧头:EAEAEAEA  帧尾:AEAEAEAE]
[2026-04-02 17:58:35.098] 在线连接:   1  |  收到数据:    28140 B  |  解析完整帧:   1005 帧  |  发送帧:   1005 帧  (   52260 B)  [帧头:EAEAEAEA  帧尾:AEAEAEAE]
[2026-04-02 17:58:36.099] 在线连接:   1  |  收到数据:    28336 B  |  解析完整帧:   1012 帧  |  发送帧:   1012 帧  (   52624 B)  [帧头:EAEAEAEA  帧尾:AEAEAEAE]
[2026-04-02 17:58:37.100] 在线连接:   1  |  收到数据:    27916 B  |  解析完整帧:    997 帧  |  发送帧:    997 帧  (   51844 B)  [帧头:EAEAEAEA  帧尾:AEAEAEAE]
[2026-04-02 17:58:38.101] 在线连接:   1  |  收到数据:    28196 B  |  解析完整帧:   1007 帧  |  发送帧:   1005 帧  (   52260 B)  [帧头:EAEAEAEA  帧尾:AEAEAEAE]
[2026-04-02 17:58:39.102] 在线连接:   1  |  收到数据:    28000 B  |  解析完整帧:   1000 帧  |  发送帧:   1002 帧  (   52104 B)  [帧头:EAEAEAEA  帧尾:AEAEAEAE]
[2026-04-02 17:58:40.103] 在线连接:   1  |  收到数据:    27944 B  |  解析完整帧:    998 帧  |  发送帧:    998 帧  (   51896 B)  [帧头:EAEAEAEA  帧尾:AEAEAEAE]
[2026-04-02 17:58:41.103] 在线连接:   1  |  收到数据:    28028 B  |  解析完整帧:   1001 帧  |  发送帧:   1001 帧  (   52052 B)  [帧头:EAEAEAEA  帧尾:AEAEAEAE]
[2026-04-02 17:58:42.104] 在线连接:   1  |  收到数据:    27692 B  |  解析完整帧:    989 帧  |  发送帧:    989 帧  (   51428 B)  [帧头:EAEAEAEA  帧尾:AEAEAEAE]
[2026-04-02 17:58:43.104] 在线连接:   1  |  收到数据:    28364 B  |  解析完整帧:   1013 帧  |  发送帧:   1013 帧  (   52676 B)  [帧头:EAEAEAEA  帧尾:AEAEAEAE]
[2026-04-02 17:58:44.105] 在线连接:   1  |  收到数据:    27776 B  |  解析完整帧:    992 帧  |  发送帧:    992 帧  (   51584 B)  [帧头:EAEAEAEA  帧尾:AEAEAEAE]
[2026-04-02 17:58:45.106] 在线连接:   1  |  收到数据:    27804 B  |  解析完整帧:    993 帧  |  发送帧:    993 帧  (   51636 B)  [帧头:EAEAEAEA  帧尾:AEAEAEAE]
[2026-04-02 17:58:46.107] 在线连接:   1  |  收到数据:    28532 B  |  解析完整帧:   1019 帧  |  发送帧:   1019 帧  (   52988 B)  [帧头:EAEAEAEA  帧尾:AEAEAEAE]
[2026-04-02 17:58:47.107] 在线连接:   1  |  收到数据:    27944 B  |  解析完整帧:    998 帧  |  发送帧:    998 帧  (   51896 B)  [帧头:EAEAEAEA  帧尾:AEAEAEAE]
[2026-04-02 17:58:48.108] 在线连接:   1  |  收到数据:    28084 B  |  解析完整帧:   1003 帧  |  发送帧:   1003 帧  (   52156 B)  [帧头:EAEAEAEA  帧尾:AEAEAEAE]
[2026-04-02 17:58:49.109] 在线连接:   1  |  收到数据:    27804 B  |  解析完整帧:    993 帧  |  发送帧:    993 帧  (   51636 B)  [帧头:EAEAEAEA  帧尾:AEAEAEAE]
[2026-04-02 17:58:50.109] 在线连接:   1  |  收到数据:    28168 B  |  解析完整帧:   1006 帧  |  发送帧:   1006 帧  (   52312 B)  [帧头:EAEAEAEA  帧尾:AEAEAEAE]
[2026-04-02 17:58:51.110] 在线连接:   1  |  收到数据:    28084 B  |  解析完整帧:   1003 帧  |  发送帧:   1003 帧  (   52156 B)  [帧头:EAEAEAEA  帧尾:AEAEAEAE]
[2026-04-02 17:58:52.111] 在线连接:   1  |  收到数据:    27860 B  |  解析完整帧:    995 帧  |  发送帧:    995 帧  (   51740 B)  [帧头:EAEAEAEA  帧尾:AEAEAEAE]
[2026-04-02 17:58:53.111] 在线连接:   1  |  收到数据:    28168 B  |  解析完整帧:   1006 帧  |  发送帧:   1006 帧  (   52312 B)  [帧头:EAEAEAEA  帧尾:AEAEAEAE]
[2026-04-02 17:58:54.112] 在线连接:   1  |  收到数据:    27916 B  |  解析完整帧:    997 帧  |  发送帧:    997 帧  (   51844 B)  [帧头:EAEAEAEA  帧尾:AEAEAEAE]
[2026-04-02 17:58:55.113] 在线连接:   1  |  收到数据:    28168 B  |  解析完整帧:   1006 帧  |  发送帧:   1006 帧  (   52312 B)  [帧头:EAEAEAEA  帧尾:AEAEAEAE]
[2026-04-02 17:58:56.113] 在线连接:   1  |  收到数据:    28000 B  |  解析完整帧:   1000 帧  |  发送帧:   1000 帧  (   52000 B)  [帧头:EAEAEAEA  帧尾:AEAEAEAE]
[2026-04-02 17:58:57.114] 在线连接:   1  |  收到数据:    28000 B  |  解析完整帧:   1000 帧  |  发送帧:   1000 帧  (   52000 B)  [帧头:EAEAEAEA  帧尾:AEAEAEAE]
[2026-04-02 17:58:58.115] 在线连接:   1  |  收到数据:    27720 B  |  解析完整帧:    990 帧  |  发送帧:    990 帧  (   51480 B)  [帧头:EAEAEAEA  帧尾:AEAEAEAE]
[2026-04-02 17:58:59.115] 在线连接:   1  |  收到数据:    28280 B  |  解析完整帧:   1010 帧  |  发送帧:   1008 帧  (   52416 B)  [帧头:EAEAEAEA  帧尾:AEAEAEAE]
[2026-04-02 17:59:00.116] 在线连接:   1  |  收到数据:    28000 B  |  解析完整帧:   1000 帧  |  发送帧:   1002 帧  (   52104 B)  [帧头:EAEAEAEA  帧尾:AEAEAEAE]
[2026-04-02 17:59:01.117] 在线连接:   1  |  收到数据:    27972 B  |  解析完整帧:    999 帧  |  发送帧:    999 帧  (   51948 B)  [帧头:EAEAEAEA  帧尾:AEAEAEAE]
[2026-04-02 17:59:02.117] 在线连接:   1  |  收到数据:    28056 B  |  解析完整帧:   1002 帧  |  发送帧:   1002 帧  (   52104 B)  [帧头:EAEAEAEA  帧尾:AEAEAEAE]
[2026-04-02 17:59:03.118] 在线连接:   1  |  收到数据:    27888 B  |  解析完整帧:    996 帧  |  发送帧:    996 帧  (   51792 B)  [帧头:EAEAEAEA  帧尾:AEAEAEAE]
[2026-04-02 17:59:04.119] 在线连接:   1  |  收到数据:    27496 B  |  解析完整帧:    982 帧  |  发送帧:    982 帧  (   51064 B)  [帧头:EAEAEAEA  帧尾:AEAEAEAE]
[2026-04-02 17:59:05.120] 在线连接:   1  |  收到数据:    28392 B  |  解析完整帧:   1014 帧  |  发送帧:   1014 帧  (   52728 B)  [帧头:EAEAEAEA  帧尾:AEAEAEAE]
[2026-04-02 17:59:06.121] 在线连接:   1  |  收到数据:    28308 B  |  解析完整帧:   1011 帧  |  发送帧:   1011 帧  (   52572 B)  [帧头:EAEAEAEA  帧尾:AEAEAEAE]
[2026-04-02 17:59:07.126] 在线连接:   1  |  收到数据:    28056 B  |  解析完整帧:   1002 帧  |  发送帧:   1002 帧  (   52104 B)  [帧头:EAEAEAEA  帧尾:AEAEAEAE]
[2026-04-02 17:59:08.127] 在线连接:   1  |  收到数据:    28140 B  |  解析完整帧:   1005 帧  |  发送帧:   1005 帧  (   52260 B)  [帧头:EAEAEAEA  帧尾:AEAEAEAE]
[2026-04-02 17:59:09.131] 在线连接:   1  |  收到数据:    28112 B  |  解析完整帧:   1004 帧  |  发送帧:   1004 帧  (   52208 B)  [帧头:EAEAEAEA  帧尾:AEAEAEAE]
[2026-04-02 17:59:10.131] 在线连接:   1  |  收到数据:    28056 B  |  解析完整帧:   1002 帧  |  发送帧:   1001 帧  (   52052 B)  [帧头:EAEAEAEA  帧尾:AEAEAEAE]
[2026-04-02 17:59:11.132] 在线连接:   1  |  收到数据:    27972 B  |  解析完整帧:    999 帧  |  发送帧:   1000 帧  (   52000 B)  [帧头:EAEAEAEA  帧尾:AEAEAEAE]
[2026-04-02 17:59:12.133] 在线连接:   1  |  收到数据:    28000 B  |  解析完整帧:   1000 帧  |  发送帧:   1000 帧  (   52000 B)  [帧头:EAEAEAEA  帧尾:AEAEAEAE]
[2026-04-02 17:59:13.134] 在线连接:   1  |  收到数据:    27244 B  |  解析完整帧:    973 帧  |  发送帧:    973 帧  (   50596 B)  [帧头:EAEAEAEA  帧尾:AEAEAEAE]
[2026-04-02 17:59:14.135] 在线连接:   1  |  收到数据:    28448 B  |  解析完整帧:   1016 帧  |  发送帧:   1016 帧  (   52832 B)  [帧头:EAEAEAEA  帧尾:AEAEAEAE]
[2026-04-02 17:59:15.136] 在线连接:   1  |  收到数据:    28364 B  |  解析完整帧:   1013 帧  |  发送帧:   1013 帧  (   52676 B)  [帧头:EAEAEAEA  帧尾:AEAEAEAE]
[2026-04-02 17:59:16.136] 在线连接:   1  |  收到数据:    27804 B  |  解析完整帧:    993 帧  |  发送帧:    993 帧  (   51636 B)  [帧头:EAEAEAEA  帧尾:AEAEAEAE]
[2026-04-02 17:59:17.137] 在线连接:   1  |  收到数据:    28140 B  |  解析完整帧:   1005 帧  |  发送帧:   1005 帧  (   52260 B)  [帧头:EAEAEAEA  帧尾:AEAEAEAE]
[2026-04-02 17:59:18.138] 在线连接:   1  |  收到数据:    28112 B  |  解析完整帧:   1004 帧  |  发送帧:   1004 帧  (   52208 B)  [帧头:EAEAEAEA  帧尾:AEAEAEAE]
[2026-04-02 17:59:19.138] 在线连接:   1  |  收到数据:    28000 B  |  解析完整帧:   1000 帧  |  发送帧:   1000 帧  (   52000 B)  [帧头:EAEAEAEA  帧尾:AEAEAEAE]
[2026-04-02 17:59:20.139] 在线连接:   1  |  收到数据:    28084 B  |  解析完整帧:   1003 帧  |  发送帧:   1003 帧  (   52156 B)  [帧头:EAEAEAEA  帧尾:AEAEAEAE]
[2026-04-02 17:59:21.140] 在线连接:   1  |  收到数据:    28028 B  |  解析完整帧:   1001 帧  |  发送帧:   1001 帧  (   52052 B)  [帧头:EAEAEAEA  帧尾:AEAEAEAE]
[2026-04-02 17:59:22.141] 在线连接:   1  |  收到数据:    27944 B  |  解析完整帧:    998 帧  |  发送帧:    998 帧  (   51896 B)  [帧头:EAEAEAEA  帧尾:AEAEAEAE]
[2026-04-02 17:59:23.141] 在线连接:   1  |  收到数据:    27748 B  |  解析完整帧:    991 帧  |  发送帧:    991 帧  (   51532 B)  [帧头:EAEAEAEA  帧尾:AEAEAEAE]
[2026-04-02 17:59:24.142] 在线连接:   1  |  收到数据:    28252 B  |  解析完整帧:   1009 帧  |  发送帧:   1009 帧  (   52468 B)  [帧头:EAEAEAEA  帧尾:AEAEAEAE]
[2026-04-02 17:59:25.143] 在线连接:   1  |  收到数据:    28140 B  |  解析完整帧:   1005 帧  |  发送帧:   1005 帧  (   52260 B)  [帧头:EAEAEAEA  帧尾:AEAEAEAE]
[2026-04-02 17:59:26.144] 在线连接:   1  |  收到数据:    28028 B  |  解析完整帧:   1001 帧  |  发送帧:   1001 帧  (   52052 B)  [帧头:EAEAEAEA  帧尾:AEAEAEAE]
[2026-04-02 17:59:27.145] 在线连接:   1  |  收到数据:    28028 B  |  解析完整帧:   1001 帧  |  发送帧:   1001 帧  (   52052 B)  [帧头:EAEAEAEA  帧尾:AEAEAEAE]
[2026-04-02 17:59:28.146] 在线连接:   1  |  收到数据:    28056 B  |  解析完整帧:   1002 帧  |  发送帧:    999 帧  (   51948 B)  [帧头:EAEAEAEA  帧尾:AEAEAEAE]
[2026-04-02 17:59:29.175] 在线连接:   1  |  收到数据:    27888 B  |  解析完整帧:    996 帧  |  发送帧:    999 帧  (   51948 B)  [帧头:EAEAEAEA  帧尾:AEAEAEAE]
[2026-04-02 17:59:30.230] 在线连接:   1  |  收到数据:    29260 B  |  解析完整帧:   1045 帧  |  发送帧:   1045 帧  (   54340 B)  [帧头:EAEAEAEA  帧尾:AEAEAEAE]
[2026-04-02 17:59:31.231] 在线连接:   1  |  收到数据:    28840 B  |  解析完整帧:   1030 帧  |  发送帧:   1030 帧  (   53560 B)  [帧头:EAEAEAEA  帧尾:AEAEAEAE]
[2026-04-02 17:59:32.232] 在线连接:   1  |  收到数据:    28028 B  |  解析完整帧:   1001 帧  |  发送帧:   1001 帧  (   52052 B)  [帧头:EAEAEAEA  帧尾:AEAEAEAE]
[2026-04-02 17:59:33.233] 在线连接:   1  |  收到数据:    28000 B  |  解析完整帧:   1000 帧  |  发送帧:   1000 帧  (   52000 B)  [帧头:EAEAEAEA  帧尾:AEAEAEAE]
[2026-04-02 17:59:34.234] 在线连接:   1  |  收到数据:    28084 B  |  解析完整帧:   1003 帧  |  发送帧:   1003 帧  (   52156 B)  [帧头:EAEAEAEA  帧尾:AEAEAEAE]
[2026-04-02 17:59:35.235] 在线连接:   1  |  收到数据:    27328 B  |  解析完整帧:    976 帧  |  发送帧:    976 帧  (   50752 B)  [帧头:EAEAEAEA  帧尾:AEAEAEAE]
[2026-04-02 17:59:36.235] 在线连接:   1  |  收到数据:    28644 B  |  解析完整帧:   1023 帧  |  发送帧:   1023 帧  (   53196 B)  [帧头:EAEAEAEA  帧尾:AEAEAEAE]
[2026-04-02 17:59:37.236] 在线连接:   1  |  收到数据:    27692 B  |  解析完整帧:    989 帧  |  发送帧:    989 帧  (   51428 B)  [帧头:EAEAEAEA  帧尾:AEAEAEAE]
[2026-04-02 17:59:38.236] 在线连接:   1  |  收到数据:    28196 B  |  解析完整帧:   1007 帧  |  发送帧:   1007 帧  (   52364 B)  [帧头:EAEAEAEA  帧尾:AEAEAEAE]
[2026-04-02 17:59:39.238] 在线连接:   1  |  收到数据:    28084 B  |  解析完整帧:   1003 帧  |  发送帧:   1003 帧  (   52156 B)  [帧头:EAEAEAEA  帧尾:AEAEAEAE]
[2026-04-02 17:59:40.238] 在线连接:   1  |  收到数据:    28056 B  |  解析完整帧:   1002 帧  |  发送帧:   1002 帧  (   52104 B)  [帧头:EAEAEAEA  帧尾:AEAEAEAE]
[2026-04-02 17:59:41.239] 在线连接:   1  |  收到数据:    27328 B  |  解析完整帧:    976 帧  |  发送帧:    976 帧  (   50752 B)  [帧头:EAEAEAEA  帧尾:AEAEAEAE]
[2026-04-02 17:59:42.240] 在线连接:   1  |  收到数据:    28756 B  |  解析完整帧:   1027 帧  |  发送帧:   1027 帧  (   53404 B)  [帧头:EAEAEAEA  帧尾:AEAEAEAE]
[2026-04-02 17:59:43.240] 在线连接:   1  |  收到数据:    27748 B  |  解析完整帧:    991 帧  |  发送帧:    991 帧  (   51532 B)  [帧头:EAEAEAEA  帧尾:AEAEAEAE]
[2026-04-02 17:59:44.241] 在线连接:   1  |  收到数据:    28280 B  |  解析完整帧:   1010 帧  |  发送帧:   1010 帧  (   52520 B)  [帧头:EAEAEAEA  帧尾:AEAEAEAE]
[2026-04-02 17:59:45.242] 在线连接:   1  |  收到数据:    27944 B  |  解析完整帧:    998 帧  |  发送帧:    998 帧  (   51896 B)  [帧头:EAEAEAEA  帧尾:AEAEAEAE]
[2026-04-02 17:59:46.243] 在线连接:   1  |  收到数据:    27188 B  |  解析完整帧:    971 帧  |  发送帧:    971 帧  (   50492 B)  [帧头:EAEAEAEA  帧尾:AEAEAEAE]
[2026-04-02 17:59:47.244] 在线连接:   1  |  收到数据:    29008 B  |  解析完整帧:   1036 帧  |  发送帧:   1036 帧  (   53872 B)  [帧头:EAEAEAEA  帧尾:AEAEAEAE]
[2026-04-02 17:59:48.245] 在线连接:   1  |  收到数据:    28028 B  |  解析完整帧:   1001 帧  |  发送帧:   1001 帧  (   52052 B)  [帧头:EAEAEAEA  帧尾:AEAEAEAE]
[2026-04-02 17:59:49.246] 在线连接:   1  |  收到数据:    27412 B  |  解析完整帧:    979 帧  |  发送帧:    979 帧  (   50908 B)  [帧头:EAEAEAEA  帧尾:AEAEAEAE]
[2026-04-02 17:59:50.247] 在线连接:   1  |  收到数据:    28476 B  |  解析完整帧:   1017 帧  |  发送帧:   1017 帧  (   52884 B)  [帧头:EAEAEAEA  帧尾:AEAEAEAE]
[2026-04-02 17:59:51.247] 在线连接:   1  |  收到数据:    28196 B  |  解析完整帧:   1007 帧  |  发送帧:   1007 帧  (   52364 B)  [帧头:EAEAEAEA  帧尾:AEAEAEAE]
[2026-04-02 17:59:52.249] 在线连接:   1  |  收到数据:    26684 B  |  解析完整帧:    953 帧  |  发送帧:    953 帧  (   49556 B)  [帧头:EAEAEAEA  帧尾:AEAEAEAE]
[2026-04-02 17:59:53.249] 在线连接:   1  |  收到数据:    29288 B  |  解析完整帧:   1046 帧  |  发送帧:   1046 帧  (   54392 B)  [帧头:EAEAEAEA  帧尾:AEAEAEAE]
[2026-04-02 17:59:54.250] 在线连接:   1  |  收到数据:    28056 B  |  解析完整帧:   1002 帧  |  发送帧:   1002 帧  (   52104 B)  [帧头:EAEAEAEA  帧尾:AEAEAEAE]
[2026-04-02 17:59:55.251] 在线连接:   1  |  收到数据:    27916 B  |  解析完整帧:    997 帧  |  发送帧:    997 帧  (   51844 B)  [帧头:EAEAEAEA  帧尾:AEAEAEAE]
[2026-04-02 17:59:56.251] 在线连接:   1  |  收到数据:    28140 B  |  解析完整帧:   1005 帧  |  发送帧:   1005 帧  (   52260 B)  [帧头:EAEAEAEA  帧尾:AEAEAEAE]
[2026-04-02 17:59:57.252] 在线连接:   1  |  收到数据:    26684 B  |  解析完整帧:    953 帧  |  发送帧:    953 帧  (   49556 B)  [帧头:EAEAEAEA  帧尾:AEAEAEAE]
[2026-04-02 17:59:58.253] 在线连接:   1  |  收到数据:    29260 B  |  解析完整帧:   1045 帧  |  发送帧:   1045 帧  (   54340 B)  [帧头:EAEAEAEA  帧尾:AEAEAEAE]
[2026-04-02 17:59:59.254] 在线连接:   1  |  收到数据:    27524 B  |  解析完整帧:    983 帧  |  发送帧:    983 帧  (   51116 B)  [帧头:EAEAEAEA  帧尾:AEAEAEAE]
[2026-04-02 18:00:00.255] 在线连接:   1  |  收到数据:    28280 B  |  解析完整帧:   1010 帧  |  发送帧:   1010 帧  (   52520 B)  [帧头:EAEAEAEA  帧尾:AEAEAEAE]
[2026-04-02 18:00:01.256] 在线连接:   1  |  收到数据:    28336 B  |  解析完整帧:   1012 帧  |  发送帧:   1012 帧  (   52624 B)  [帧头:EAEAEAEA  帧尾:AEAEAEAE]
[2026-04-02 18:00:02.257] 在线连接:   1  |  收到数据:    26936 B  |  解析完整帧:    962 帧  |  发送帧:    962 帧  (   50024 B)  [帧头:EAEAEAEA  帧尾:AEAEAEAE]
[2026-04-02 18:00:03.258] 在线连接:   1  |  收到数据:    29148 B  |  解析完整帧:   1041 帧  |  发送帧:   1041 帧  (   54132 B)  [帧头:EAEAEAEA  帧尾:AEAEAEAE]
[2026-04-02 18:00:04.258] 在线连接:   1  |  收到数据:    28028 B  |  解析完整帧:   1001 帧  |  发送帧:   1001 帧  (   52052 B)  [帧头:EAEAEAEA  帧尾:AEAEAEAE]
[2026-04-02 18:00:05.259] 在线连接:   1  |  收到数据:    27832 B  |  解析完整帧:    994 帧  |  发送帧:    994 帧  (   51688 B)  [帧头:EAEAEAEA  帧尾:AEAEAEAE]
[2026-04-02 18:00:06.260] 在线连接:   1  |  收到数据:    28280 B  |  解析完整帧:   1010 帧  |  发送帧:   1008 帧  (   52416 B)  [帧头:EAEAEAEA  帧尾:AEAEAEAE]
[2026-04-02 18:00:07.261] 在线连接:   1  |  收到数据:    26880 B  |  解析完整帧:    960 帧  |  发送帧:    962 帧  (   50024 B)  [帧头:EAEAEAEA  帧尾:AEAEAEAE]
[2026-04-02 18:00:08.262] 在线连接:   1  |  收到数据:    29148 B  |  解析完整帧:   1041 帧  |  发送帧:   1041 帧  (   54132 B)  [帧头:EAEAEAEA  帧尾:AEAEAEAE]
[2026-04-02 18:00:09.263] 在线连接:   1  |  收到数据:    27776 B  |  解析完整帧:    992 帧  |  发送帧:    992 帧  (   51584 B)  [帧头:EAEAEAEA  帧尾:AEAEAEAE]
[2026-04-02 18:00:10.263] 在线连接:   1  |  收到数据:    28224 B  |  解析完整帧:   1008 帧  |  发送帧:   1008 帧  (   52416 B)  [帧头:EAEAEAEA  帧尾:AEAEAEAE]
[2026-04-02 18:00:11.264] 在线连接:   1  |  收到数据:    27972 B  |  解析完整帧:    999 帧  |  发送帧:    999 帧  (   51948 B)  [帧头:EAEAEAEA  帧尾:AEAEAEAE]
[2026-04-02 18:00:12.265] 在线连接:   1  |  收到数据:    27804 B  |  解析完整帧:    993 帧  |  发送帧:    993 帧  (   51636 B)  [帧头:EAEAEAEA  帧尾:AEAEAEAE]
[2026-04-02 18:00:13.266] 在线连接:   1  |  收到数据:    26572 B  |  解析完整帧:    949 帧  |  发送帧:    949 帧  (   49348 B)  [帧头:EAEAEAEA  帧尾:AEAEAEAE]
[2026-04-02 18:00:14.267] 在线连接:   1  |  收到数据:    29680 B  |  解析完整帧:   1060 帧  |  发送帧:   1060 帧  (   55120 B)  [帧头:EAEAEAEA  帧尾:AEAEAEAE]
[2026-04-02 18:00:15.268] 在线连接:   1  |  收到数据:    28056 B  |  解析完整帧:   1002 帧  |  发送帧:   1002 帧  (   52104 B)  [帧头:EAEAEAEA  帧尾:AEAEAEAE]
[2026-04-02 18:00:16.268] 在线连接:   1  |  收到数据:    28000 B  |  解析完整帧:   1000 帧  |  发送帧:   1000 帧  (   52000 B)  [帧头:EAEAEAEA  帧尾:AEAEAEAE]
[2026-04-02 18:00:17.269] 在线连接:   1  |  收到数据:    27944 B  |  解析完整帧:    998 帧  |  发送帧:    998 帧  (   51896 B)  [帧头:EAEAEAEA  帧尾:AEAEAEAE]
[2026-04-02 18:00:18.275] 在线连接:   1  |  收到数据:    26544 B  |  解析完整帧:    948 帧  |  发送帧:    948 帧  (   49296 B)  [帧头:EAEAEAEA  帧尾:AEAEAEAE]
[2026-04-02 18:00:19.286] 在线连接:   1  |  收到数据:    30072 B  |  解析完整帧:   1074 帧  |  发送帧:   1074 帧  (   55848 B)  [帧头:EAEAEAEA  帧尾:AEAEAEAE]
[2026-04-02 18:00:20.288] 在线连接:   1  |  收到数据:    27888 B  |  解析完整帧:    996 帧  |  发送帧:    996 帧  (   51792 B)  [帧头:EAEAEAEA  帧尾:AEAEAEAE]
[2026-04-02 18:00:21.303] 在线连接:   1  |  收到数据:    28000 B  |  解析完整帧:   1000 帧  |  发送帧:   1000 帧  (   52000 B)  [帧头:EAEAEAEA  帧尾:AEAEAEAE]
[2026-04-02 18:00:22.304] 在线连接:   1  |  收到数据:    28560 B  |  解析完整帧:   1020 帧  |  发送帧:   1020 帧  (   53040 B)  [帧头:EAEAEAEA  帧尾:AEAEAEAE]
[2026-04-02 18:00:23.304] 在线连接:   1  |  收到数据:    27916 B  |  解析完整帧:    997 帧  |  发送帧:    997 帧  (   51844 B)  [帧头:EAEAEAEA  帧尾:AEAEAEAE]
[2026-04-02 18:00:24.305] 在线连接:   1  |  收到数据:    28224 B  |  解析完整帧:   1008 帧  |  发送帧:   1006 帧  (   52312 B)  [帧头:EAEAEAEA  帧尾:AEAEAEAE]
[2026-04-02 18:00:25.307] 在线连接:   1  |  收到数据:    28028 B  |  解析完整帧:   1001 帧  |  发送帧:   1002 帧  (   52104 B)  [帧头:EAEAEAEA  帧尾:AEAEAEAE]
[2026-04-02 18:00:26.309] 在线连接:   1  |  收到数据:    28000 B  |  解析完整帧:   1000 帧  |  发送帧:   1001 帧  (   52052 B)  [帧头:EAEAEAEA  帧尾:AEAEAEAE]
[2026-04-02 18:00:27.310] 在线连接:   1  |  收到数据:    27580 B  |  解析完整帧:    985 帧  |  发送帧:    985 帧  (   51220 B)  [帧头:EAEAEAEA  帧尾:AEAEAEAE]
[2026-04-02 18:00:28.311] 在线连接:   1  |  收到数据:    27608 B  |  解析完整帧:    986 帧  |  发送帧:    986 帧  (   51272 B)  [帧头:EAEAEAEA  帧尾:AEAEAEAE]
[2026-04-02 18:00:29.312] 在线连接:   1  |  收到数据:    28616 B  |  解析完整帧:   1022 帧  |  发送帧:   1022 帧  (   53144 B)  [帧头:EAEAEAEA  帧尾:AEAEAEAE]
[2026-04-02 18:00:30.313] 在线连接:   1  |  收到数据:    28168 B  |  解析完整帧:   1006 帧  |  发送帧:   1006 帧  (   52312 B)  [帧头:EAEAEAEA  帧尾:AEAEAEAE]
[2026-04-02 18:00:31.313] 在线连接:   1  |  收到数据:    27804 B  |  解析完整帧:    993 帧  |  发送帧:    993 帧  (   51636 B)  [帧头:EAEAEAEA  帧尾:AEAEAEAE]
[2026-04-02 18:00:32.314] 在线连接:   1  |  收到数据:    27636 B  |  解析完整帧:    987 帧  |  发送帧:    987 帧  (   51324 B)  [帧头:EAEAEAEA  帧尾:AEAEAEAE]
[2026-04-02 18:00:33.315] 在线连接:   1  |  收到数据:    28644 B  |  解析完整帧:   1023 帧  |  发送帧:   1023 帧  (   53196 B)  [帧头:EAEAEAEA  帧尾:AEAEAEAE]
[2026-04-02 18:00:34.316] 在线连接:   1  |  收到数据:    27944 B  |  解析完整帧:    998 帧  |  发送帧:    995 帧  (   51740 B)  [帧头:EAEAEAEA  帧尾:AEAEAEAE]
[2026-04-02 18:00:35.316] 在线连接:   1  |  收到数据:    27664 B  |  解析完整帧:    988 帧  |  发送帧:    991 帧  (   51532 B)  [帧头:EAEAEAEA  帧尾:AEAEAEAE]
[2026-04-02 18:00:36.318] 在线连接:   1  |  收到数据:    28364 B  |  解析完整帧:   1013 帧  |  发送帧:   1013 帧  (   52676 B)  [帧头:EAEAEAEA  帧尾:AEAEAEAE]
[2026-04-02 18:00:37.318] 在线连接:   1  |  收到数据:    27944 B  |  解析完整帧:    998 帧  |  发送帧:    998 帧  (   51896 B)  [帧头:EAEAEAEA  帧尾:AEAEAEAE]
[2026-04-02 18:00:38.319] 在线连接:   1  |  收到数据:    28000 B  |  解析完整帧:   1000 帧  |  发送帧:   1000 帧  (   52000 B)  [帧头:EAEAEAEA  帧尾:AEAEAEAE]
[2026-04-02 18:00:39.339] 在线连接:   1  |  收到数据:    28420 B  |  解析完整帧:   1015 帧  |  发送帧:   1015 帧  (   52780 B)  [帧头:EAEAEAEA  帧尾:AEAEAEAE]
[2026-04-02 18:00:40.341] 在线连接:   1  |  收到数据:    28084 B  |  解析完整帧:   1003 帧  |  发送帧:   1003 帧  (   52156 B)  [帧头:EAEAEAEA  帧尾:AEAEAEAE]
[2026-04-02 18:00:41.342] 在线连接:   1  |  收到数据:    28028 B  |  解析完整帧:   1001 帧  |  发送帧:   1001 帧  (   52052 B)  [帧头:EAEAEAEA  帧尾:AEAEAEAE]
[2026-04-02 18:00:42.343] 在线连接:   1  |  收到数据:    27860 B  |  解析完整帧:    995 帧  |  发送帧:    993 帧  (   51636 B)  [帧头:EAEAEAEA  帧尾:AEAEAEAE]
[2026-04-02 18:00:43.344] 在线连接:   1  |  收到数据:    28196 B  |  解析完整帧:   1007 帧  |  发送帧:   1009 帧  (   52468 B)  [帧头:EAEAEAEA  帧尾:AEAEAEAE]
[2026-04-02 18:00:44.345] 在线连接:   1  |  收到数据:    27972 B  |  解析完整帧:    999 帧  |  发送帧:    999 帧  (   51948 B)  [帧头:EAEAEAEA  帧尾:AEAEAEAE]
[2026-04-02 18:00:45.346] 在线连接:   1  |  收到数据:    28056 B  |  解析完整帧:   1002 帧  |  发送帧:   1002 帧  (   52104 B)  [帧头:EAEAEAEA  帧尾:AEAEAEAE]
[2026-04-02 18:00:46.347] 在线连接:   1  |  收到数据:    28056 B  |  解析完整帧:   1002 帧  |  发送帧:   1002 帧  (   52104 B)  [帧头:EAEAEAEA  帧尾:AEAEAEAE]
[2026-04-02 18:00:47.347] 在线连接:   1  |  收到数据:    27720 B  |  解析完整帧:    990 帧  |  发送帧:    990 帧  (   51480 B)  [帧头:EAEAEAEA  帧尾:AEAEAEAE]
[2026-04-02 18:00:48.361] 在线连接:   1  |  收到数据:    28476 B  |  解析完整帧:   1017 帧  |  发送帧:   1017 帧  (   52884 B)  [帧头:EAEAEAEA  帧尾:AEAEAEAE]
[2026-04-02 18:00:49.364] 在线连接:   1  |  收到数据:    27776 B  |  解析完整帧:    992 帧  |  发送帧:    992 帧  (   51584 B)  [帧头:EAEAEAEA  帧尾:AEAEAEAE]
[2026-04-02 18:00:50.365] 在线连接:   1  |  收到数据:    28532 B  |  解析完整帧:   1019 帧  |  发送帧:   1019 帧  (   52988 B)  [帧头:EAEAEAEA  帧尾:AEAEAEAE]
[2026-04-02 18:00:51.366] 在线连接:   1  |  收到数据:    27804 B  |  解析完整帧:    993 帧  |  发送帧:    993 帧  (   51636 B)  [帧头:EAEAEAEA  帧尾:AEAEAEAE]
[2026-04-02 18:00:52.367] 在线连接:   1  |  收到数据:    27888 B  |  解析完整帧:    996 帧  |  发送帧:    996 帧  (   51792 B)  [帧头:EAEAEAEA  帧尾:AEAEAEAE]
[2026-04-02 18:00:53.370] 在线连接:   1  |  收到数据:    28308 B  |  解析完整帧:   1011 帧  |  发送帧:   1011 帧  (   52572 B)  [帧头:EAEAEAEA  帧尾:AEAEAEAE]
[2026-04-02 18:00:54.371] 在线连接:   1  |  收到数据:    27748 B  |  解析完整帧:    991 帧  |  发送帧:    991 帧  (   51532 B)  [帧头:EAEAEAEA  帧尾:AEAEAEAE]
[2026-04-02 18:00:55.372] 在线连接:   1  |  收到数据:    28448 B  |  解析完整帧:   1016 帧  |  发送帧:   1016 帧  (   52832 B)  [帧头:EAEAEAEA  帧尾:AEAEAEAE]
[2026-04-02 18:00:56.372] 在线连接:   1  |  收到数据:    27972 B  |  解析完整帧:    999 帧  |  发送帧:    999 帧  (   51948 B)  [帧头:EAEAEAEA  帧尾:AEAEAEAE]
[2026-04-02 18:00:57.373] 在线连接:   1  |  收到数据:    28084 B  |  解析完整帧:   1003 帧  |  发送帧:   1003 帧  (   52156 B)  [帧头:EAEAEAEA  帧尾:AEAEAEAE]
[2026-04-02 18:00:58.374] 在线连接:   1  |  收到数据:    27384 B  |  解析完整帧:    978 帧  |  发送帧:    978 帧  (   50856 B)  [帧头:EAEAEAEA  帧尾:AEAEAEAE]
[2026-04-02 18:00:59.375] 在线连接:   1  |  收到数据:    28588 B  |  解析完整帧:   1021 帧  |  发送帧:   1021 帧  (   53092 B)  [帧头:EAEAEAEA  帧尾:AEAEAEAE]
[2026-04-02 18:01:00.376] 在线连接:   1  |  收到数据:    27832 B  |  解析完整帧:    994 帧  |  发送帧:    994 帧  (   51688 B)  [帧头:EAEAEAEA  帧尾:AEAEAEAE]
[2026-04-02 18:01:01.376] 在线连接:   1  |  收到数据:    27720 B  |  解析完整帧:    990 帧  |  发送帧:    990 帧  (   51480 B)  [帧头:EAEAEAEA  帧尾:AEAEAEAE]
[2026-04-02 18:01:02.378] 在线连接:   1  |  收到数据:    28084 B  |  解析完整帧:   1003 帧  |  发送帧:   1003 帧  (   52156 B)  [帧头:EAEAEAEA  帧尾:AEAEAEAE]
[2026-04-02 18:01:03.378] 在线连接:   1  |  收到数据:    28308 B  |  解析完整帧:   1011 帧  |  发送帧:   1011 帧  (   52572 B)  [帧头:EAEAEAEA  帧尾:AEAEAEAE]
[2026-04-02 18:01:04.379] 在线连接:   1  |  收到数据:    27972 B  |  解析完整帧:    999 帧  |  发送帧:    999 帧  (   51948 B)  [帧头:EAEAEAEA  帧尾:AEAEAEAE]
[2026-04-02 18:01:05.380] 在线连接:   1  |  收到数据:    27860 B  |  解析完整帧:    995 帧  |  发送帧:    995 帧  (   51740 B)  [帧头:EAEAEAEA  帧尾:AEAEAEAE]
[2026-04-02 18:01:06.381] 在线连接:   1  |  收到数据:    28252 B  |  解析完整帧:   1009 帧  |  发送帧:   1009 帧  (   52468 B)  [帧头:EAEAEAEA  帧尾:AEAEAEAE]
[2026-04-02 18:01:07.381] 在线连接:   1  |  收到数据:    27944 B  |  解析完整帧:    998 帧  |  发送帧:    998 帧  (   51896 B)  [帧头:EAEAEAEA  帧尾:AEAEAEAE]
[2026-04-02 18:01:08.382] 在线连接:   1  |  收到数据:    28056 B  |  解析完整帧:   1002 帧  |  发送帧:   1002 帧  (   52104 B)  [帧头:EAEAEAEA  帧尾:AEAEAEAE]
[2026-04-02 18:01:09.383] 在线连接:   1  |  收到数据:    27916 B  |  解析完整帧:    997 帧  |  发送帧:    997 帧  (   51844 B)  [帧头:EAEAEAEA  帧尾:AEAEAEAE]
[2026-04-02 18:01:10.383] 在线连接:   1  |  收到数据:    27804 B  |  解析完整帧:    993 帧  |  发送帧:    993 帧  (   51636 B)  [帧头:EAEAEAEA  帧尾:AEAEAEAE]
[2026-04-02 18:01:11.384] 在线连接:   1  |  收到数据:    28336 B  |  解析完整帧:   1012 帧  |  发送帧:   1012 帧  (   52624 B)  [帧头:EAEAEAEA  帧尾:AEAEAEAE]
[2026-04-02 18:01:12.384] 在线连接:   1  |  收到数据:    27636 B  |  解析完整帧:    987 帧  |  发送帧:    987 帧  (   51324 B)  [帧头:EAEAEAEA  帧尾:AEAEAEAE]
[2026-04-02 18:01:13.385] 在线连接:   1  |  收到数据:    28392 B  |  解析完整帧:   1014 帧  |  发送帧:   1014 帧  (   52728 B)  [帧头:EAEAEAEA  帧尾:AEAEAEAE]
[2026-04-02 18:01:14.386] 在线连接:   1  |  收到数据:    27720 B  |  解析完整帧:    990 帧  |  发送帧:    990 帧  (   51480 B)  [帧头:EAEAEAEA  帧尾:AEAEAEAE]
[2026-04-02 18:01:15.386] 在线连接:   1  |  收到数据:    27804 B  |  解析完整帧:    993 帧  |  发送帧:    993 帧  (   51636 B)  [帧头:EAEAEAEA  帧尾:AEAEAEAE]
[2026-04-02 18:01:16.387] 在线连接:   1  |  收到数据:    28560 B  |  解析完整帧:   1020 帧  |  发送帧:   1020 帧  (   53040 B)  [帧头:EAEAEAEA  帧尾:AEAEAEAE]
[2026-04-02 18:01:17.388] 在线连接:   1  |  收到数据:    27804 B  |  解析完整帧:    993 帧  |  发送帧:    993 帧  (   51636 B)  [帧头:EAEAEAEA  帧尾:AEAEAEAE]
[2026-04-02 18:01:18.388] 在线连接:   1  |  收到数据:    27720 B  |  解析完整帧:    990 帧  |  发送帧:    990 帧  (   51480 B)  [帧头:EAEAEAEA  帧尾:AEAEAEAE]
[2026-04-02 18:01:19.389] 在线连接:   1  |  收到数据:    28476 B  |  解析完整帧:   1017 帧  |  发送帧:   1017 帧  (   52884 B)  [帧头:EAEAEAEA  帧尾:AEAEAEAE]
[2026-04-02 18:01:20.390] 在线连接:   1  |  收到数据:    27748 B  |  解析完整帧:    991 帧  |  发送帧:    990 帧  (   51480 B)  [帧头:EAEAEAEA  帧尾:AEAEAEAE]
[2026-04-02 18:01:21.390] 在线连接:   1  |  收到数据:    27776 B  |  解析完整帧:    992 帧  |  发送帧:    993 帧  (   51636 B)  [帧头:EAEAEAEA  帧尾:AEAEAEAE]
[2026-04-02 18:01:22.391] 在线连接:   1  |  收到数据:    27916 B  |  解析完整帧:    997 帧  |  发送帧:    997 帧  (   51844 B)  [帧头:EAEAEAEA  帧尾:AEAEAEAE]
[2026-04-02 18:01:23.392] 在线连接:   1  |  收到数据:    28196 B  |  解析完整帧:   1007 帧  |  发送帧:   1007 帧  (   52364 B)  [帧头:EAEAEAEA  帧尾:AEAEAEAE]
[2026-04-02 18:01:24.392] 在线连接:   1  |  收到数据:    27832 B  |  解析完整帧:    994 帧  |  发送帧:    994 帧  (   51688 B)  [帧头:EAEAEAEA  帧尾:AEAEAEAE]
[2026-04-02 18:01:25.393] 在线连接:   1  |  收到数据:    28336 B  |  解析完整帧:   1012 帧  |  发送帧:   1012 帧  (   52624 B)  [帧头:EAEAEAEA  帧尾:AEAEAEAE]
[2026-04-02 18:01:26.394] 在线连接:   1  |  收到数据:    28056 B  |  解析完整帧:   1002 帧  |  发送帧:    991 帧  (   51532 B)  [帧头:EAEAEAEA  帧尾:AEAEAEAE]
[2026-04-02 18:01:27.394] 在线连接:   1  |  收到数据:    28000 B  |  解析完整帧:   1000 帧  |  发送帧:   1011 帧  (   52572 B)  [帧头:EAEAEAEA  帧尾:AEAEAEAE]
[2026-04-02 18:01:28.395] 在线连接:   1  |  收到数据:    28056 B  |  解析完整帧:   1002 帧  |  发送帧:   1001 帧  (   52052 B)  [帧头:EAEAEAEA  帧尾:AEAEAEAE]
[2026-04-02 18:01:29.396] 在线连接:   1  |  收到数据:    27972 B  |  解析完整帧:    999 帧  |  发送帧:   1000 帧  (   52000 B)  [帧头:EAEAEAEA  帧尾:AEAEAEAE]
[2026-04-02 18:01:30.397] 在线连接:   1  |  收到数据:    27720 B  |  解析完整帧:    990 帧  |  发送帧:    990 帧  (   51480 B)  [帧头:EAEAEAEA  帧尾:AEAEAEAE]
[2026-04-02 18:01:31.398] 在线连接:   1  |  收到数据:    28336 B  |  解析完整帧:   1012 帧  |  发送帧:   1012 帧  (   52624 B)  [帧头:EAEAEAEA  帧尾:AEAEAEAE]
[2026-04-02 18:01:32.398] 在线连接:   1  |  收到数据:    27860 B  |  解析完整帧:    995 帧  |  发送帧:    995 帧  (   51740 B)  [帧头:EAEAEAEA  帧尾:AEAEAEAE]
[2026-04-02 18:01:33.399] 在线连接:   1  |  收到数据:    27776 B  |  解析完整帧:    992 帧  |  发送帧:    992 帧  (   51584 B)  [帧头:EAEAEAEA  帧尾:AEAEAEAE]
[2026-04-02 18:01:34.400] 在线连接:   1  |  收到数据:    27440 B  |  解析完整帧:    980 帧  |  发送帧:    980 帧  (   50960 B)  [帧头:EAEAEAEA  帧尾:AEAEAEAE]
[2026-04-02 18:01:35.400] 在线连接:   1  |  收到数据:    28728 B  |  解析完整帧:   1026 帧  |  发送帧:   1026 帧  (   53352 B)  [帧头:EAEAEAEA  帧尾:AEAEAEAE]
[2026-04-02 18:01:36.402] 在线连接:   1  |  收到数据:    28168 B  |  解析完整帧:   1006 帧  |  发送帧:   1006 帧  (   52312 B)  [帧头:EAEAEAEA  帧尾:AEAEAEAE]
[2026-04-02 18:01:37.403] 在线连接:   1  |  收到数据:    27972 B  |  解析完整帧:    999 帧  |  发送帧:    999 帧  (   51948 B)  [帧头:EAEAEAEA  帧尾:AEAEAEAE]
[2026-04-02 18:01:38.404] 在线连接:   1  |  收到数据:    28056 B  |  解析完整帧:   1002 帧  |  发送帧:   1002 帧  (   52104 B)  [帧头:EAEAEAEA  帧尾:AEAEAEAE]
[2026-04-02 18:01:39.405] 在线连接:   1  |  收到数据:    27972 B  |  解析完整帧:    999 帧  |  发送帧:    999 帧  (   51948 B)  [帧头:EAEAEAEA  帧尾:AEAEAEAE]
[2026-04-02 18:01:40.406] 在线连接:   1  |  收到数据:    27832 B  |  解析完整帧:    994 帧  |  发送帧:    994 帧  (   51688 B)  [帧头:EAEAEAEA  帧尾:AEAEAEAE]
[2026-04-02 18:01:41.406] 在线连接:   1  |  收到数据:    28280 B  |  解析完整帧:   1010 帧  |  发送帧:   1010 帧  (   52520 B)  [帧头:EAEAEAEA  帧尾:AEAEAEAE]
[2026-04-02 18:01:42.407] 在线连接:   1  |  收到数据:    27524 B  |  解析完整帧:    983 帧  |  发送帧:    983 帧  (   51116 B)  [帧头:EAEAEAEA  帧尾:AEAEAEAE]
[2026-04-02 18:01:43.407] 在线连接:   1  |  收到数据:    28224 B  |  解析完整帧:   1008 帧  |  发送帧:   1008 帧  (   52416 B)  [帧头:EAEAEAEA  帧尾:AEAEAEAE]
[2026-04-02 18:01:44.408] 在线连接:   1  |  收到数据:    28056 B  |  解析完整帧:   1002 帧  |  发送帧:   1002 帧  (   52104 B)  [帧头:EAEAEAEA  帧尾:AEAEAEAE]
[2026-04-02 18:01:45.409] 在线连接:   1  |  收到数据:    28224 B  |  解析完整帧:   1008 帧  |  发送帧:   1008 帧  (   52416 B)  [帧头:EAEAEAEA  帧尾:AEAEAEAE]
[2026-04-02 18:01:46.409] 在线连接:   1  |  收到数据:    27188 B  |  解析完整帧:    971 帧  |  发送帧:    971 帧  (   50492 B)  [帧头:EAEAEAEA  帧尾:AEAEAEAE]
[2026-04-02 18:01:47.410] 在线连接:   1  |  收到数据:    28840 B  |  解析完整帧:   1030 帧  |  发送帧:   1030 帧  (   53560 B)  [帧头:EAEAEAEA  帧尾:AEAEAEAE]
[2026-04-02 18:01:48.411] 在线连接:   1  |  收到数据:    27748 B  |  解析完整帧:    991 帧  |  发送帧:    991 帧  (   51532 B)  [帧头:EAEAEAEA  帧尾:AEAEAEAE]
[2026-04-02 18:01:49.412] 在线连接:   1  |  收到数据:    28056 B  |  解析完整帧:   1002 帧  |  发送帧:   1002 帧  (   52104 B)  [帧头:EAEAEAEA  帧尾:AEAEAEAE]
[2026-04-02 18:01:50.413] 在线连接:   1  |  收到数据:    28336 B  |  解析完整帧:   1012 帧  |  发送帧:   1012 帧  (   52624 B)  [帧头:EAEAEAEA  帧尾:AEAEAEAE]
[2026-04-02 18:01:51.414] 在线连接:   1  |  收到数据:    27384 B  |  解析完整帧:    978 帧  |  发送帧:    978 帧  (   50856 B)  [帧头:EAEAEAEA  帧尾:AEAEAEAE]
[2026-04-02 18:01:52.415] 在线连接:   1  |  收到数据:    28644 B  |  解析完整帧:   1023 帧  |  发送帧:   1023 帧  (   53196 B)  [帧头:EAEAEAEA  帧尾:AEAEAEAE]
[2026-04-02 18:01:53.415] 在线连接:   1  |  收到数据:    28000 B  |  解析完整帧:   1000 帧  |  发送帧:   1000 帧  (   52000 B)  [帧头:EAEAEAEA  帧尾:AEAEAEAE]
[2026-04-02 18:01:54.416] 在线连接:   1  |  收到数据:    27524 B  |  解析完整帧:    983 帧  |  发送帧:    983 帧  (   51116 B)  [帧头:EAEAEAEA  帧尾:AEAEAEAE]
[2026-04-02 18:01:55.417] 在线连接:   1  |  收到数据:    28140 B  |  解析完整帧:   1005 帧  |  发送帧:   1005 帧  (   52260 B)  [帧头:EAEAEAEA  帧尾:AEAEAEAE]
[2026-04-02 18:01:56.418] 在线连接:   1  |  收到数据:    27832 B  |  解析完整帧:    994 帧  |  发送帧:    994 帧  (   51688 B)  [帧头:EAEAEAEA  帧尾:AEAEAEAE]
[2026-04-02 18:01:57.419] 在线连接:   1  |  收到数据:    28476 B  |  解析完整帧:   1017 帧  |  发送帧:   1017 帧  (   52884 B)  [帧头:EAEAEAEA  帧尾:AEAEAEAE]
[2026-04-02 18:01:58.420] 在线连接:   1  |  收到数据:    27664 B  |  解析完整帧:    988 帧  |  发送帧:    988 帧  (   51376 B)  [帧头:EAEAEAEA  帧尾:AEAEAEAE]
[2026-04-02 18:01:59.420] 在线连接:   1  |  收到数据:    28476 B  |  解析完整帧:   1017 帧  |  发送帧:   1017 帧  (   52884 B)  [帧头:EAEAEAEA  帧尾:AEAEAEAE]
[2026-04-02 18:02:00.421] 在线连接:   1  |  收到数据:    27972 B  |  解析完整帧:    999 帧  |  发送帧:    999 帧  (   51948 B)  [帧头:EAEAEAEA  帧尾:AEAEAEAE]
[2026-04-02 18:02:01.422] 在线连接:   1  |  收到数据:    27692 B  |  解析完整帧:    989 帧  |  发送帧:    989 帧  (   51428 B)  [帧头:EAEAEAEA  帧尾:AEAEAEAE]
[2026-04-02 18:02:02.423] 在线连接:   1  |  收到数据:    28364 B  |  解析完整帧:   1013 帧  |  发送帧:   1010 帧  (   52520 B)  [帧头:EAEAEAEA  帧尾:AEAEAEAE]
[2026-04-02 18:02:03.439] 在线连接:   1  |  收到数据:    28252 B  |  解析完整帧:   1009 帧  |  发送帧:   1008 帧  (   52416 B)  [帧头:EAEAEAEA  帧尾:AEAEAEAE]
[2026-04-02 18:02:04.444] 在线连接:   1  |  收到数据:    28392 B  |  解析完整帧:   1014 帧  |  发送帧:   1017 帧  (   52884 B)  [帧头:EAEAEAEA  帧尾:AEAEAEAE]
[2026-04-02 18:02:05.446] 在线连接:   1  |  收到数据:    27636 B  |  解析完整帧:    987 帧  |  发送帧:    988 帧  (   51376 B)  [帧头:EAEAEAEA  帧尾:AEAEAEAE]
[2026-04-02 18:02:06.446] 在线连接:   1  |  收到数据:    28392 B  |  解析完整帧:   1014 帧  |  发送帧:   1014 帧  (   52728 B)  [帧头:EAEAEAEA  帧尾:AEAEAEAE]
[2026-04-02 18:02:07.447] 在线连接:   1  |  收到数据:    28084 B  |  解析完整帧:   1003 帧  |  发送帧:   1003 帧  (   52156 B)  [帧头:EAEAEAEA  帧尾:AEAEAEAE]
[2026-04-02 18:02:08.448] 在线连接:   1  |  收到数据:    27916 B  |  解析完整帧:    997 帧  |  发送帧:    997 帧  (   51844 B)  [帧头:EAEAEAEA  帧尾:AEAEAEAE]
[2026-04-02 18:02:09.449] 在线连接:   1  |  收到数据:    27972 B  |  解析完整帧:    999 帧  |  发送帧:    999 帧  (   51948 B)  [帧头:EAEAEAEA  帧尾:AEAEAEAE]
[2026-04-02 18:02:10.449] 在线连接:   1  |  收到数据:    28084 B  |  解析完整帧:   1003 帧  |  发送帧:   1003 帧  (   52156 B)  [帧头:EAEAEAEA  帧尾:AEAEAEAE]
[2026-04-02 18:02:11.450] 在线连接:   1  |  收到数据:    27636 B  |  解析完整帧:    987 帧  |  发送帧:    987 帧  (   51324 B)  [帧头:EAEAEAEA  帧尾:AEAEAEAE]
[2026-04-02 18:02:12.451] 在线连接:   1  |  收到数据:    28504 B  |  解析完整帧:   1018 帧  |  发送帧:   1017 帧  (   52884 B)  [帧头:EAEAEAEA  帧尾:AEAEAEAE]
[2026-04-02 18:02:13.451] 在线连接:   1  |  收到数据:    27888 B  |  解析完整帧:    996 帧  |  发送帧:    997 帧  (   51844 B)  [帧头:EAEAEAEA  帧尾:AEAEAEAE]
[2026-04-02 18:02:14.452] 在线连接:   1  |  收到数据:    27664 B  |  解析完整帧:    988 帧  |  发送帧:    988 帧  (   51376 B)  [帧头:EAEAEAEA  帧尾:AEAEAEAE]
[2026-04-02 18:02:15.453] 在线连接:   1  |  收到数据:    28308 B  |  解析完整帧:   1011 帧  |  发送帧:   1011 帧  (   52572 B)  [帧头:EAEAEAEA  帧尾:AEAEAEAE]
[2026-04-02 18:02:16.453] 在线连接:   1  |  收到数据:    28168 B  |  解析完整帧:   1006 帧  |  发送帧:   1006 帧  (   52312 B)  [帧头:EAEAEAEA  帧尾:AEAEAEAE]
[2026-04-02 18:02:17.454] 在线连接:   1  |  收到数据:    27916 B  |  解析完整帧:    997 帧  |  发送帧:    979 帧  (   50908 B)  [帧头:EAEAEAEA  帧尾:AEAEAEAE]
[2026-04-02 18:02:18.455] 在线连接:   1  |  收到数据:    28056 B  |  解析完整帧:   1002 帧  |  发送帧:   1020 帧  (   53040 B)  [帧头:EAEAEAEA  帧尾:AEAEAEAE]
[2026-04-02 18:02:19.455] 在线连接:   1  |  收到数据:    27860 B  |  解析完整帧:    995 帧  |  发送帧:    995 帧  (   51740 B)  [帧头:EAEAEAEA  帧尾:AEAEAEAE]
[2026-04-02 18:02:20.456] 在线连接:   1  |  收到数据:    28280 B  |  解析完整帧:   1010 帧  |  发送帧:   1010 帧  (   52520 B)  [帧头:EAEAEAEA  帧尾:AEAEAEAE]
[2026-04-02 18:02:21.457] 在线连接:   1  |  收到数据:    27440 B  |  解析完整帧:    980 帧  |  发送帧:    980 帧  (   50960 B)  [帧头:EAEAEAEA  帧尾:AEAEAEAE]
[2026-04-02 18:02:22.457] 在线连接:   1  |  收到数据:    28280 B  |  解析完整帧:   1010 帧  |  发送帧:   1010 帧  (   52520 B)  [帧头:EAEAEAEA  帧尾:AEAEAEAE]
[2026-04-02 18:02:23.458] 在线连接:   1  |  收到数据:    28280 B  |  解析完整帧:   1010 帧  |  发送帧:   1007 帧  (   52364 B)  [帧头:EAEAEAEA  帧尾:AEAEAEAE]
[2026-04-02 18:02:24.459] 在线连接:   1  |  收到数据:    28084 B  |  解析完整帧:   1003 帧  |  发送帧:   1006 帧  (   52312 B)  [帧头:EAEAEAEA  帧尾:AEAEAEAE]
[2026-04-02 18:02:25.459] 在线连接:   1  |  收到数据:    27664 B  |  解析完整帧:    988 帧  |  发送帧:    988 帧  (   51376 B)  [帧头:EAEAEAEA  帧尾:AEAEAEAE]
[2026-04-02 18:02:26.460] 在线连接:   1  |  收到数据:    27944 B  |  解析完整帧:    998 帧  |  发送帧:    998 帧  (   51896 B)  [帧头:EAEAEAEA  帧尾:AEAEAEAE]
[2026-04-02 18:02:27.461] 在线连接:   1  |  收到数据:    28224 B  |  解析完整帧:   1008 帧  |  发送帧:   1008 帧  (   52416 B)  [帧头:EAEAEAEA  帧尾:AEAEAEAE]
[2026-04-02 18:02:28.461] 在线连接:   1  |  收到数据:    28028 B  |  解析完整帧:   1001 帧  |  发送帧:   1001 帧  (   52052 B)  [帧头:EAEAEAEA  帧尾:AEAEAEAE]
[2026-04-02 18:02:29.462] 在线连接:   1  |  收到数据:    28196 B  |  解析完整帧:   1007 帧  |  发送帧:   1007 帧  (   52364 B)  [帧头:EAEAEAEA  帧尾:AEAEAEAE]
[2026-04-02 18:02:30.462] 在线连接:   1  |  收到数据:    28056 B  |  解析完整帧:   1002 帧  |  发送帧:   1002 帧  (   52104 B)  [帧头:EAEAEAEA  帧尾:AEAEAEAE]
[2026-04-02 18:02:31.463] 在线连接:   1  |  收到数据:    27972 B  |  解析完整帧:    999 帧  |  发送帧:    999 帧  (   51948 B)  [帧头:EAEAEAEA  帧尾:AEAEAEAE]
[2026-04-02 18:02:32.464] 在线连接:   1  |  收到数据:    27692 B  |  解析完整帧:    989 帧  |  发送帧:    989 帧  (   51428 B)  [帧头:EAEAEAEA  帧尾:AEAEAEAE]
[2026-04-02 18:02:33.464] 在线连接:   1  |  收到数据:    28196 B  |  解析完整帧:   1007 帧  |  发送帧:   1007 帧  (   52364 B)  [帧头:EAEAEAEA  帧尾:AEAEAEAE]
[2026-04-02 18:02:34.465] 在线连接:   1  |  收到数据:    28028 B  |  解析完整帧:   1001 帧  |  发送帧:   1001 帧  (   52052 B)  [帧头:EAEAEAEA  帧尾:AEAEAEAE]
[2026-04-02 18:02:35.466] 在线连接:   1  |  收到数据:    28168 B  |  解析完整帧:   1006 帧  |  发送帧:   1006 帧  (   52312 B)  [帧头:EAEAEAEA  帧尾:AEAEAEAE]
[2026-04-02 18:02:36.467] 在线连接:   1  |  收到数据:    27608 B  |  解析完整帧:    986 帧  |  发送帧:    986 帧  (   51272 B)  [帧头:EAEAEAEA  帧尾:AEAEAEAE]
[2026-04-02 18:02:37.467] 在线连接:   1  |  收到数据:    28420 B  |  解析完整帧:   1015 帧  |  发送帧:   1015 帧  (   52780 B)  [帧头:EAEAEAEA  帧尾:AEAEAEAE]
[2026-04-02 18:02:38.468] 在线连接:   1  |  收到数据:    28084 B  |  解析完整帧:   1003 帧  |  发送帧:   1003 帧  (   52156 B)  [帧头:EAEAEAEA  帧尾:AEAEAEAE]
[2026-04-02 18:02:39.469] 在线连接:   1  |  收到数据:    27888 B  |  解析完整帧:    996 帧  |  发送帧:    996 帧  (   51792 B)  [帧头:EAEAEAEA  帧尾:AEAEAEAE]
[2026-04-02 18:02:40.469] 在线连接:   1  |  收到数据:    27804 B  |  解析完整帧:    993 帧  |  发送帧:    993 帧  (   51636 B)  [帧头:EAEAEAEA  帧尾:AEAEAEAE]
[2026-04-02 18:02:41.470] 在线连接:   1  |  收到数据:    28224 B  |  解析完整帧:   1008 帧  |  发送帧:   1008 帧  (   52416 B)  [帧头:EAEAEAEA  帧尾:AEAEAEAE]
[2026-04-02 18:02:42.471] 在线连接:   1  |  收到数据:    28028 B  |  解析完整帧:   1001 帧  |  发送帧:   1001 帧  (   52052 B)  [帧头:EAEAEAEA  帧尾:AEAEAEAE]
[2026-04-02 18:02:43.471] 在线连接:   1  |  收到数据:    28028 B  |  解析完整帧:   1001 帧  |  发送帧:   1001 帧  (   52052 B)  [帧头:EAEAEAEA  帧尾:AEAEAEAE]
[2026-04-02 18:02:44.472] 在线连接:   1  |  收到数据:    27888 B  |  解析完整帧:    996 帧  |  发送帧:    996 帧  (   51792 B)  [帧头:EAEAEAEA  帧尾:AEAEAEAE]
[2026-04-02 18:02:45.473] 在线连接:   0  |  收到数据:    19236 B  |  解析完整帧:    687 帧  |  发送帧:    687 帧  (   35724 B)  [帧头:EAEAEAEA  帧尾:AEAEAEAE]
[2026-04-02 18:02:46.473] 在线连接:   0  |  收到数据:        0 B  |  解析完整帧:      0 帧  |  发送帧:      0 帧  (       0 B)  [帧头:EAEAEAEA  帧尾:AEAEAEAE]
[2026-04-02 18:02:47.474] 在线连接:   0  |  收到数据:        0 B  |  解析完整帧:      0 帧  |  发送帧:      0 帧  (       0 B)  [帧头:EAEAEAEA  帧尾:AEAEAEAE]
[2026-04-02 18:02:48.474] 在线连接:   0  |  收到数据:        0 B  |  解析完整帧:      0 帧  |  发送帧:      0 帧  (       0 B)  [帧头:EAEAEAEA  帧尾:AEAEAEAE]
[2026-04-02 18:02:49.475] 在线连接:   0  |  收到数据:        0 B  |  解析完整帧:      0 帧  |  发送帧:      0 帧  (       0 B)  [帧头:EAEAEAEA  帧尾:AEAEAEAE]
[2026-04-02 18:02:50.476] 在线连接:   0  |  收到数据:        0 B  |  解析完整帧:      0 帧  |  发送帧:      0 帧  (       0 B)  [帧头:EAEAEAEA  帧尾:AEAEAEAE]
[2026-04-02 18:02:51.476] 在线连接:   0  |  收到数据:        0 B  |  解析完整帧:      0 帧  |  发送帧:      0 帧  (       0 B)  [帧头:EAEAEAEA  帧尾:AEAEAEAE]
[2026-04-02 18:02:52.478] 在线连接:   0  |  收到数据:        0 B  |  解析完整帧:      0 帧  |  发送帧:      0 帧  (       0 B)  [帧头:EAEAEAEA  帧尾:AEAEAEAE]
[2026-04-02 18:02:53.478] 在线连接:   0  |  收到数据:        0 B  |  解析完整帧:      0 帧  |  发送帧:      0 帧  (       0 B)  [帧头:EAEAEAEA  帧尾:AEAEAEAE]
[2026-04-02 18:02:54.479] 在线连接:   0  |  收到数据:        0 B  |  解析完整帧:      0 帧  |  发送帧:      0 帧  (       0 B)  [帧头:EAEAEAEA  帧尾:AEAEAEAE]
[2026-04-02 18:02:55.480] 在线连接:   0  |  收到数据:        0 B  |  解析完整帧:      0 帧  |  发送帧:      0 帧  (       0 B)  [帧头:EAEAEAEA  帧尾:AEAEAEAE]
[2026-04-02 18:02:56.481] 在线连接:   0  |  收到数据:        0 B  |  解析完整帧:      0 帧  |  发送帧:      0 帧  (       0 B)  [帧头:EAEAEAEA  帧尾:AEAEAEAE]
[2026-04-02 18:02:57.482] 在线连接:   0  |  收到数据:        0 B  |  解析完整帧:      0 帧  |  发送帧:      0 帧  (       0 B)  [帧头:EAEAEAEA  帧尾:AEAEAEAE]
[2026-04-02 18:02:58.483] 在线连接:   0  |  收到数据:        0 B  |  解析完整帧:      0 帧  |  发送帧:      0 帧  (       0 B)  [帧头:EAEAEAEA  帧尾:AEAEAEAE]
[2026-04-02 18:02:59.484] 在线连接:   0  |  收到数据:        0 B  |  解析完整帧:      0 帧  |  发送帧:      0 帧  (       0 B)  [帧头:EAEAEAEA  帧尾:AEAEAEAE]
[2026-04-02 18:03:00.485] 在线连接:   0  |  收到数据:        0 B  |  解析完整帧:      0 帧  |  发送帧:      0 帧  (       0 B)  [帧头:EAEAEAEA  帧尾:AEAEAEAE]
[2026-04-02 18:03:01.485] 在线连接:   0  |  收到数据:        0 B  |  解析完整帧:      0 帧  |  发送帧:      0 帧  (       0 B)  [帧头:EAEAEAEA  帧尾:AEAEAEAE]
[2026-04-02 18:03:02.486] 在线连接:   0  |  收到数据:        0 B  |  解析完整帧:      0 帧  |  发送帧:      0 帧  (       0 B)  [帧头:EAEAEAEA  帧尾:AEAEAEAE]
[2026-04-02 18:03:03.487] 在线连接:   0  |  收到数据:        0 B  |  解析完整帧:      0 帧  |  发送帧:      0 帧  (       0 B)  [帧头:EAEAEAEA  帧尾:AEAEAEAE]
[2026-04-02 18:03:04.487] 在线连接:   0  |  收到数据:        0 B  |  解析完整帧:      0 帧  |  发送帧:      0 帧  (       0 B)  [帧头:EAEAEAEA  帧尾:AEAEAEAE]
[2026-04-02 18:03:05.488] 在线连接:   0  |  收到数据:        0 B  |  解析完整帧:      0 帧  |  发送帧:      0 帧  (       0 B)  [帧头:EAEAEAEA  帧尾:AEAEAEAE]
[2026-04-02 18:03:06.490] 在线连接:   0  |  收到数据:        0 B  |  解析完整帧:      0 帧  |  发送帧:      0 帧  (       0 B)  [帧头:EAEAEAEA  帧尾:AEAEAEAE]
[2026-04-02 18:03:07.491] 在线连接:   0  |  收到数据:        0 B  |  解析完整帧:      0 帧  |  发送帧:      0 帧  (       0 B)  [帧头:EAEAEAEA  帧尾:AEAEAEAE]
[2026-04-02 18:03:08.491] 在线连接:   0  |  收到数据:        0 B  |  解析完整帧:      0 帧  |  发送帧:      0 帧  (       0 B)  [帧头:EAEAEAEA  帧尾:AEAEAEAE]
[2026-04-02 18:03:09.506] 在线连接:   0  |  收到数据:        0 B  |  解析完整帧:      0 帧  |  发送帧:      0 帧  (       0 B)  [帧头:EAEAEAEA  帧尾:AEAEAEAE]
[2026-04-02 18:03:10.513] 在线连接:   0  |  收到数据:        0 B  |  解析完整帧:      0 帧  |  发送帧:      0 帧  (       0 B)  [帧头:EAEAEAEA  帧尾:AEAEAEAE]
[2026-04-02 18:03:11.513] 在线连接:   0  |  收到数据:        0 B  |  解析完整帧:      0 帧  |  发送帧:      0 帧  (       0 B)  [帧头:EAEAEAEA  帧尾:AEAEAEAE]
[2026-04-02 18:03:12.514] 在线连接:   0  |  收到数据:        0 B  |  解析完整帧:      0 帧  |  发送帧:      0 帧  (       0 B)  [帧头:EAEAEAEA  帧尾:AEAEAEAE]
[2026-04-02 18:03:13.515] 在线连接:   0  |  收到数据:        0 B  |  解析完整帧:      0 帧  |  发送帧:      0 帧  (       0 B)  [帧头:EAEAEAEA  帧尾:AEAEAEAE]
[2026-04-02 18:03:14.516] 在线连接:   0  |  收到数据:        0 B  |  解析完整帧:      0 帧  |  发送帧:      0 帧  (       0 B)  [帧头:EAEAEAEA  帧尾:AEAEAEAE]
[2026-04-02 18:03:15.517] 在线连接:   0  |  收到数据:        0 B  |  解析完整帧:      0 帧  |  发送帧:      0 帧  (       0 B)  [帧头:EAEAEAEA  帧尾:AEAEAEAE]
[2026-04-02 18:03:16.518] 在线连接:   0  |  收到数据:        0 B  |  解析完整帧:      0 帧  |  发送帧:      0 帧  (       0 B)  [帧头:EAEAEAEA  帧尾:AEAEAEAE]
[2026-04-02 18:03:17.518] 在线连接:   0  |  收到数据:        0 B  |  解析完整帧:      0 帧  |  发送帧:      0 帧  (       0 B)  [帧头:EAEAEAEA  帧尾:AEAEAEAE]
[2026-04-02 18:03:18.520] 在线连接:   0  |  收到数据:        0 B  |  解析完整帧:      0 帧  |  发送帧:      0 帧  (       0 B)  [帧头:EAEAEAEA  帧尾:AEAEAEAE]
[2026-04-02 18:03:19.520] 在线连接:   0  |  收到数据:        0 B  |  解析完整帧:      0 帧  |  发送帧:      0 帧  (       0 B)  [帧头:EAEAEAEA  帧尾:AEAEAEAE]
[2026-04-02 18:03:20.521] 在线连接:   0  |  收到数据:        0 B  |  解析完整帧:      0 帧  |  发送帧:      0 帧  (       0 B)  [帧头:EAEAEAEA  帧尾:AEAEAEAE]
[2026-04-02 18:03:21.522] 在线连接:   0  |  收到数据:        0 B  |  解析完整帧:      0 帧  |  发送帧:      0 帧  (       0 B)  [帧头:EAEAEAEA  帧尾:AEAEAEAE]
[2026-04-02 18:03:22.522] 在线连接:   0  |  收到数据:        0 B  |  解析完整帧:      0 帧  |  发送帧:      0 帧  (       0 B)  [帧头:EAEAEAEA  帧尾:AEAEAEAE]
[2026-04-02 18:03:23.523] 在线连接:   0  |  收到数据:        0 B  |  解析完整帧:      0 帧  |  发送帧:      0 帧  (       0 B)  [帧头:EAEAEAEA  帧尾:AEAEAEAE]
[2026-04-02 18:03:24.523] 在线连接:   0  |  收到数据:        0 B  |  解析完整帧:      0 帧  |  发送帧:      0 帧  (       0 B)  [帧头:EAEAEAEA  帧尾:AEAEAEAE]
[2026-04-02 18:03:25.524] 在线连接:   0  |  收到数据:        0 B  |  解析完整帧:      0 帧  |  发送帧:      0 帧  (       0 B)  [帧头:EAEAEAEA  帧尾:AEAEAEAE]
[2026-04-02 18:03:26.525] 在线连接:   0  |  收到数据:        0 B  |  解析完整帧:      0 帧  |  发送帧:      0 帧  (       0 B)  [帧头:EAEAEAEA  帧尾:AEAEAEAE]
[2026-04-02 18:03:27.526] 在线连接:   0  |  收到数据:        0 B  |  解析完整帧:      0 帧  |  发送帧:      0 帧  (       0 B)  [帧头:EAEAEAEA  帧尾:AEAEAEAE]
[2026-04-02 18:03:28.526] 在线连接:   0  |  收到数据:        0 B  |  解析完整帧:      0 帧  |  发送帧:      0 帧  (       0 B)  [帧头:EAEAEAEA  帧尾:AEAEAEAE]
[2026-04-02 18:03:29.527] 在线连接:   0  |  收到数据:        0 B  |  解析完整帧:      0 帧  |  发送帧:      0 帧  (       0 B)  [帧头:EAEAEAEA  帧尾:AEAEAEAE]
[2026-04-02 18:03:30.528] 在线连接:   0  |  收到数据:        0 B  |  解析完整帧:      0 帧  |  发送帧:      0 帧  (       0 B)  [帧头:EAEAEAEA  帧尾:AEAEAEAE]
[2026-04-02 18:03:31.528] 在线连接:   0  |  收到数据:        0 B  |  解析完整帧:      0 帧  |  发送帧:      0 帧  (       0 B)  [帧头:EAEAEAEA  帧尾:AEAEAEAE]
[2026-04-02 18:03:32.529] 在线连接:   0  |  收到数据:        0 B  |  解析完整帧:      0 帧  |  发送帧:      0 帧  (       0 B)  [帧头:EAEAEAEA  帧尾:AEAEAEAE]
[2026-04-02 18:03:33.530] 在线连接:   0  |  收到数据:        0 B  |  解析完整帧:      0 帧  |  发送帧:      0 帧  (       0 B)  [帧头:EAEAEAEA  帧尾:AEAEAEAE]
[2026-04-02 18:03:34.530] 在线连接:   0  |  收到数据:        0 B  |  解析完整帧:      0 帧  |  发送帧:      0 帧  (       0 B)  [帧头:EAEAEAEA  帧尾:AEAEAEAE]
[2026-04-02 18:03:35.531] 在线连接:   0  |  收到数据:        0 B  |  解析完整帧:      0 帧  |  发送帧:      0 帧  (       0 B)  [帧头:EAEAEAEA  帧尾:AEAEAEAE]
[2026-04-02 18:03:36.532] 在线连接:   0  |  收到数据:        0 B  |  解析完整帧:      0 帧  |  发送帧:      0 帧  (       0 B)  [帧头:EAEAEAEA  帧尾:AEAEAEAE]
[2026-04-02 18:03:37.533] 在线连接:   0  |  收到数据:        0 B  |  解析完整帧:      0 帧  |  发送帧:      0 帧  (       0 B)  [帧头:EAEAEAEA  帧尾:AEAEAEAE]
[2026-04-02 18:03:38.534] 在线连接:   0  |  收到数据:        0 B  |  解析完整帧:      0 帧  |  发送帧:      0 帧  (       0 B)  [帧头:EAEAEAEA  帧尾:AEAEAEAE]
[2026-04-02 18:03:39.534] 在线连接:   0  |  收到数据:        0 B  |  解析完整帧:      0 帧  |  发送帧:      0 帧  (       0 B)  [帧头:EAEAEAEA  帧尾:AEAEAEAE]
[2026-04-02 18:03:40.535] 在线连接:   0  |  收到数据:        0 B  |  解析完整帧:      0 帧  |  发送帧:      0 帧  (       0 B)  [帧头:EAEAEAEA  帧尾:AEAEAEAE]
[2026-04-02 18:03:41.536] 在线连接:   0  |  收到数据:        0 B  |  解析完整帧:      0 帧  |  发送帧:      0 帧  (       0 B)  [帧头:EAEAEAEA  帧尾:AEAEAEAE]
[2026-04-02 18:03:42.537] 在线连接:   0  |  收到数据:        0 B  |  解析完整帧:      0 帧  |  发送帧:      0 帧  (       0 B)  [帧头:EAEAEAEA  帧尾:AEAEAEAE]
[2026-04-02 18:03:43.538] 在线连接:   0  |  收到数据:        0 B  |  解析完整帧:      0 帧  |  发送帧:      0 帧  (       0 B)  [帧头:EAEAEAEA  帧尾:AEAEAEAE]
[2026-04-02 18:03:44.539] 在线连接:   0  |  收到数据:        0 B  |  解析完整帧:      0 帧  |  发送帧:      0 帧  (       0 B)  [帧头:EAEAEAEA  帧尾:AEAEAEAE]
[2026-04-02 18:03:45.540] 在线连接:   0  |  收到数据:        0 B  |  解析完整帧:      0 帧  |  发送帧:      0 帧  (       0 B)  [帧头:EAEAEAEA  帧尾:AEAEAEAE]
[2026-04-02 18:03:46.540] 在线连接:   0  |  收到数据:        0 B  |  解析完整帧:      0 帧  |  发送帧:      0 帧  (       0 B)  [帧头:EAEAEAEA  帧尾:AEAEAEAE]
[2026-04-02 18:03:47.541] 在线连接:   0  |  收到数据:        0 B  |  解析完整帧:      0 帧  |  发送帧:      0 帧  (       0 B)  [帧头:EAEAEAEA  帧尾:AEAEAEAE]
[2026-04-02 18:03:48.542] 在线连接:   0  |  收到数据:        0 B  |  解析完整帧:      0 帧  |  发送帧:      0 帧  (       0 B)  [帧头:EAEAEAEA  帧尾:AEAEAEAE]
[2026-04-02 18:03:49.542] 在线连接:   0  |  收到数据:        0 B  |  解析完整帧:      0 帧  |  发送帧:      0 帧  (       0 B)  [帧头:EAEAEAEA  帧尾:AEAEAEAE]
[2026-04-02 18:03:50.543] 在线连接:   0  |  收到数据:        0 B  |  解析完整帧:      0 帧  |  发送帧:      0 帧  (       0 B)  [帧头:EAEAEAEA  帧尾:AEAEAEAE]
[2026-04-02 18:03:51.543] 在线连接:   0  |  收到数据:        0 B  |  解析完整帧:      0 帧  |  发送帧:      0 帧  (       0 B)  [帧头:EAEAEAEA  帧尾:AEAEAEAE]
[2026-04-02 18:03:52.544] 在线连接:   0  |  收到数据:        0 B  |  解析完整帧:      0 帧  |  发送帧:      0 帧  (       0 B)  [帧头:EAEAEAEA  帧尾:AEAEAEAE]
[2026-04-02 18:03:53.545] 在线连接:   0  |  收到数据:        0 B  |  解析完整帧:      0 帧  |  发送帧:      0 帧  (       0 B)  [帧头:EAEAEAEA  帧尾:AEAEAEAE]
[2026-04-02 18:03:54.545] 在线连接:   0  |  收到数据:        0 B  |  解析完整帧:      0 帧  |  发送帧:      0 帧  (       0 B)  [帧头:EAEAEAEA  帧尾:AEAEAEAE]
[2026-04-02 18:03:55.546] 在线连接:   0  |  收到数据:        0 B  |  解析完整帧:      0 帧  |  发送帧:      0 帧  (       0 B)  [帧头:EAEAEAEA  帧尾:AEAEAEAE]
[2026-04-02 18:03:56.547] 在线连接:   0  |  收到数据:        0 B  |  解析完整帧:      0 帧  |  发送帧:      0 帧  (       0 B)  [帧头:EAEAEAEA  帧尾:AEAEAEAE]
[2026-04-02 18:03:57.547] 在线连接:   0  |  收到数据:        0 B  |  解析完整帧:      0 帧  |  发送帧:      0 帧  (       0 B)  [帧头:EAEAEAEA  帧尾:AEAEAEAE]
[2026-04-02 18:03:58.548] 在线连接:   0  |  收到数据:        0 B  |  解析完整帧:      0 帧  |  发送帧:      0 帧  (       0 B)  [帧头:EAEAEAEA  帧尾:AEAEAEAE]
[2026-04-02 18:03:59.549] 在线连接:   0  |  收到数据:        0 B  |  解析完整帧:      0 帧  |  发送帧:      0 帧  (       0 B)  [帧头:EAEAEAEA  帧尾:AEAEAEAE]
[2026-04-02 18:04:00.550] 在线连接:   0  |  收到数据:        0 B  |  解析完整帧:      0 帧  |  发送帧:      0 帧  (       0 B)  [帧头:EAEAEAEA  帧尾:AEAEAEAE]
[2026-04-02 18:04:01.550] 在线连接:   0  |  收到数据:        0 B  |  解析完整帧:      0 帧  |  发送帧:      0 帧  (       0 B)  [帧头:EAEAEAEA  帧尾:AEAEAEAE]
[2026-04-02 18:04:02.551] 在线连接:   0  |  收到数据:        0 B  |  解析完整帧:      0 帧  |  发送帧:      0 帧  (       0 B)  [帧头:EAEAEAEA  帧尾:AEAEAEAE]
[2026-04-02 18:04:03.552] 在线连接:   0  |  收到数据:        0 B  |  解析完整帧:      0 帧  |  发送帧:      0 帧  (       0 B)  [帧头:EAEAEAEA  帧尾:AEAEAEAE]
[2026-04-02 18:04:04.553] 在线连接:   0  |  收到数据:        0 B  |  解析完整帧:      0 帧  |  发送帧:      0 帧  (       0 B)  [帧头:EAEAEAEA  帧尾:AEAEAEAE]
[2026-04-02 18:04:05.554] 在线连接:   0  |  收到数据:        0 B  |  解析完整帧:      0 帧  |  发送帧:      0 帧  (       0 B)  [帧头:EAEAEAEA  帧尾:AEAEAEAE]
[2026-04-02 18:04:06.554] 在线连接:   0  |  收到数据:        0 B  |  解析完整帧:      0 帧  |  发送帧:      0 帧  (       0 B)  [帧头:EAEAEAEA  帧尾:AEAEAEAE]
[2026-04-02 18:04:07.555] 在线连接:   0  |  收到数据:        0 B  |  解析完整帧:      0 帧  |  发送帧:      0 帧  (       0 B)  [帧头:EAEAEAEA  帧尾:AEAEAEAE]
[2026-04-02 18:04:08.556] 在线连接:   0  |  收到数据:        0 B  |  解析完整帧:      0 帧  |  发送帧:      0 帧  (       0 B)  [帧头:EAEAEAEA  帧尾:AEAEAEAE]
[2026-04-02 18:04:09.557] 在线连接:   0  |  收到数据:        0 B  |  解析完整帧:      0 帧  |  发送帧:      0 帧  (       0 B)  [帧头:EAEAEAEA  帧尾:AEAEAEAE]
[2026-04-02 18:04:10.558] 在线连接:   0  |  收到数据:        0 B  |  解析完整帧:      0 帧  |  发送帧:      0 帧  (       0 B)  [帧头:EAEAEAEA  帧尾:AEAEAEAE]
[2026-04-02 18:04:11.558] 在线连接:   0  |  收到数据:        0 B  |  解析完整帧:      0 帧  |  发送帧:      0 帧  (       0 B)  [帧头:EAEAEAEA  帧尾:AEAEAEAE]
[2026-04-02 18:04:12.559] 在线连接:   0  |  收到数据:        0 B  |  解析完整帧:      0 帧  |  发送帧:      0 帧  (       0 B)  [帧头:EAEAEAEA  帧尾:AEAEAEAE]
[2026-04-02 18:04:13.560] 在线连接:   0  |  收到数据:        0 B  |  解析完整帧:      0 帧  |  发送帧:      0 帧  (       0 B)  [帧头:EAEAEAEA  帧尾:AEAEAEAE]
[2026-04-02 18:04:14.561] 在线连接:   0  |  收到数据:        0 B  |  解析完整帧:      0 帧  |  发送帧:      0 帧  (       0 B)  [帧头:EAEAEAEA  帧尾:AEAEAEAE]
[2026-04-02 18:04:15.561] 在线连接:   0  |  收到数据:        0 B  |  解析完整帧:      0 帧  |  发送帧:      0 帧  (       0 B)  [帧头:EAEAEAEA  帧尾:AEAEAEAE]
[2026-04-02 18:04:16.562] 在线连接:   0  |  收到数据:        0 B  |  解析完整帧:      0 帧  |  发送帧:      0 帧  (       0 B)  [帧头:EAEAEAEA  帧尾:AEAEAEAE]
[2026-04-02 18:04:17.563] 在线连接:   0  |  收到数据:        0 B  |  解析完整帧:      0 帧  |  发送帧:      0 帧  (       0 B)  [帧头:EAEAEAEA  帧尾:AEAEAEAE]
[2026-04-02 18:04:18.564] 在线连接:   0  |  收到数据:        0 B  |  解析完整帧:      0 帧  |  发送帧:      0 帧  (       0 B)  [帧头:EAEAEAEA  帧尾:AEAEAEAE]
[2026-04-02 18:04:19.565] 在线连接:   0  |  收到数据:        0 B  |  解析完整帧:      0 帧  |  发送帧:      0 帧  (       0 B)  [帧头:EAEAEAEA  帧尾:AEAEAEAE]
[2026-04-02 18:04:20.566] 在线连接:   0  |  收到数据:        0 B  |  解析完整帧:      0 帧  |  发送帧:      0 帧  (       0 B)  [帧头:EAEAEAEA  帧尾:AEAEAEAE]
[2026-04-02 18:04:21.567] 在线连接:   0  |  收到数据:        0 B  |  解析完整帧:      0 帧  |  发送帧:      0 帧  (       0 B)  [帧头:EAEAEAEA  帧尾:AEAEAEAE]
[2026-04-02 18:04:22.568] 在线连接:   0  |  收到数据:        0 B  |  解析完整帧:      0 帧  |  发送帧:      0 帧  (       0 B)  [帧头:EAEAEAEA  帧尾:AEAEAEAE]
[2026-04-02 18:04:23.568] 在线连接:   0  |  收到数据:        0 B  |  解析完整帧:      0 帧  |  发送帧:      0 帧  (       0 B)  [帧头:EAEAEAEA  帧尾:AEAEAEAE]
[2026-04-02 18:04:24.569] 在线连接:   0  |  收到数据:        0 B  |  解析完整帧:      0 帧  |  发送帧:      0 帧  (       0 B)  [帧头:EAEAEAEA  帧尾:AEAEAEAE]
[2026-04-02 18:04:25.570] 在线连接:   0  |  收到数据:        0 B  |  解析完整帧:      0 帧  |  发送帧:      0 帧  (       0 B)  [帧头:EAEAEAEA  帧尾:AEAEAEAE]
[2026-04-02 18:04:26.571] 在线连接:   0  |  收到数据:        0 B  |  解析完整帧:      0 帧  |  发送帧:      0 帧  (       0 B)  [帧头:EAEAEAEA  帧尾:AEAEAEAE]
[2026-04-02 18:04:27.572] 在线连接:   0  |  收到数据:        0 B  |  解析完整帧:      0 帧  |  发送帧:      0 帧  (       0 B)  [帧头:EAEAEAEA  帧尾:AEAEAEAE]
[2026-04-02 18:04:28.572] 在线连接:   0  |  收到数据:        0 B  |  解析完整帧:      0 帧  |  发送帧:      0 帧  (       0 B)  [帧头:EAEAEAEA  帧尾:AEAEAEAE]
[2026-04-02 18:04:29.573] 在线连接:   0  |  收到数据:        0 B  |  解析完整帧:      0 帧  |  发送帧:      0 帧  (       0 B)  [帧头:EAEAEAEA  帧尾:AEAEAEAE]
[2026-04-02 18:04:30.574] 在线连接:   0  |  收到数据:        0 B  |  解析完整帧:      0 帧  |  发送帧:      0 帧  (       0 B)  [帧头:EAEAEAEA  帧尾:AEAEAEAE]
[2026-04-02 18:04:31.575] 在线连接:   0  |  收到数据:        0 B  |  解析完整帧:      0 帧  |  发送帧:      0 帧  (       0 B)  [帧头:EAEAEAEA  帧尾:AEAEAEAE]
[2026-04-02 18:04:32.576] 在线连接:   0  |  收到数据:        0 B  |  解析完整帧:      0 帧  |  发送帧:      0 帧  (       0 B)  [帧头:EAEAEAEA  帧尾:AEAEAEAE]
[2026-04-02 18:04:33.576] 在线连接:   0  |  收到数据:        0 B  |  解析完整帧:      0 帧  |  发送帧:      0 帧  (       0 B)  [帧头:EAEAEAEA  帧尾:AEAEAEAE]
[2026-04-02 18:04:34.577] 在线连接:   0  |  收到数据:        0 B  |  解析完整帧:      0 帧  |  发送帧:      0 帧  (       0 B)  [帧头:EAEAEAEA  帧尾:AEAEAEAE]
[2026-04-02 18:04:35.578] 在线连接:   0  |  收到数据:        0 B  |  解析完整帧:      0 帧  |  发送帧:      0 帧  (       0 B)  [帧头:EAEAEAEA  帧尾:AEAEAEAE]
[2026-04-02 18:04:36.579] 在线连接:   0  |  收到数据:        0 B  |  解析完整帧:      0 帧  |  发送帧:      0 帧  (       0 B)  [帧头:EAEAEAEA  帧尾:AEAEAEAE]
[2026-04-02 18:04:37.579] 在线连接:   0  |  收到数据:        0 B  |  解析完整帧:      0 帧  |  发送帧:      0 帧  (       0 B)  [帧头:EAEAEAEA  帧尾:AEAEAEAE]
[2026-04-02 18:04:38.580] 在线连接:   0  |  收到数据:        0 B  |  解析完整帧:      0 帧  |  发送帧:      0 帧  (       0 B)  [帧头:EAEAEAEA  帧尾:AEAEAEAE]
[2026-04-02 18:04:39.581] 在线连接:   0  |  收到数据:        0 B  |  解析完整帧:      0 帧  |  发送帧:      0 帧  (       0 B)  [帧头:EAEAEAEA  帧尾:AEAEAEAE]
[2026-04-02 18:04:40.581] 在线连接:   0  |  收到数据:        0 B  |  解析完整帧:      0 帧  |  发送帧:      0 帧  (       0 B)  [帧头:EAEAEAEA  帧尾:AEAEAEAE]
[2026-04-02 18:04:41.582] 在线连接:   0  |  收到数据:        0 B  |  解析完整帧:      0 帧  |  发送帧:      0 帧  (       0 B)  [帧头:EAEAEAEA  帧尾:AEAEAEAE]
[2026-04-02 18:04:42.582] 在线连接:   0  |  收到数据:        0 B  |  解析完整帧:      0 帧  |  发送帧:      0 帧  (       0 B)  [帧头:EAEAEAEA  帧尾:AEAEAEAE]
[2026-04-02 18:04:43.583] 在线连接:   0  |  收到数据:        0 B  |  解析完整帧:      0 帧  |  发送帧:      0 帧  (       0 B)  [帧头:EAEAEAEA  帧尾:AEAEAEAE]
[2026-04-02 18:04:44.584] 在线连接:   0  |  收到数据:        0 B  |  解析完整帧:      0 帧  |  发送帧:      0 帧  (       0 B)  [帧头:EAEAEAEA  帧尾:AEAEAEAE]
[2026-04-02 18:04:45.585] 在线连接:   0  |  收到数据:        0 B  |  解析完整帧:      0 帧  |  发送帧:      0 帧  (       0 B)  [帧头:EAEAEAEA  帧尾:AEAEAEAE]
[2026-04-02 18:04:46.585] 在线连接:   0  |  收到数据:        0 B  |  解析完整帧:      0 帧  |  发送帧:      0 帧  (       0 B)  [帧头:EAEAEAEA  帧尾:AEAEAEAE]
[2026-04-02 18:04:47.586] 在线连接:   0  |  收到数据:        0 B  |  解析完整帧:      0 帧  |  发送帧:      0 帧  (       0 B)  [帧头:EAEAEAEA  帧尾:AEAEAEAE]
[2026-04-02 18:04:48.587] 在线连接:   0  |  收到数据:        0 B  |  解析完整帧:      0 帧  |  发送帧:      0 帧  (       0 B)  [帧头:EAEAEAEA  帧尾:AEAEAEAE]
[2026-04-02 18:04:49.588] 在线连接:   0  |  收到数据:        0 B  |  解析完整帧:      0 帧  |  发送帧:      0 帧  (       0 B)  [帧头:EAEAEAEA  帧尾:AEAEAEAE]
[2026-04-02 18:04:50.589] 在线连接:   0  |  收到数据:        0 B  |  解析完整帧:      0 帧  |  发送帧:      0 帧  (       0 B)  [帧头:EAEAEAEA  帧尾:AEAEAEAE]
[2026-04-02 18:04:51.590] 在线连接:   0  |  收到数据:        0 B  |  解析完整帧:      0 帧  |  发送帧:      0 帧  (       0 B)  [帧头:EAEAEAEA  帧尾:AEAEAEAE]
[2026-04-02 18:04:52.591] 在线连接:   0  |  收到数据:        0 B  |  解析完整帧:      0 帧  |  发送帧:      0 帧  (       0 B)  [帧头:EAEAEAEA  帧尾:AEAEAEAE]
[2026-04-02 18:04:53.592] 在线连接:   0  |  收到数据:        0 B  |  解析完整帧:      0 帧  |  发送帧:      0 帧  (       0 B)  [帧头:EAEAEAEA  帧尾:AEAEAEAE]
[2026-04-02 18:04:54.593] 在线连接:   0  |  收到数据:        0 B  |  解析完整帧:      0 帧  |  发送帧:      0 帧  (       0 B)  [帧头:EAEAEAEA  帧尾:AEAEAEAE]
[2026-04-02 18:04:55.593] 在线连接:   0  |  收到数据:        0 B  |  解析完整帧:      0 帧  |  发送帧:      0 帧  (       0 B)  [帧头:EAEAEAEA  帧尾:AEAEAEAE]
[2026-04-02 18:04:56.594] 在线连接:   0  |  收到数据:        0 B  |  解析完整帧:      0 帧  |  发送帧:      0 帧  (       0 B)  [帧头:EAEAEAEA  帧尾:AEAEAEAE]
[2026-04-02 18:04:57.595] 在线连接:   0  |  收到数据:        0 B  |  解析完整帧:      0 帧  |  发送帧:      0 帧  (       0 B)  [帧头:EAEAEAEA  帧尾:AEAEAEAE]
[2026-04-02 18:04:58.596] 在线连接:   0  |  收到数据:        0 B  |  解析完整帧:      0 帧  |  发送帧:      0 帧  (       0 B)  [帧头:EAEAEAEA  帧尾:AEAEAEAE]
[2026-04-02 18:04:59.596] 在线连接:   0  |  收到数据:        0 B  |  解析完整帧:      0 帧  |  发送帧:      0 帧  (       0 B)  [帧头:EAEAEAEA  帧尾:AEAEAEAE]
[2026-04-02 18:05:00.597] 在线连接:   0  |  收到数据:        0 B  |  解析完整帧:      0 帧  |  发送帧:      0 帧  (       0 B)  [帧头:EAEAEAEA  帧尾:AEAEAEAE]
[2026-04-02 18:05:01.598] 在线连接:   0  |  收到数据:        0 B  |  解析完整帧:      0 帧  |  发送帧:      0 帧  (       0 B)  [帧头:EAEAEAEA  帧尾:AEAEAEAE]
[2026-04-02 18:05:02.599] 在线连接:   0  |  收到数据:        0 B  |  解析完整帧:      0 帧  |  发送帧:      0 帧  (       0 B)  [帧头:EAEAEAEA  帧尾:AEAEAEAE]
[2026-04-02 18:05:03.600] 在线连接:   0  |  收到数据:        0 B  |  解析完整帧:      0 帧  |  发送帧:      0 帧  (       0 B)  [帧头:EAEAEAEA  帧尾:AEAEAEAE]
[2026-04-02 18:05:04.600] 在线连接:   0  |  收到数据:        0 B  |  解析完整帧:      0 帧  |  发送帧:      0 帧  (       0 B)  [帧头:EAEAEAEA  帧尾:AEAEAEAE]
[2026-04-02 18:05:05.601] 在线连接:   0  |  收到数据:        0 B  |  解析完整帧:      0 帧  |  发送帧:      0 帧  (       0 B)  [帧头:EAEAEAEA  帧尾:AEAEAEAE]
[2026-04-02 18:05:06.602] 在线连接:   0  |  收到数据:        0 B  |  解析完整帧:      0 帧  |  发送帧:      0 帧  (       0 B)  [帧头:EAEAEAEA  帧尾:AEAEAEAE]
[2026-04-02 18:05:07.603] 在线连接:   0  |  收到数据:        0 B  |  解析完整帧:      0 帧  |  发送帧:      0 帧  (       0 B)  [帧头:EAEAEAEA  帧尾:AEAEAEAE]
[2026-04-02 18:05:08.603] 在线连接:   0  |  收到数据:        0 B  |  解析完整帧:      0 帧  |  发送帧:      0 帧  (       0 B)  [帧头:EAEAEAEA  帧尾:AEAEAEAE]
[2026-04-02 18:05:09.605] 在线连接:   0  |  收到数据:        0 B  |  解析完整帧:      0 帧  |  发送帧:      0 帧  (       0 B)  [帧头:EAEAEAEA  帧尾:AEAEAEAE]
[2026-04-02 18:05:10.606] 在线连接:   0  |  收到数据:        0 B  |  解析完整帧:      0 帧  |  发送帧:      0 帧  (       0 B)  [帧头:EAEAEAEA  帧尾:AEAEAEAE]
[2026-04-02 18:05:11.606] 在线连接:   0  |  收到数据:        0 B  |  解析完整帧:      0 帧  |  发送帧:      0 帧  (       0 B)  [帧头:EAEAEAEA  帧尾:AEAEAEAE]
[2026-04-02 18:05:12.607] 在线连接:   0  |  收到数据:        0 B  |  解析完整帧:      0 帧  |  发送帧:      0 帧  (       0 B)  [帧头:EAEAEAEA  帧尾:AEAEAEAE]
[2026-04-02 18:05:13.608] 在线连接:   0  |  收到数据:        0 B  |  解析完整帧:      0 帧  |  发送帧:      0 帧  (       0 B)  [帧头:EAEAEAEA  帧尾:AEAEAEAE]
[2026-04-02 18:05:14.609] 在线连接:   0  |  收到数据:        0 B  |  解析完整帧:      0 帧  |  发送帧:      0 帧  (       0 B)  [帧头:EAEAEAEA  帧尾:AEAEAEAE]
[2026-04-02 18:05:15.609] 在线连接:   0  |  收到数据:        0 B  |  解析完整帧:      0 帧  |  发送帧:      0 帧  (       0 B)  [帧头:EAEAEAEA  帧尾:AEAEAEAE]
[2026-04-02 18:05:16.610] 在线连接:   0  |  收到数据:        0 B  |  解析完整帧:      0 帧  |  发送帧:      0 帧  (       0 B)  [帧头:EAEAEAEA  帧尾:AEAEAEAE]
[2026-04-02 18:05:17.611] 在线连接:   0  |  收到数据:        0 B  |  解析完整帧:      0 帧  |  发送帧:      0 帧  (       0 B)  [帧头:EAEAEAEA  帧尾:AEAEAEAE]
[2026-04-02 18:05:18.612] 在线连接:   0  |  收到数据:        0 B  |  解析完整帧:      0 帧  |  发送帧:      0 帧  (       0 B)  [帧头:EAEAEAEA  帧尾:AEAEAEAE]
[2026-04-02 18:05:19.613] 在线连接:   0  |  收到数据:        0 B  |  解析完整帧:      0 帧  |  发送帧:      0 帧  (       0 B)  [帧头:EAEAEAEA  帧尾:AEAEAEAE]
[2026-04-02 18:05:20.613] 在线连接:   0  |  收到数据:        0 B  |  解析完整帧:      0 帧  |  发送帧:      0 帧  (       0 B)  [帧头:EAEAEAEA  帧尾:AEAEAEAE]
[2026-04-02 18:05:21.614] 在线连接:   0  |  收到数据:        0 B  |  解析完整帧:      0 帧  |  发送帧:      0 帧  (       0 B)  [帧头:EAEAEAEA  帧尾:AEAEAEAE]
[2026-04-02 18:05:22.615] 在线连接:   0  |  收到数据:        0 B  |  解析完整帧:      0 帧  |  发送帧:      0 帧  (       0 B)  [帧头:EAEAEAEA  帧尾:AEAEAEAE]
[2026-04-02 18:05:23.616] 在线连接:   0  |  收到数据:        0 B  |  解析完整帧:      0 帧  |  发送帧:      0 帧  (       0 B)  [帧头:EAEAEAEA  帧尾:AEAEAEAE]
[2026-04-02 18:05:24.616] 在线连接:   0  |  收到数据:        0 B  |  解析完整帧:      0 帧  |  发送帧:      0 帧  (       0 B)  [帧头:EAEAEAEA  帧尾:AEAEAEAE]
[2026-04-02 18:05:25.617] 在线连接:   0  |  收到数据:        0 B  |  解析完整帧:      0 帧  |  发送帧:      0 帧  (       0 B)  [帧头:EAEAEAEA  帧尾:AEAEAEAE]
[2026-04-02 18:05:26.618] 在线连接:   0  |  收到数据:        0 B  |  解析完整帧:      0 帧  |  发送帧:      0 帧  (       0 B)  [帧头:EAEAEAEA  帧尾:AEAEAEAE]
[2026-04-02 18:05:27.618] 在线连接:   0  |  收到数据:        0 B  |  解析完整帧:      0 帧  |  发送帧:      0 帧  (       0 B)  [帧头:EAEAEAEA  帧尾:AEAEAEAE]
[2026-04-02 18:05:28.619] 在线连接:   0  |  收到数据:        0 B  |  解析完整帧:      0 帧  |  发送帧:      0 帧  (       0 B)  [帧头:EAEAEAEA  帧尾:AEAEAEAE]
[2026-04-02 18:05:29.620] 在线连接:   0  |  收到数据:        0 B  |  解析完整帧:      0 帧  |  发送帧:      0 帧  (       0 B)  [帧头:EAEAEAEA  帧尾:AEAEAEAE]
[2026-04-02 18:05:30.620] 在线连接:   0  |  收到数据:        0 B  |  解析完整帧:      0 帧  |  发送帧:      0 帧  (       0 B)  [帧头:EAEAEAEA  帧尾:AEAEAEAE]
[2026-04-02 18:05:31.621] 在线连接:   0  |  收到数据:        0 B  |  解析完整帧:      0 帧  |  发送帧:      0 帧  (       0 B)  [帧头:EAEAEAEA  帧尾:AEAEAEAE]
[2026-04-02 18:05:32.622] 在线连接:   0  |  收到数据:        0 B  |  解析完整帧:      0 帧  |  发送帧:      0 帧  (       0 B)  [帧头:EAEAEAEA  帧尾:AEAEAEAE]
[2026-04-02 18:05:33.623] 在线连接:   0  |  收到数据:        0 B  |  解析完整帧:      0 帧  |  发送帧:      0 帧  (       0 B)  [帧头:EAEAEAEA  帧尾:AEAEAEAE]
[2026-04-02 18:05:34.624] 在线连接:   0  |  收到数据:        0 B  |  解析完整帧:      0 帧  |  发送帧:      0 帧  (       0 B)  [帧头:EAEAEAEA  帧尾:AEAEAEAE]
[2026-04-02 18:05:35.625] 在线连接:   0  |  收到数据:        0 B  |  解析完整帧:      0 帧  |  发送帧:      0 帧  (       0 B)  [帧头:EAEAEAEA  帧尾:AEAEAEAE]
[2026-04-02 18:05:36.625] 在线连接:   0  |  收到数据:        0 B  |  解析完整帧:      0 帧  |  发送帧:      0 帧  (       0 B)  [帧头:EAEAEAEA  帧尾:AEAEAEAE]
[2026-04-02 18:05:37.626] 在线连接:   0  |  收到数据:        0 B  |  解析完整帧:      0 帧  |  发送帧:      0 帧  (       0 B)  [帧头:EAEAEAEA  帧尾:AEAEAEAE]
[2026-04-02 18:05:38.627] 在线连接:   0  |  收到数据:        0 B  |  解析完整帧:      0 帧  |  发送帧:      0 帧  (       0 B)  [帧头:EAEAEAEA  帧尾:AEAEAEAE]
[2026-04-02 18:05:39.628] 在线连接:   0  |  收到数据:        0 B  |  解析完整帧:      0 帧  |  发送帧:      0 帧  (       0 B)  [帧头:EAEAEAEA  帧尾:AEAEAEAE]
[2026-04-02 18:05:40.629] 在线连接:   0  |  收到数据:        0 B  |  解析完整帧:      0 帧  |  发送帧:      0 帧  (       0 B)  [帧头:EAEAEAEA  帧尾:AEAEAEAE]
[2026-04-02 18:05:41.630] 在线连接:   0  |  收到数据:        0 B  |  解析完整帧:      0 帧  |  发送帧:      0 帧  (       0 B)  [帧头:EAEAEAEA  帧尾:AEAEAEAE]
[2026-04-02 18:05:42.631] 在线连接:   0  |  收到数据:        0 B  |  解析完整帧:      0 帧  |  发送帧:      0 帧  (       0 B)  [帧头:EAEAEAEA  帧尾:AEAEAEAE]
[2026-04-02 18:05:43.631] 在线连接:   0  |  收到数据:        0 B  |  解析完整帧:      0 帧  |  发送帧:      0 帧  (       0 B)  [帧头:EAEAEAEA  帧尾:AEAEAEAE]
[2026-04-02 18:05:44.632] 在线连接:   0  |  收到数据:        0 B  |  解析完整帧:      0 帧  |  发送帧:      0 帧  (       0 B)  [帧头:EAEAEAEA  帧尾:AEAEAEAE]
[2026-04-02 18:05:45.633] 在线连接:   0  |  收到数据:        0 B  |  解析完整帧:      0 帧  |  发送帧:      0 帧  (       0 B)  [帧头:EAEAEAEA  帧尾:AEAEAEAE]
[2026-04-02 18:05:46.633] 在线连接:   0  |  收到数据:        0 B  |  解析完整帧:      0 帧  |  发送帧:      0 帧  (       0 B)  [帧头:EAEAEAEA  帧尾:AEAEAEAE]
[2026-04-02 18:05:47.634] 在线连接:   0  |  收到数据:        0 B  |  解析完整帧:      0 帧  |  发送帧:      0 帧  (       0 B)  [帧头:EAEAEAEA  帧尾:AEAEAEAE]
[2026-04-02 18:05:48.635] 在线连接:   0  |  收到数据:        0 B  |  解析完整帧:      0 帧  |  发送帧:      0 帧  (       0 B)  [帧头:EAEAEAEA  帧尾:AEAEAEAE]
[2026-04-02 18:05:49.636] 在线连接:   0  |  收到数据:        0 B  |  解析完整帧:      0 帧  |  发送帧:      0 帧  (       0 B)  [帧头:EAEAEAEA  帧尾:AEAEAEAE]
[2026-04-02 18:05:50.636] 在线连接:   0  |  收到数据:        0 B  |  解析完整帧:      0 帧  |  发送帧:      0 帧  (       0 B)  [帧头:EAEAEAEA  帧尾:AEAEAEAE]
[2026-04-02 18:05:51.637] 在线连接:   0  |  收到数据:        0 B  |  解析完整帧:      0 帧  |  发送帧:      0 帧  (       0 B)  [帧头:EAEAEAEA  帧尾:AEAEAEAE]
[2026-04-02 18:05:52.638] 在线连接:   0  |  收到数据:        0 B  |  解析完整帧:      0 帧  |  发送帧:      0 帧  (       0 B)  [帧头:EAEAEAEA  帧尾:AEAEAEAE]
[2026-04-02 18:05:53.638] 在线连接:   0  |  收到数据:        0 B  |  解析完整帧:      0 帧  |  发送帧:      0 帧  (       0 B)  [帧头:EAEAEAEA  帧尾:AEAEAEAE]
[2026-04-02 18:05:54.639] 在线连接:   0  |  收到数据:        0 B  |  解析完整帧:      0 帧  |  发送帧:      0 帧  (       0 B)  [帧头:EAEAEAEA  帧尾:AEAEAEAE]
[2026-04-02 18:05:55.640] 在线连接:   0  |  收到数据:        0 B  |  解析完整帧:      0 帧  |  发送帧:      0 帧  (       0 B)  [帧头:EAEAEAEA  帧尾:AEAEAEAE]
[2026-04-02 18:05:56.641] 在线连接:   0  |  收到数据:        0 B  |  解析完整帧:      0 帧  |  发送帧:      0 帧  (       0 B)  [帧头:EAEAEAEA  帧尾:AEAEAEAE]
[2026-04-02 18:05:57.642] 在线连接:   0  |  收到数据:        0 B  |  解析完整帧:      0 帧  |  发送帧:      0 帧  (       0 B)  [帧头:EAEAEAEA  帧尾:AEAEAEAE]
[2026-04-02 18:05:58.642] 在线连接:   0  |  收到数据:        0 B  |  解析完整帧:      0 帧  |  发送帧:      0 帧  (       0 B)  [帧头:EAEAEAEA  帧尾:AEAEAEAE]
[2026-04-02 18:05:59.643] 在线连接:   0  |  收到数据:        0 B  |  解析完整帧:      0 帧  |  发送帧:      0 帧  (       0 B)  [帧头:EAEAEAEA  帧尾:AEAEAEAE]
[2026-04-02 18:06:00.644] 在线连接:   0  |  收到数据:        0 B  |  解析完整帧:      0 帧  |  发送帧:      0 帧  (       0 B)  [帧头:EAEAEAEA  帧尾:AEAEAEAE]
[2026-04-02 18:06:01.645] 在线连接:   0  |  收到数据:        0 B  |  解析完整帧:      0 帧  |  发送帧:      0 帧  (       0 B)  [帧头:EAEAEAEA  帧尾:AEAEAEAE]
[2026-04-02 18:06:02.646] 在线连接:   0  |  收到数据:        0 B  |  解析完整帧:      0 帧  |  发送帧:      0 帧  (       0 B)  [帧头:EAEAEAEA  帧尾:AEAEAEAE]
[2026-04-02 18:06:03.646] 在线连接:   0  |  收到数据:        0 B  |  解析完整帧:      0 帧  |  发送帧:      0 帧  (       0 B)  [帧头:EAEAEAEA  帧尾:AEAEAEAE]
[2026-04-02 18:06:04.647] 在线连接:   0  |  收到数据:        0 B  |  解析完整帧:      0 帧  |  发送帧:      0 帧  (       0 B)  [帧头:EAEAEAEA  帧尾:AEAEAEAE]
[2026-04-02 18:06:05.648] 在线连接:   0  |  收到数据:        0 B  |  解析完整帧:      0 帧  |  发送帧:      0 帧  (       0 B)  [帧头:EAEAEAEA  帧尾:AEAEAEAE]
[2026-04-02 18:06:06.649] 在线连接:   0  |  收到数据:        0 B  |  解析完整帧:      0 帧  |  发送帧:      0 帧  (       0 B)  [帧头:EAEAEAEA  帧尾:AEAEAEAE]
[2026-04-02 18:06:07.649] 在线连接:   0  |  收到数据:        0 B  |  解析完整帧:      0 帧  |  发送帧:      0 帧  (       0 B)  [帧头:EAEAEAEA  帧尾:AEAEAEAE]
[2026-04-02 18:06:08.650] 在线连接:   0  |  收到数据:        0 B  |  解析完整帧:      0 帧  |  发送帧:      0 帧  (       0 B)  [帧头:EAEAEAEA  帧尾:AEAEAEAE]
[2026-04-02 18:06:09.651] 在线连接:   0  |  收到数据:        0 B  |  解析完整帧:      0 帧  |  发送帧:      0 帧  (       0 B)  [帧头:EAEAEAEA  帧尾:AEAEAEAE]
[2026-04-02 18:06:10.652] 在线连接:   0  |  收到数据:        0 B  |  解析完整帧:      0 帧  |  发送帧:      0 帧  (       0 B)  [帧头:EAEAEAEA  帧尾:AEAEAEAE]
[2026-04-02 18:06:11.652] 在线连接:   0  |  收到数据:        0 B  |  解析完整帧:      0 帧  |  发送帧:      0 帧  (       0 B)  [帧头:EAEAEAEA  帧尾:AEAEAEAE]
[2026-04-02 18:06:12.653] 在线连接:   0  |  收到数据:        0 B  |  解析完整帧:      0 帧  |  发送帧:      0 帧  (       0 B)  [帧头:EAEAEAEA  帧尾:AEAEAEAE]
[2026-04-02 18:06:13.654] 在线连接:   0  |  收到数据:        0 B  |  解析完整帧:      0 帧  |  发送帧:      0 帧  (       0 B)  [帧头:EAEAEAEA  帧尾:AEAEAEAE]
[2026-04-02 18:06:14.655] 在线连接:   0  |  收到数据:        0 B  |  解析完整帧:      0 帧  |  发送帧:      0 帧  (       0 B)  [帧头:EAEAEAEA  帧尾:AEAEAEAE]
[2026-04-02 18:06:15.655] 在线连接:   0  |  收到数据:        0 B  |  解析完整帧:      0 帧  |  发送帧:      0 帧  (       0 B)  [帧头:EAEAEAEA  帧尾:AEAEAEAE]
[2026-04-02 18:06:16.656] 在线连接:   0  |  收到数据:        0 B  |  解析完整帧:      0 帧  |  发送帧:      0 帧  (       0 B)  [帧头:EAEAEAEA  帧尾:AEAEAEAE]
[2026-04-02 18:06:17.657] 在线连接:   0  |  收到数据:        0 B  |  解析完整帧:      0 帧  |  发送帧:      0 帧  (       0 B)  [帧头:EAEAEAEA  帧尾:AEAEAEAE]
[2026-04-02 18:06:18.658] 在线连接:   0  |  收到数据:        0 B  |  解析完整帧:      0 帧  |  发送帧:      0 帧  (       0 B)  [帧头:EAEAEAEA  帧尾:AEAEAEAE]
